t_ms,ax,ay,az
0,-0.45765892778795214,0.2682859102104408,9.847252272386186
20,1.1555529401070268,0.7727148610108885,9.746989156494438
40,1.3240860102152907,0.7423235401599844,8.90564392257863
60,0.14874119124197457,0.6271237983758635,9.455675686406636
80,-1.1696337076767165,-0.8317018284982827,9.949379679028103
100,-1.3363460651598975,-1.2614950813422972,10.187040139894858
120,-0.48032458856959953,-0.27714148244578124,8.90123636936124
140,0.9166803715696291,0.9556608094030219,9.660630407483279
160,0.9583381083674168,0.7449117481389151,10.058573250676858
180,0.2940319216021697,0.08943734424069322,9.977491709293444
200,-0.8408987284281464,-0.35966776043630855,9.614659202859777
220,-1.7428184885592406,-0.8038113253842859,10.00013363362762
240,-0.9438492011701451,-0.3450818877788495,9.60699549484535
260,0.7334966366416346,-0.025833404824264217,9.76743540549965
280,1.55856605179604,0.9382843563563901,9.340092655746185
300,0.6971962074440476,0.37177234124387293,9.500915983132845
320,-0.6287476120082145,-0.22820480344028882,9.651025529154886
340,-1.5613049369400647,-1.003990828123765,9.997793061322945
360,-1.2276978575301347,-0.48952423808277157,9.366568644430703
380,0.034437563680480565,-0.1321310636056748,9.434932586595396
400,1.2087580889239349,0.29447537360227094,9.79897773041773
420,1.1210140982929495,0.7149209731887483,9.973467155014205
440,-0.5471669988038507,-0.20951616349080515,9.513059622841471
460,-1.2523369873138983,-0.8004287197269848,9.900318961322583
480,-1.5427165560390352,-0.6883215642925401,10.088269472814773
500,0.22482066025143652,-0.13517555570687187,9.621907930810428
520,1.2051132674295257,0.7680440729912926,9.8631481501566
540,1.7854564535884756,0.8317339716793811,10.265334433010928
560,0.2891369839431598,-0.060017128143182025,9.097044722122849
580,-1.547617858725944,-0.5904723332122531,9.561466514140823
600,-1.515706810737341,-1.023042695464855,9.38229224131822
620,-0.30628543677319636,-0.3349219392326853,9.867194393562528
640,1.3470588041923115,0.505042856575736,9.519888963263464
660,1.0830622065909632,0.8954376486675534,9.582356534820544
680,0.9487061794763638,0.2560718181668466,9.888405497781898
700,-0.6947810217350066,-0.7332812379258489,9.914984500393034
720,-1.7623793619252341,-1.0053629211042612,9.060872533147965
740,-0.8299816022884237,-0.2509428600988165,10.012860987740172
760,0.5701769894375304,0.6530210839513924,10.219910203253296
780,1.3043288909448705,0.8011289478627318,10.06607461994069
800,0.5286779328745415,1.0704825922935068,9.481948592699807
820,-0.7248117045407759,-0.32133371165807073,9.628245395995055
840,-1.2113029263317525,-0.9555914526876677,9.54904359262536
860,-0.8843097614359766,-0.9743664620679939,9.278263195788202
880,0.3877580173358184,0.09469334286538603,9.718901504017154
900,1.7955019450869478,0.8416492404137348,8.998822168639393
920,1.4764326780808046,0.6360093447659949,10.154154749660282
940,-0.26432665263548416,-0.1891916841910255,9.356376130868801
960,-1.627400022797224,-0.7904313646519868,9.553428206216873
980,-1.103664707323553,-0.31321751501251816,9.99496098270034
1000,0.011882575321607584,0.28536875135580336,10.166727430913715
1020,1.3660368489356056,0.939426166503886,10.301012636784122
1040,1.381156708080727,0.9331244012238051,9.715293487630001
1060,0.05144377513466597,0.2228913692789498,9.381894210969305
1080,-1.2505337739728926,-0.9459771299731572,10.130293022335692
1100,-1.4572859436468264,-0.6426441707969341,9.671103269429048
1120,-0.6437534018657437,-0.5421272096782597,9.83862457647095
1140,0.8349367649216218,0.4779939554483532,10.310051998871554
1160,1.5486394776723016,0.9719474276637037,9.944781483875392
1180,0.469457331040504,0.07515439749461944,10.339474323352563
1200,-0.8388592234341515,-0.790942875095511,9.303389109912422
1220,-1.3520049011314559,-0.9869040542394631,10.335881638592125
1240,-0.7583460563783644,-0.3289793593036549,10.129232063277945
1260,0.8715492625585596,0.7191747335866666,10.176418388659377
1280,1.3854888370446148,1.0608611295947505,9.757154407189914
1300,1.1599266546959641,0.7465733408553301,9.28159728537662
1320,-0.8089260763077761,0.030942174981279158,10.008994195793827
1340,-1.1260074749679767,-1.431512976946217,9.762457449859488
1360,-0.8448919479398973,-0.5692859615907835,10.04654458669059
1380,0.5269313210382687,0.4379039165256865,9.203561291018612
1400,1.4196668985797773,0.9453827617022406,10.332727671736555
1420,1.2632331754072548,0.5810309675922043,9.615401194210728
1440,0.17147761190457583,-0.2760060061695579,9.276487100775764
1460,-1.6833151345569448,-1.0567327034426175,9.598250057637669
1480,-1.070479623129485,-1.165008206607749,9.556704840354998
1500,0.005731378874540238,0.11609137533499662,9.892901259196984
1520,1.1399950971614388,0.7330988215080857,9.681838608377925
1540,1.2480356160139512,0.6406755635245958,9.910030979844967
1560,0.2998546149017127,0.2183408734583038,9.915127376421678
1580,-0.8823603129151295,-0.6900039067575903,9.983043751875384
1600,-1.4709670265941384,-0.8483314120010707,10.151237086530857
1620,-0.6225299183685452,0.09755107265443183,9.883890413776367
1640,0.6842665684443376,0.18117850381545142,10.418559141369387
1660,1.7626895404210863,0.8271354743179249,9.431875763729382
1680,0.5368872845505315,0.2407270629756614,9.758046810710661
1700,-0.6682300623989634,-0.7538762712282395,10.00549853710423
1720,-1.834448868034731,-0.8416823365391506,10.198454471571802
1740,-0.5910313833060936,-0.4996730009449524,9.697401351706143
1760,0.6821473927543731,0.5498935636125508,9.523872694535878
1780,1.4059217437184097,0.919527820779543,9.439676651833697
1800,0.8124894340536016,0.6596555990113897,9.619837916164807
1820,-0.2943834972463698,-0.061619932957579227,9.583871820549268
1840,-1.923522236537633,-1.130947365199485,9.836898155161604
1860,-1.2664442493584658,-0.48637401917686207,9.762300810881232
1880,0.6108356736056253,0.5005602469132413,10.550079656933567
1900,1.1393142273625172,0.7292122276480031,9.71901400097214
1920,1.0710315065436973,0.5897339422664426,9.774199440471952
1940,-0.4111413772592797,-0.044654918967083665,9.529825095555433
1960,-1.1268492202203395,-0.6101690897184825,9.480567789969934
1980,-1.0159214499339264,-0.5901929176839689,9.715117759214243
2000,0.26969865729627795,-0.017949855885007058,9.721883501992908
2020,1.5413979347199547,0.8136521062642731,9.586718410407526
2040,1.1641056515690726,0.748920827104802,9.41159745594457
2060,0.21001851288235612,-0.037240993688064314,10.41517213874974
2080,-1.1433932442775279,-0.7279765650739727,9.718888706210784
2100,-1.2827402406363126,-1.1354324679613326,9.667228806334979
2120,-0.1363048099633725,-0.010704962115714145,9.658830992996066
2140,1.0883754735560034,0.7706520163547719,9.632002534823728
2160,1.2068493017495767,0.9911489746679437,10.352427021272145
2180,0.402128451743948,0.409120353830106,10.134495545148685
2200,-0.8725110937269518,-0.72369406489816,9.589615070013025
2220,-1.6659704631084218,-1.0279486005601153,10.16528979392338
2240,-0.9071854495607213,-0.2550547329107383,9.707388925055184
2260,0.5241346264443495,0.7529892482155944,9.630306797459518
2280,1.0795632511557243,1.2737862721651663,9.80072837210066
2300,0.7138633262565701,0.4593278817197089,9.471364308866146
2320,-0.5265272399749668,-0.5238395469431117,9.716086164493985
2340,-1.2927288519580546,-1.0768969417713632,9.565702915866554
2360,-0.9579546660049221,-0.5742485340750167,10.15035185088423
2380,0.6000137512487161,0.15069132618506098,9.421437861504703
2400,1.4576094419399974,0.6290307608385065,9.791396117823945
2420,1.4899936230550073,0.49423052177592286,10.261632543048535
2440,-0.4235990069935582,-0.1879554333539435,10.080599224501526
2460,-1.4356866649702198,-0.971223306895771,9.478098352727944
2480,-1.0178536893307082,-0.8057669035120336,9.34894820274759
2500,-0.3831955111235865,0.285686993285406,10.046920904418055
2520,1.1980511888489334,0.8856360628727169,9.79987913569032
2540,1.2677931680616226,0.6882215487597866,9.608576506089104
2560,0.014445025448465099,0.4575608062404089,9.952435616093771
2580,-1.4776508476946155,-0.6392403065157073,9.948662989339729
2600,-1.2566471328268525,-0.5052447339624682,9.943005562129338
2620,-0.6172098657586423,-0.21025883320469899,9.683900169216267
2640,1.264113849083059,0.37476385745510377,10.109426910252223
2660,1.2695913415007072,0.7814351737024803,10.162002138891983
2680,0.31793386240237864,0.3237442597018555,10.068411463410275
2700,-0.4954178335475196,-0.5369098666200195,10.232444730759475
2720,-1.27886048280675,-0.9154190071793872,9.531981187711482
2740,-0.03048426328427367,-0.6905537295053411,9.620817930165288
2760,1.0002130446052324,0.6033570187024077,9.923511052524404
2780,1.5108564413640058,1.1282809846320783,9.972764108005839
2800,1.0151123201300447,0.31202861512490754,10.654060870963013
2820,-0.7679071014668919,-0.42612984575949836,10.312720695727903
2840,-1.321111853481899,-1.0443777112159127,9.5415884019516
2860,-0.9134933883239787,-0.8039456478557295,10.009082473490313
2880,0.5473077981504276,-0.04785750504259778,9.58630973156994
2900,1.7416933162607848,1.1169478453067634,9.388601590039302
2920,1.451768227632923,0.9735286291998785,9.909109915340428
2940,-0.5233045545858619,-0.18599104098356428,9.629567264780778
2960,-1.4285658077591559,-1.0441090565805464,9.625896360850868
2980,-1.074163250544588,-0.8400517152283388,9.471047594851283
3000,0.11974285236540956,0.04380161434435505,9.928380296222892
3020,0.9896809484204764,0.7749765928900965,9.343747724478808
3040,1.4041336376318843,0.5124105219491424,9.937982699679178
3060,-0.09065090690842675,0.07124182569164439,9.669002888381028
3080,-1.30275182904898,-0.880936224408743,10.268584744653554
3100,-1.3985093079760174,-1.2580283861899106,9.939657389926914
3120,-0.30712830455738865,-0.5469310949755062,9.978342028586612
3140,0.9340784125576429,0.5109460405425428,9.663297036281934
3160,1.6836807310914659,0.858245248085721,10.086392838248633
3180,0.4960801641815539,0.5320650591222573,9.507094212384638
3200,-1.0242212525486272,-0.7954698544924209,9.422450502116998
3220,-1.5732721228778943,-0.4833482767819405,9.612034660048414
3240,-0.8572183281676551,-0.20785060628600951,9.675054519774863
3260,0.8283108580141549,0.6624420725235379,9.463510991846778
3280,1.5759150150037773,0.9918457395920217,10.037833857078935
3300,0.7283369277635815,0.6071194242938028,9.9153466638219
3320,-0.768157782450852,0.24965995517101774,10.135932865610217
3340,-1.29024916923534,-0.5987806400792322,10.100442950812553
3360,-1.1547057381034471,-0.37610690854564033,9.357673683480197
3380,0.19166469538836162,0.05964450763343346,9.252416530350812
3400,1.3554002305966806,0.8605814930645328,9.673374100376313
3420,1.335221816444062,0.47380487146565575,9.8176323074318
3440,-0.2420516048890605,-0.06913409764856741,10.009639277041655
3460,-1.2250458103857391,-1.0488705456727176,10.174084119745181
3480,-1.240359920095857,-0.8080564485318369,9.814647694164602
3500,-0.0027260038458523407,-0.21851338137968357,9.794740293223933
3520,1.5622767121844432,0.6944049873730873,10.068523907874678
3540,1.1752578394272326,1.090694177535498,10.342391390705668
3560,0.18619162452713,0.19778007905773776,9.439113479574432
3580,-1.2300517371963868,-0.9882838733915409,9.938547784442067
3600,-1.4920556790056694,-0.8688903962509703,9.634342747309216
3620,-0.3205630716426425,0.21791175921157716,9.492784742964968
3640,0.7492005872751393,0.678772844748194,9.431335333643649
3660,1.537491476400949,0.4580359971118297,9.77041909118539
3680,0.7759605136206963,0.20059103089239094,9.45290742541459
3700,-0.7935698695030874,-0.2431043506087469,10.521574053971362
3720,-1.6569150135346404,-1.0305572167665404,10.003312284712575
3740,-0.9571623507390862,-0.357623799355419,9.758419116043337
3760,0.9514847943038672,0.5454952489208145,9.926008595559193
3780,1.6436172535020852,0.8871481735748374,9.542925364144214
3800,0.7918235488576917,0.44446732991082955,9.491299482950179
3820,-0.6223889100224396,-0.6662680971962751,9.455243452391082
3840,-1.4656795060639325,-1.0167711719642656,9.190727448097785
3860,-1.0383944670395977,-0.4325784866551142,9.980482303509266
3880,0.3227325524449243,0.43484246637629964,10.060451208164377
3900,1.601050155019446,1.2157857699030612,9.399778237289754
3920,1.4772542610257402,0.8447332378319083,9.73460144064737
3940,-0.07994991757803982,-0.03228150780223754,10.158480313400183
3960,-1.0866700444552588,-0.6626797370579431,9.795861317426468
3980,-1.215539960852707,-0.6038297828615985,9.730360855142495
4000,-0.19201558215035242,0.2715288510843194,9.916098472962389
4019,1.5536727815945683,0.4657943660338789,9.994620575492968
4040,1.219349723066479,0.9323764016450827,9.58539998659653
4059,0.17540330780666463,0.31391816639350156,9.88690581775214
4080,-1.2743888045523253,-1.0176904804847482,9.99009501436044
4100,-1.3834476049403108,-0.9294828327574216,9.368232826636557
4120,-0.379271214856554,-0.47842580045685834,10.168627187037671
4140,0.9786067196757127,0.583826574843894,10.041098905014692
4160,1.411333389240842,0.6823994958906728,9.987181376058857
4180,0.5221337500875497,0.44974343683646395,9.451621777151916
4200,-0.6672402840969058,-0.7526607342817068,9.825971415886816
4220,-1.343609373072919,-0.8268604392222259,9.103128656639637
4240,-0.7415208292373227,-0.5830796794106227,10.06237143656266
4260,0.8329735749356979,0.730067551885855,9.910644696578885
4280,1.4479112758340802,0.4407026658025381,9.990547190824605
4300,0.8989981234019295,0.7757298963525113,9.593140836291514
4320,-0.5094859475580988,-0.20446458712285162,10.102467441560691
4340,-1.5214458542429212,-0.5769585447850237,10.345787732071699
4360,-0.9354474144268698,-0.9157808876285689,9.901037488605127
4380,0.230023784585556,0.1258285540363458,9.944620085660661
4400,1.4724050277050489,0.9239894716493188,9.623454756865591
4420,1.011934369357356,0.5773960221223051,10.270853880176693
4440,-0.38846662075324756,-0.2792704129138346,9.873131383116826
4460,-1.355477799716656,-0.9145661363149233,9.789266882306308
4480,-1.3176533096536427,-0.8164058574574174,9.595694396264488
4500,-0.11330615581885813,0.4281688937204782,8.813096828082914
4520,1.5444777398567824,0.8071481167531431,9.799951293943677
4540,1.4030162594164026,0.9432103360548391,9.864756107857415
4560,0.389438079797502,0.2376454411831411,9.435486476214987
4580,-0.7789812601602861,-0.5874751406044902,9.909361650762902
4600,-0.768388195301853,-1.190597570595384,9.872660538449615
4620,-0.6612632793637976,-0.24632850288095245,9.935948143763307
4640,1.1556262059811115,0.6505382295690103,10.116648686649771
4660,1.3688242457063364,0.8992262990473769,10.106090192704285
4680,0.4836089608670591,0.28275036314599744,9.92140803736603
4700,-0.9886733505411291,-0.49988758002579387,9.503403877422292
4720,-1.4551223165134113,-0.8588796871983317,9.515594633411565
4740,-0.5440661081048527,-0.8251137911172253,9.919257772957277
4760,0.6451642206975771,0.3967779602514397,9.216183605945831
4780,1.415436456585147,1.1210030455778124,10.16127876785743
4800,0.518180260951112,0.8359848197807414,10.223576235133859
4820,-0.8247154233578597,-0.4824104388905207,9.661863329281273
4840,-1.309344494257025,-0.946299140534001,9.662178159450278
4860,-1.1168788229027204,-0.4362088627584869,9.853314608140924
4880,0.6054437219947113,0.3799677995957322,10.75575410165384
4900,1.3398434669353845,0.8448008342025874,10.115575420576647
4920,0.7674178016954781,0.8087857160893537,9.986179387075357
4940,-0.08232258914495408,0.038182255472474,9.7822997204568
4960,-1.2237744684305722,-1.0548244984874506,9.602734305692058
4980,-1.3317547826103342,-0.9369449810906763,10.117543712422442
5000,0.11047826076590651,-0.32576094386847226,9.869771467007363
5020,1.3028503193777816,0.6845043703672347,9.833051732451779
5040,1.3118809942817928,0.8502686537542373,9.626739290901991
5060,0.1657025218157487,-0.217140529804022,9.912665321757581
5080,-1.4134020742408415,-0.7043982563998868,10.273854465904144
5100,-1.6062387624227972,-0.685519460646286,9.379259869988548
5120,-0.6445513238075247,-0.4772136497631889,9.659083278985358
5140,0.7763575148127264,0.6071056802432584,9.431129529057024
5160,1.4883200596315675,0.9944874259554703,9.953265251832303
5180,0.5915699987932417,0.38943614984569175,9.643320873836885
5200,-0.7062616442542081,-0.41492748569745636,9.772458546977086
5220,-1.4318765120435042,-0.6530801340255314,9.919112647490383
5240,-0.6763012253766869,-0.7398526063830582,9.62318720719024
5260,0.9552955152786001,0.5064907019320817,10.037283873587747
5280,1.8438566782090418,1.0531958332693994,10.171713731589563
5300,1.1756844416718466,0.6032802982755798,9.955509472171553
5320,-0.5407581166281162,-0.28928834084174154,9.63805763806848
5340,-1.5842503187740096,-0.8415049793022102,10.36990416728698
5360,-1.0147442859912557,-0.7557967591419414,9.942369177976147
5380,0.3818228695872928,0.20909385201683564,9.802049473127969
5400,1.2633585153791256,0.965495638463944,9.845291506772204
5420,0.48348865166126886,0.45944062533107055,9.474310469743326
5440,-0.17392665140288685,-0.26149763087162187,9.809794058540083
5460,-1.2989110615421404,-0.8877142533793756,9.486779010232992
5480,-0.9546555555924554,-0.7153378731691011,10.291279321327922
5500,-0.08051533979325791,-0.23215131239157893,9.489978399383935
5520,1.1697216717710806,0.8201830816981015,9.819760057830091
5540,1.3801007781380135,0.6881552995114785,10.084948969157637
5560,0.33857886609905075,-0.16536008849381295,9.613011156080201
5580,-0.9818030362414963,-0.4717628665449215,9.532145624928123
5600,-1.3179834064931482,-0.7624773279059941,9.461172249935661
5620,-0.45966768647847234,-0.04902885018207592,9.606034059141145
5640,0.6746851975235266,0.6229811849033842,9.720592117882687
5660,1.43718044504166,0.6169370196630666,9.544924059635882
5680,0.6013745540578448,0.12000354976390848,10.142825730701194
5700,-1.0065293531365107,-0.4113546395054709,9.75308775716833
5720,-1.2052090361023768,-0.7233503628560878,9.501259907570091
5740,-0.9929720220912607,-0.5135846783450816,9.701616528057297
5760,0.8363309074700396,0.857382027280456,9.586083395885122
5780,1.453068873007388,1.0127059733531028,9.84025948084021
5800,0.8922795544056752,0.41889326415947453,9.546966449197237
5820,-0.47977877271253355,-0.8290830054573981,9.901627228871847
5840,-1.4747382811570875,-0.870032706511376,9.477586245387759
5860,-1.0487635422574975,-0.44206809896712707,9.595330981307109
5880,0.6230606127340628,0.1553689688663697,9.578585552849143
5900,1.323344257744869,0.9806816507871436,9.656601388001796
5920,0.7719801506207125,0.7499558948939621,9.742325441591058
5940,-0.21945673167497293,-0.18820561859639584,9.669606895126675
5960,-1.601063418134167,-0.8486010202180557,9.92505471327994
5980,-1.0388637855806682,-0.799754786188576,9.883164293937671
6000,-0.01019876043232544,0.1475149066534371,10.399632551526683
6020,1.234697415669739,1.0076515202205054,9.552927244867439
6040,1.2195770203101386,0.7332867181270867,9.892661173279594
6060,0.5105786241227337,0.14275015146048992,9.703796321825793
6080,-1.528007847826093,-0.8089018706923863,9.749410679011396
6100,-1.5228310605756632,-0.7567245026408626,9.80463711071035
6120,-0.4342552129628896,-0.06775365152013105,9.746897044628675
6140,1.3653158311312783,0.7426832687108283,9.273483607923868
6160,1.5650801509922303,1.0409118534143462,9.918230075364235
6180,0.42730812066344415,0.5428864325664492,9.119083768767801
6200,-0.8191557362176901,-0.4086661376511908,9.387659893622807
6220,-1.469444065957411,-0.70548412710978,9.691684828347435
6240,-0.7609767923596771,-0.4143268578356403,9.486783735612647
6260,0.9472147747182913,0.1904475892870065,10.137751863440617
6280,1.2754849686748273,0.6702327113909096,9.85498180490817
6300,1.1727180774942378,0.3595028178827083,9.527066249948097
6320,-0.7506728924730162,-0.4857360008071697,9.763668514453633
6340,-1.7596626929571513,-0.6689846226997063,9.783842548707904
6360,-1.230776276989125,-0.6424234095357036,9.76986155282764
6380,0.36616343146460695,0.38908505516871505,9.801891091212712
6400,1.419527780844076,0.7760074713635305,9.838409671149025
6420,1.2129093613301907,1.0446531181661671,9.776993293998245
6440,-0.028111885723748425,0.1467362279558752,9.790428848726688
6460,-1.339027248660518,-1.3384749784008334,9.621766827589964
6480,-1.4012938242287571,-0.8714804599079897,9.752016878965467
6500,-0.11568776581308622,-0.24748214669462043,9.787494602892197
6520,1.6857801589758648,1.0956930556697442,9.674372929348158
6540,1.496663123224435,0.8891210399056914,9.802885602579334
6560,0.15547134729780485,0.21604832160103735,9.634479434287218
6580,-0.9024609008241165,-0.7098439143005008,10.135414980126276
6600,-1.7567981216159083,-1.013398963512308,9.451208606302552
6620,0.06674274011186987,-0.02460878451651241,9.499448024311102
6640,1.043141804732892,0.47832743491817387,9.437266275295997
6660,1.7702633471123492,0.8936781481476394,9.576975923238182
6680,0.5265160842575412,0.2689897730436521,9.79099721518621
6700,-0.8633177154180054,-0.4213648285214407,9.734541290096564
6720,-1.6181226987213901,-0.6499665102274332,9.408089642551182
6740,-0.9250440427748114,-0.6664365170698895,10.333025781391756
6760,0.334521194473786,0.3693686060471433,9.758774934412966
6780,1.727135314781885,0.7422655714797649,9.837938763768761
6800,0.7467529144014095,0.1830694752235416,9.967721767589195
6820,-0.5840065752853997,-0.7384957963844467,9.434211676689758
6840,-1.8298961793539785,-0.4983584895038472,9.887325801346064
6860,-1.136141131822146,-0.7743950819169452,10.255383468505059
6880,0.6520041428112455,0.2232108122926301,9.926392649876506
6900,1.3923962725846755,0.9594089128901502,9.968996594346937
6920,1.4950385560938808,0.9190893921498748,10.243749965260795
6940,-0.08944114134267066,-0.04319875542974702,9.738860952223156
6960,-1.0561177647255489,-0.7052544567401542,9.488010000946977
6980,-1.4779759938497006,-0.6992258609802636,9.455964089838695
7000,0.2773583352248585,-0.15547629819076558,10.123995412968315
7020,1.185459093768667,0.8827141776154457,9.961224938687007
7040,1.3238080848408753,0.5892450456930712,9.50152879793358
7060,0.5534243128538476,-0.008643096347111565,9.557636724807802
7080,-1.148160269468404,-0.830557973211653,9.863742559135579
7100,-1.3972191281670343,-0.8340631241517849,10.046299752215873
7120,-0.29586337583591604,-0.01582939619112983,9.917175825746522
7140,0.6130370396816169,0.32604163333526787,9.644181425579932
7160,1.3073830951198042,0.9938270760667018,9.858475462491555
7180,0.45263649712917786,-0.20146921888279096,9.88243202292368
7200,-1.0315287316959847,-0.4218753644794613,9.27076275820474
7220,-1.6707793237493442,-1.024353586612365,9.80915668818281
7240,-0.8340723878993215,-0.4892180357936433,10.211508250181236
7260,0.6421863024123398,0.4523185281510681,9.494032269372166
7280,1.7933363341147492,0.9463873500973856,9.60504160276811
7300,0.906707672129982,0.5764424336906334,10.150085610144087
7320,-0.7645457516377777,-0.33903138925850906,9.932246691513722
7340,-1.5603817958245492,-0.6656186433825003,10.286158622530404
7360,-1.1058219898716315,-0.4518368778151346,9.316324755047798
7380,0.35128775296025977,0.2917934380435408,9.73418029349944
7400,0.9541860324350135,0.8773079189121746,9.702626943728472
7420,1.1102790390387256,0.7414253334310841,10.242903519171417
7440,-0.44745758451722045,0.06009787508171409,9.748372463921383
7460,-1.4947551846803426,-0.5201752823820218,10.25174982723505
7480,-1.137933725663038,-0.7521767368578258,9.897009816864061
7500,-0.024179421930610227,-0.10793803355082876,9.60065187799555
7520,1.3640972656009256,0.5400239866617274,9.606374805892614
7540,1.2716577845972001,1.032549691497217,9.40588425119083
7560,0.10432761167867782,0.02356530680056461,9.372096433837772
7580,-0.9949135528449169,-0.9668095532328649,9.709571610188378
7600,-1.215017982819274,-0.7324381437920577,9.718978116108694
7620,-0.2100674681271055,-0.12039595985701164,9.650838291838602
7640,1.2909695021720302,0.39173641248712765,9.543010400130191
7660,1.3706545368078245,0.9182303688624006,9.508766711254781
7680,0.4684545275616716,0.4161931112513609,10.696888285000039
7700,-1.0815430367783292,-0.41808680971159035,9.673369130231873
7720,-1.4414200945554612,-1.0073316496257227,9.824294190154543
7740,-0.9421394675728987,-0.7934157549226433,9.972351122731766
7760,0.33895515807376253,0.6071490725420116,9.738016460956127
7780,1.3639402088532648,0.6260793085664675,9.688740088580959
7800,0.9984663136994036,0.6413597518342374,9.875292259142299
7820,-0.5996896674464042,-0.07600387821917787,9.498470770423756
7840,-1.490285652383766,-1.0569723192118428,10.11481287391558
7860,-0.9476889206768649,-0.46564607887662657,9.376875306690343
7880,0.3477800288957341,0.29168276735320503,9.810369922191668
7900,1.1767476907351404,0.9317227553057505,10.11444948155264
7920,0.8716951750602075,0.47997715212042225,9.750609817714887
7940,-0.7692275342616649,0.20899514678000847,9.849773075403021
7960,-1.5939986498259562,-0.7669790545518886,9.435616946120788
7980,-1.2084925669240147,-0.9999019268732319,9.556116666054603
8000,-0.04862079704868115,0.09153161558519039,9.879194581984676
8020,1.3102639469007822,0.8524225706220434,9.974622120286707
8039,1.524602845696179,0.6332280747286033,9.80929570212783
8060,0.18640960353042296,-0.09197021586942285,9.946853341361281
8080,-1.3146626628142142,-0.6530359032088046,9.932132279284852
8100,-1.3532581526467413,-0.652650214002873,9.853769398864538
8119,-0.5168257936766166,-0.19786384391341802,10.052621528226831
8140,0.5912597051054472,0.3962395660931942,9.583120344483053
8160,1.4174539478301884,0.8954591501659666,10.46445452694569
8180,0.6610375257299812,0.41096698341174687,9.100900278321681
8200,-1.014222848953239,0.034486273820588886,10.056203035703895
8220,-1.346701531183375,-0.8718970024572023,9.482329549319056
8240,-0.9277034203189123,-0.5019708973990904,9.970754083615528
8260,0.31967995637388913,0.49469709297651754,9.663903229477029
8280,1.2194857851284087,1.2928109950951492,9.353250099621322
8300,0.7897198387303002,0.44198476430436007,10.18292045973553
8320,-0.47331797958621047,-0.6074773608255613,10.445648306073942
8340,-1.5422918404548651,-0.9703851731968753,9.575945168323363
8360,-0.9373227469353552,-0.257671497456733,9.718594206029813
8380,0.47699847342041174,0.25527434644022234,9.667238590031667
8400,1.6375025382004236,0.9610953063997338,9.76723230722436
8420,1.5190975466748298,0.6583707715618919,10.074210712320959
8440,0.022411495548533805,-0.003280227833565977,9.630677150988513
8460,-1.2591966261771161,-0.7043622986451257,9.935607587801563
8480,-1.1330974956538122,-0.599515861085473,9.337303349981042
8500,0.14856969185058191,-0.24790617569281254,9.87134742919475
8520,1.5448039163246734,0.5212689174765341,9.788484338205237
8540,1.4095572493279782,1.1300666205515675,9.931074554075705
8560,0.40029850007513657,0.09910713699255766,9.687368360845294
8580,-1.0792901114542766,-0.5080235420550931,9.586944248031138
8600,-1.3125822886860599,-0.8106965060488353,9.915291065188017
8620,-0.20613596730223857,-0.06601064849071106,10.017888956312616
8640,1.3372602030253185,0.40639035570663795,9.703890904952104
8660,1.8694521531507793,0.48178226002612223,10.17131693717364
8680,0.34721304319833823,-0.019838000631725305,10.134947303731545
8700,-0.9571789484275033,-0.3713937863137091,9.934218762460565
8720,-1.2013758759809663,-0.755547441998994,9.571970238620812
8740,-0.8429961396720326,-0.570796222640694,9.845422057565854
8760,0.8355718019985923,0.33694660551927563,9.856373281748168
8780,1.4800234954822729,0.8454496814766292,9.923696849629781
8800,0.8371615339651554,0.420753398292879,10.015103790118037
8820,-0.6584334517988925,-0.22811774561346015,10.187511199713088
8840,-1.300772504530826,-0.6528974107528948,10.211499449477065
8860,-0.6119493045719787,-0.5512562118375494,10.061339892679403
8880,0.13013995849696836,0.24427055685611204,9.8739107437549
8900,1.520100199148852,0.5073119572773541,9.830618942468407
8920,1.5290577033819175,0.8142593768612676,9.510847378070594
8940,0.01922929960344691,-0.19484598553415416,9.359081721093538
8960,-1.3699751627989174,-0.8567767327161885,10.093953167182034
8980,-0.9736037920633738,-0.6347742120577166,9.654526683490127
9000,-0.25610417898327204,0.08417565866294302,9.379987912932345
9020,1.327144219689345,0.7550894600275461,9.585146532832432
9040,1.3529414332181284,0.4586694563364601,9.58461298906292
9060,0.3491598127639844,-0.14006689737301659,9.630563430028477
9080,-1.038394277146029,-0.9521577923710784,9.652608207552914
9100,-1.363579834425182,-0.6591913320421379,10.160058587920291
9120,-0.39872196834437634,-0.24421028379964232,9.84473641839674
9140,0.6492737904340138,0.15349957145237603,9.439236514790078
9160,1.241640435113221,0.8741778373225333,9.575054285711067
9180,0.6654467731986122,0.5194919680687949,10.093884315924939
9200,-0.7776135770966509,-0.3601173087584888,10.11353420536071
9220,-1.3078585251392294,-1.2662975670667962,9.652580611381346
9240,-1.0271472563972033,-0.20569693574683884,9.745229474414009
9260,0.9707421433459182,0.4048597896390799,9.653072949654488
9280,1.3335816883301679,1.1361730856263221,9.91735268645615
9300,0.9750537674743052,0.8523055339098182,9.673997100267309
9320,-0.39634487643091343,0.04871188668858478,9.634220118939743
9340,-1.30616415075137,-0.8020757646883468,9.290706391402935
9360,-0.7891919371573062,-0.8127631387165164,9.879277849799557
9380,0.542985019307545,-0.20779095690278665,9.65574295589893
9400,1.6319520937784304,1.0373928382247506,9.984377801326174
9420,1.0763451777456496,1.0732465789242216,9.522306884189746
9440,-0.23649026604203877,0.11106670765635922,10.135422828200472
9460,-1.6643410413887918,-0.8136312137991193,9.737943752077102
9480,-1.1541859123810965,-0.7460559279275065,9.93006937422577
9500,-0.2714050332813472,0.11363206099224066,9.829192599576222
9520,1.3560639932929635,0.8519875001412498,10.078573316133857
9540,1.429308858633817,0.6933136794368928,10.002549685496025
9560,0.10726606818497494,-0.19356706708894067,10.048584714865358
9580,-1.392743728016428,-0.5508536670894643,9.842878977786109
9600,-1.5583435982730351,-0.9620811769986685,9.890527208542993
9620,0.015330804904356177,-0.26941066965242044,9.935689505064474
9640,0.8020246166057655,0.46816536200946457,9.976875230480836
9660,1.5209361906579093,1.154518354640354,10.069771779560536
9680,0.39916714843363543,-0.07571279076750825,10.147056490499256
9700,-0.9400558971117947,-0.5672856931919105,9.565257010874085
9720,-1.4067804887305309,-0.7027176695238516,9.322586325291944
9740,-0.6719034851809362,-0.49607357393691803,9.758742038353267
9760,0.7476188346524376,0.3881188582551341,9.770942601290406
9780,1.4132771069177603,0.6385073522264173,9.677431024075435
9800,0.8816729587111005,0.6012121624171601,9.487391711971588
9820,-0.7409828500147767,-0.2889903441095656,10.076190689806056
9840,-1.4607396786514544,-1.065702207522109,9.67612488707865
9860,-0.737415386486767,-0.8625646910911071,9.830855947317943
9880,0.43879733981662183,0.2376979714765478,9.580275835284617
9900,1.3773719259985429,0.7654491426064212,9.829562314255204
9920,0.8789478446260273,0.613117836994929,10.192263817661734
9940,-0.04579166565672274,-0.19256855131551126,9.860053486494477
9960,-1.1225101516613716,-0.3978179162532105,9.970030493776713
9980,-1.5506394521040916,-0.722575460657098,10.254488977798442
10000,0.18084145070017066,0.2009948534887129,9.632267056590663
10020,1.3145746728709373,0.9142503484119839,10.212496163677283
10040,1.8014186946507271,0.945514572016184,9.523361939944893
10060,-0.10119606954065233,0.10485142727688017,10.052356776223524
10080,-1.404990144878039,-0.6170368281483803,9.553030380749988
10100,-1.381350285777672,-0.9391377036767229,9.592898910841189
10120,-0.38459735121482536,-0.37278143126284835,10.028332824805698
10140,0.9134190034246816,1.009047307836905,10.344612114106438
10160,1.3067084104202316,1.026585517128345,9.778604300341904
10180,0.5298763508250491,0.4894229275636347,9.563378307354608
10200,-0.771696970102357,-0.7858840457599559,9.260999230227695
10220,-1.4346135986082362,-1.005151411381095,10.015379635327337
10240,-0.9601410086317888,-0.3874299586619541,9.230685456714827
10260,0.811491874127308,0.6865172695176739,10.301893673146669
10280,1.3944948351361324,0.9166978543109823,9.951462404767716
10300,0.9727553024590392,0.5007186952134636,9.831264246260696
10320,-0.6707627686545501,-0.13614980143309274,9.533762745306031
10340,-1.607244983970055,-1.2074726465507128,9.499966168682057
10360,-0.8972109450001109,-0.6406306387747174,9.462461181636671
10380,0.38366916602196866,-0.11283090207010185,9.964107575831306
10400,1.6131467623770421,0.8821821864433497,9.798660644443075
10420,0.8041186896933825,0.7239701223759628,10.317750534327395
10440,-0.09280132234102043,-0.3018180055579038,9.104909715862835
10460,-1.2257292099983266,-0.7315873724357441,9.845145041063725
10480,-1.1106970767976927,-0.19756047533394994,10.25458070675463
10500,-0.3729386598205013,-0.10583827920203293,9.732851371304895
10520,1.5587143723699535,0.7054272830644419,9.56423048321927
10540,1.3635909514888813,0.6395077960506814,9.500564261213135
10560,0.14633904494572106,0.45965494838041565,9.94813322516389
10580,-1.4208735437754043,-0.8253072104191213,9.79228828416376
10600,-1.360313527557334,-0.7314247303174275,9.45053308112132
10620,-0.6145721097438331,-0.2418528198179092,9.931815969016357
10640,1.0842338153304367,0.75655388867225,10.090429727836195
10660,1.4050184449361618,0.840332503783705,9.67724810615068
10680,0.5240855955075244,0.0543606350751733,9.830489658384241
10700,-1.3619766704280587,-0.404247639710737,10.1111937022
10720,-1.6223859964990308,-0.8428347521462476,9.774895872344437
10740,-0.6944485230472244,-0.5051658473544902,9.757320332767488
10760,0.5744637218075539,0.46665154570087214,9.859443438955267
10780,1.4708699166975645,1.181726552851874,9.257064912155089
10800,0.9338158220395378,0.39068410803714826,9.945556091405889
10820,-0.5131077692818177,-0.6066636046689199,9.403380557533382
10840,-1.60287960161234,-0.955882606907179,9.52914672268395
10860,-1.0010660061598495,-0.649384941162725,9.684099848024243
10880,0.31489162613606736,0.3491930036467187,10.205299154093192
10900,1.724123041666243,1.1918234593581845,9.82773166386605
10920,1.2341495795509174,0.9028371979836787,9.708462371694706
10940,-0.13164849648701535,-0.027715714996219762,9.14002147527612
10960,-1.6668971516570248,-0.9821756563467657,9.52273243817449
10980,-1.3919632187068631,-0.537904712121483,9.596675054448424
11000,0.2529470265282924,0.06707241074227305,9.949357846655392
11020,1.3072239695188952,0.7309106809690599,10.11126904798023
11040,1.374714292277677,0.7046426762093461,10.031006034144276
11060,0.17694712907621324,0.09312329038360392,9.275594759738436
11080,-1.0856030159290537,-0.8340003606955875,9.835202592442322
11100,-1.5667946953095768,-0.6284914792492037,9.768012562239138
11120,-0.3399575684468219,-0.3629948807602985,9.736246491712453
11140,0.8097455322863811,0.7197868726634943,10.08733039383943
11160,0.996128016381993,0.6712408732456374,10.032215594663187
11180,0.4794108559564261,0.7700513433491187,8.989760769405091
11200,-1.1747817235856701,-0.6459549946429298,9.24216544743363
11220,-1.1113590887599976,-1.1906836010538449,9.84872974342093
11240,-0.3985800454764962,-0.6859911119148543,9.48968273969872
11260,0.9852873496136392,0.3303955983807103,10.160521611164523
11280,1.4226328693931136,1.040039997804807,9.657267818052112
11300,0.9549768178672582,0.6369889959278436,9.321576238144345
11320,-0.5442033600103748,-0.4803975922947797,10.036690709159412
11340,-1.8487427087112343,-1.4016521624860792,10.068559582447262
11360,-1.2366839867311334,-0.7377703433865708,9.64272333103538
11380,0.5780362100885993,-0.3812860783623636,10.110026304304276
11400,1.2300021679313526,0.9099714484912285,10.452821472169864
11420,0.9795055600946372,0.5026759923269295,10.02710817248943
11440,-0.49226774982502125,-0.11599923945346269,10.242508786086558
11460,-1.3573595767581281,-0.4947163130712836,9.98126542619585
11480,-1.2471080090637658,-0.7354271504668771,10.02638356671771
11500,0.13684517782530387,0.09953748673195596,9.969327722958692
11520,1.224508011419374,0.6638605117290298,10.495985841661362
11540,1.3365724491743989,1.0573519211496087,9.993099869925246
11560,-0.02097346015175383,0.19757495771596345,10.029975006205847
11580,-1.2683161944691332,-1.0903219864018576,9.991349219780762
11600,-1.4776187898806699,-0.76266125430371,9.404387291408177
11620,-0.3795759413579194,-0.5097693101822095,9.793030001703059
11640,1.1629641316152048,0.6942541697500939,9.856068413942483
11660,1.499168236193315,0.6821268246962523,9.609699430009373
11680,0.5214820978328217,0.46361717180928386,9.575839572886965
11700,-1.0680986244317174,-0.6339998003362253,9.54012924981483
11720,-1.7413059157441315,-1.2151969192558263,9.824070597005326
11740,-0.9319779372801269,-0.7686798990401309,9.873873728213223
11760,0.7319535251470148,0.24972629094054097,10.410820028991168
11780,1.5955657354860562,0.8011350984364372,9.910732018009744
11800,0.7349861224620415,0.6033592399945578,9.600566238121635
11820,-0.5907158482696997,-0.46059523143647907,9.604506392791283
11840,-1.358654800708018,-0.7535707754769614,10.36541910321254
11860,-1.165694538618903,-0.3875040814550489,9.349770896826811
11880,-0.0907564393600892,0.36179264108312525,9.483380765678389
11900,1.2693461675800535,0.7236321115432351,10.027511146100755
11920,1.284215069194789,0.4938571338454111,9.396596643615773
11940,-0.003502896161532598,0.11837785916861673,9.903677850698557
11960,-1.5429005420615494,-1.0404284763945713,9.697558777081689
11980,-1.215461643145434,-0.7998936195393679,9.764601411656265
12000,0.04053180226725069,0.14018444970265437,9.670476257421472
12020,1.396832592476024,0.823560968348394,9.922313475715557
12040,1.337336741044675,0.6959556398603473,9.781177278770198
12060,0.05299919121982766,-0.02224846190148276,10.409670834197474
12080,-1.5481902797881895,-0.6033690040206721,10.381061580312851
12100,-1.6092900677639959,-0.9170724378472601,9.605479978277147
12120,-0.31927588937038826,-0.2400334101422842,9.288628021193691
12140,0.8389694731299254,0.6543896078775234,9.402672907701998
12160,1.4637373689300663,0.9962655040861373,10.200175806812158
12180,0.6054392195481905,0.14794636701435537,9.841643395218009
12200,-1.0957409945542378,-0.5226461239354887,9.874890779778635
12220,-1.30771943513508,-0.7242385890632077,9.138771922367502
12240,-0.6102253507243236,-0.6488587591092264,9.739413028358218
12260,0.5618755479421513,-0.06032520700026128,10.235827664483756
12280,1.400302896771734,1.0240595788717766,9.518025369459098
12300,0.7131153210559861,0.48915856298907556,10.08057750999641
12320,-0.45610616097093665,-0.45186522097069715,10.044946609118677
12340,-1.4140301469237748,-1.0276111587979033,9.996876660085947
12360,-0.982064077944715,-0.4353058015557332,9.643883619530179
12380,0.38675593284809595,0.19108535385395786,10.205260693493022
12400,1.2833818309026408,0.7739405506536707,10.139067522258308
12420,0.9228770259751155,0.72411970028416,9.957575339336854
12440,0.046480337299059704,0.22888886628505917,9.780218959163202
12460,-1.381306742175594,-0.8330534212768453,10.089442998436079
12480,-1.2612784152821523,-0.43859134379702636,9.603263365625923
12500,-0.22176752763330007,0.4819993236454848,9.662410403641909
12520,1.2429385840995983,0.9732697296726811,9.560044569572783
12540,1.2606566062623086,1.1944763145639679,10.057848407789203
12560,0.27182744518633317,0.46201669001685597,10.187769584432745
12580,-1.3384699743591733,-0.5071712324610351,10.283118625950191
12600,-1.218827881341606,-0.5358922142915594,9.923630728341827
12620,0.10022097791456924,-0.5802954045354585,10.101005997449269
12640,1.219500253850213,0.6105628028711035,9.436850247212558
12660,1.4415789449013208,0.829647018854594,9.670674147862284
12680,0.5482489221542686,0.5007208080226742,10.122744620746149
12700,-0.5551426085532005,-0.8014263374489904,9.948078395385373
12720,-1.3974237132889566,-1.195890469036962,9.82208133006051
12740,-0.8265726872995417,-0.3348192343616379,10.28235568885599
12760,0.6131123311965818,0.4057992024547169,9.528835759306501
12780,1.5958168279213458,0.793271531380642,9.63069131007562
12800,0.5877014453446558,0.8262613984809066,9.828857764220887
12820,-0.7878642506644034,-0.2969511292032686,10.258834292965135
12840,-1.2008937846027814,-0.8934535890040445,9.967781825389189
12860,-1.1650273998480114,-0.6321742450969642,10.103777956225551
12880,0.7994663846735137,0.21042329681402788,9.987070459733296
12900,1.545496252072238,0.7241388037234172,9.472019509968046
12920,1.3090940993350495,0.7381644209500461,9.797908186679798
12940,-0.31330774609997003,-0.6890621132385389,9.426656839323039
12960,-1.6231018510478812,-0.6746790314555915,10.234717760125688
12980,-1.6974064924601755,-1.0478689857813912,9.956741668625366
13000,0.0024708039240771713,-0.05514206898016157,9.495898447541332
13020,1.172708135852866,1.0339583804004508,10.078924020791824
13040,1.525701278284307,1.4059660462445596,9.677989129739174
13060,-0.02859884753297945,-0.12474289727158823,9.596086007221475
13080,-1.2075469768889577,-0.6013395669694482,9.296479490951931
13100,-1.4774267836867903,-0.6266864576289902,10.087353257311552
13120,-0.5636887770888328,-0.08803213516032854,9.541419942565597
13140,0.8963835051279475,0.506967277497989,9.706199953215458
13160,1.391774186619104,0.9011466765935595,9.548736716248479
13180,0.751824157161302,0.0728044844234585,9.706786819723707
13200,-0.614901956918445,-0.8064886413489913,10.209300602411856
13220,-1.2022526968567535,-0.7949752424934574,10.17901980573924
13240,-0.6772630645731519,-0.40293302945133935,10.22445535225522
13260,0.9663595523591745,0.3903701728119363,10.052375261225098
13280,1.7250218004920095,0.7058534740577646,9.592612676295856
13300,0.5963175127638343,0.834676581773284,9.756488802539316
13320,-0.5368231326565125,-0.4304016168217075,9.996673880627338
13340,-1.469997048494957,-1.3200295788531338,9.7563042046363
13360,-1.2544223975891042,-0.7080550975527035,10.362679895742628
13380,0.4872616661813698,-0.04593053099640049,9.148414957976092
13400,1.1107065853975393,1.129065417380583,9.958776335386856
13420,1.252665269606043,0.8571120962096509,9.945759899882669
13440,-0.09929829498183207,-0.06574835187465433,10.37319650442417
13460,-1.182299257962783,-0.8705396900409628,9.876494437922048
13480,-1.163910154904982,-0.4621318468664179,10.04284536468983
13500,0.22638586940361122,0.015484218638302417,9.961684624228633
13520,0.9379398147727115,1.0181459533195019,9.524000598959288
13540,1.4119669014269327,0.5851150611517639,10.16515355358216
13560,-0.07435547831985251,0.13301149613725644,9.645271290638654
13580,-1.2767726809445223,-0.7006372691006381,9.780675295226366
13600,-1.2206804007847731,-0.6310365519933872,9.865021288230526
13620,-0.6348006489310234,0.01996941462280355,9.86640425772821
13640,1.012580366515814,0.5062424831684514,9.873719567769754
13660,1.623874503447053,0.9433534491092688,9.693513830215089
13680,0.3436451594385238,0.1060954212658815,10.420517753449998
13700,-0.9950176158964297,-0.7076243470738143,9.89513235477852
13720,-1.5932815973003152,-0.7851933423047261,9.963148403987656
13740,-0.3984161788964335,-0.5873668184487982,9.617582340368907
13760,0.6781925661185723,0.51180924428824,9.935785101208067
13780,1.7596840625891372,0.5991437354396758,9.943062984880477
13800,0.8959337944153287,0.3539622993663455,10.103510851609485
13820,-0.6496881471096242,-0.3022672266943725,9.53186342150869
13840,-1.5980361653813153,-1.1625272407641765,9.482215917862586
13860,-0.7720777094620352,-0.7050536636068541,9.882143622786522
13880,0.4404640169361589,0.412005218774717,9.566040998324864
13900,1.5075894830604064,0.9892045311144371,9.452614780034027
13920,1.3434039429404248,0.7498106352117402,9.61334700783205
13940,-0.26115672417327046,-0.19070801882401983,9.605912626099864
13960,-1.2159718361601193,-0.5596853808005778,10.133887133359082
13980,-1.331696023068563,-1.1359317911627775,9.860304380066578
14000,-0.1594810257132974,0.25797997649042503,9.334401443925195
14020,1.4385178568167518,0.5397582240592803,9.74665820310812
14040,1.3453268169829633,0.8323633253548395,10.032446520087673
14060,0.3204474751285825,0.5107611066952366,10.15232735690251
14080,-1.3054358962618005,-0.5219319589136469,9.836768062970565
14100,-1.2508091457670247,-0.7585452908922792,9.836432675242449
14120,-0.4173542379437235,-0.2700447418147778,9.790096988991285
14140,1.046642312404494,0.8497084951832937,9.623555327859727
14160,1.6426743994057602,1.0931506997967755,9.71964718352102
14180,0.6206447989655399,0.026279892343966715,9.97510797035461
14200,-0.6152487482211593,-0.5468656215072802,9.87100775609771
14220,-1.375652578640056,-0.6929097255573977,9.494657335831745
14240,-1.094887127010124,-0.7055714080653843,9.599628520230693
14260,0.7573245406654481,0.7024759815964736,9.941823178967656
14280,1.303595086007897,0.9759089322063572,10.031705663964544
14300,1.1029032166783765,0.6737221549914769,9.282783363595648
14320,-0.6844401274549846,0.1637219800352051,10.054287074863053
14340,-1.4432058494570426,-0.8777246063306975,10.049537718455694
14360,-1.2294845391388503,-0.6508223349083536,9.469364800110181
14380,0.5954488297519039,0.36615488208153696,9.813683925041689
14400,1.0556797161804756,0.7224706272533967,9.974675593895476
14420,1.255774854138973,0.8146537839633521,9.9011908114828
14440,0.07356503056962413,-0.46213121941064006,9.264938312673435
14460,-1.093241561492306,-0.43559917077209265,9.770226605926164
14480,-1.323346062718515,-0.4936365768178586,9.927212980087733
14500,-0.16174880915934814,0.21715043306812842,9.630705774536723
14520,1.6268466463268516,0.7162028531471729,9.32471820966092
14540,1.4020408056583298,0.8719377459940985,9.658349994672845
14560,0.46169976025853177,-0.02700872457757006,9.450035784480873
14580,-0.9363163078342567,-0.9853875968410815,9.408813601532295
14600,-1.3678762427266002,-0.8241652420528065,9.381022299442856
14620,-0.1157043057865354,-0.24013466460159383,10.08495811993266
14640,1.0546913021505013,0.7419862336447246,9.210644838117274
14660,1.5925670278660573,0.8293020761695934,9.4434179497362
14680,0.49229971196796307,0.49271973964306437,10.441321495733382
14700,-1.15145761926722,-0.49019225158042157,10.097393213578856
14720,-1.5106356280889006,-1.0527063672710906,9.7944550708448
14740,-0.822725029459977,-0.20585751054278972,9.508912987849929
14760,0.8779224086868063,0.4981234195075436,9.780476651781148
14780,1.670995884316382,1.2249940157409365,10.05803184171005
14800,0.7785812969786642,0.7445005558113709,10.298077845441446
14820,-0.692264188225181,-0.25537028309015164,9.857983393846405
14840,-1.6326486628171102,-0.9231393311241463,9.599490680169389
14860,-0.810714676950745,-0.3821818873654084,9.886434288500906
14880,0.02530612262634435,0.2921008716233543,9.387857647495577
14900,1.5758352883975462,0.7363109287525275,9.772908216291667
14920,0.8441098228471442,0.7114637525903224,10.197418334738444
14940,-0.07506514494039879,0.031171261550452217,9.524377139258661
14960,-1.282628934270939,-0.9589449923630645,9.50655300179357
14980,-1.1937275243784058,-0.7000565258215917,9.945419062107739
15000,0.048385938881445864,0.29988646866536267,9.577048080303516
15020,1.4178151752211987,0.8215345187231861,9.590204031290122
15040,1.3040812011804535,0.979324945196965,9.922663427890319
15060,0.369634597519978,0.24462295668685669,9.077901165999382
15080,-1.152448839771051,-0.6529980117464482,9.476558673134393
15100,-1.746273947636833,-0.8654722295734233,10.768518939164418
15120,-0.650889036909694,-0.19061121794650865,9.777877187612704
15140,0.9442827189106444,0.4024752863780812,10.226029024387707
15160,1.0827385745735123,0.7790580979139856,10.022265735150237
15180,0.3838848724694772,0.12355654525795728,9.81957999048112
15200,-0.7439136745522926,-0.30198128253623713,9.972285445549144
15220,-1.5769569299283797,-0.5806600542734763,9.81744441909703
15240,-0.6086761303363365,-0.5194392233539628,10.136348169701195
15260,0.7614603282514982,0.5170530025681569,10.347643218006706
15280,1.7106728047592088,1.0580015335727797,9.589069567877889
15300,1.0116921576739062,0.5998173403635345,9.63843994869034
15320,-0.642865131248098,-0.06324015555876039,9.476683896326662
15340,-1.4150809638619377,-0.966768498264634,9.833696284120341
15360,-0.6524415753219923,-0.41251906617170797,10.466956472723123
15380,0.16782846170498197,-0.05780780178272907,9.956488218582786
15400,1.644678589538808,0.776731932279253,9.343762893987359
15420,1.2009528547029247,0.6945776048923007,9.737683646084651
15440,-0.0850104725857278,-0.29522578100856384,10.25657698441725
15460,-1.2564174108604391,-0.6331342924788524,10.08706771510291
15480,-1.2690075801465546,-0.8882324266235341,9.987413220245937
15500,-0.04400616875005547,0.027837246102417192,9.913427471877645
15520,1.5318416652147537,0.9558035603283618,9.764749881579998
15540,0.9404892571674719,0.873803677884762,9.441642228085016
15560,0.3000464437679623,-0.187742357303747,9.991508570152641
15580,-1.1995696720280526,-0.6561203706774679,10.199174840627826
15600,-1.5779456384340835,-0.7919879541527697,10.091191413953627
15620,-0.5991305128430178,-0.483355838708594,10.000434824718159
15640,1.0934850709000938,0.6223877395667446,10.183435132820371
15660,1.4935184821205212,0.786413567209432,9.212265271990239
15680,0.4435137716646935,0.08105585196849902,9.902123625838067
15700,-0.7521436815324269,-0.7949785868395818,9.880493654109609
15720,-2.0657158109182174,-0.8646104882305217,10.069821591797357
15740,-1.0797437444175624,-0.4147599514485837,9.676120220934582
15760,0.5387727107726288,0.7295113599223164,10.128610332185882
15780,1.4909273522808926,0.9006321407639232,9.50414114668644
15800,1.2236785366414957,0.49042058887900497,9.912005568053434
15820,-0.5793833078234779,-0.36961049008704516,9.543073066131557
15840,-1.5513190124580938,-0.4886263593991045,9.922587147660227
15860,-1.458825074575677,-0.3814941961916911,9.589027557121192
15880,0.33734499467038853,-0.0662047257537427,9.6265462905207
15900,1.2460095377545959,0.7800477358937813,9.933694626822142
15920,0.9066398123812023,1.0937436064331298,9.84861631829121
15940,-0.17544023643688628,-0.023735409995634393,9.937867345069971
15960,-1.303007244899247,-0.7921481722456086,9.8009073483229
15980,-1.3801756033884196,-0.7250022720178314,10.127929383074129
16000,0.1480451934404087,0.23386583281505316,10.233802537078871
16020,1.4041372111371204,0.95880589410288,9.695353775219743
16040,1.479995120520967,0.451228086623867,9.608392636566622
16059,0.28106370963276417,0.21243533067678078,10.249375261089149
16079,-1.1993751956853071,-0.707552357455306,9.447173682123092
16100,-1.4095066544552528,-1.0006672225683766,10.22119918278505
16120,-0.7933819006094038,-0.15300694772034024,10.062136099517808
16140,1.0695656704897372,0.48299479667513323,9.841055650155441
16160,1.685803431955598,0.8458709709919239,9.49846117520264
16180,0.6165637438243519,0.6311187995375456,10.3662217432113
16200,-0.7743721632575989,-0.8310478899703947,9.613599533858148
16219,-1.4729282396222634,-0.7907324628114221,9.578138427579239
16239,-0.8137354546587559,-0.21100620625025415,9.566220481165265
16260,1.1582094567293688,0.40870261185702206,10.289322026161901
16280,1.3030132748852727,0.538683614688509,10.200423020087571
16300,1.0467093190650358,0.3390582831422705,9.64610109786182
16320,-0.2598604016622186,-0.4600298392151239,10.296607466188002
16340,-1.2824494509104183,-1.1184591605947347,9.937200106758585
16360,-0.8508485331599227,-0.893189599144633,10.051955078281326
16379,0.4349947110120772,0.14510564311609597,9.754419506093813
16400,1.8543289593638206,0.7699739010450183,10.032003212022026
16420,1.1032121737392466,0.7128025873999649,9.92962436451709
16440,-0.17912511781368667,0.014287513972451107,9.377008837405347
16460,-1.3938159356030073,-1.1498523562456988,10.244137634186611
16480,-1.3702601853822298,-0.46606152334854006,9.48546499153286
16500,-0.18021601931044676,-0.07999821422054584,9.618382990085122
16520,1.3376496297751639,0.40150280890728923,9.512107879948022
16540,1.4730920663420535,0.5896308456111404,9.578185097267422
16560,0.3645339224196129,0.2554850289479445,10.402073210971889
16580,-1.1774282617602305,-0.6295652006725766,9.475182615848455
16600,-1.0563899641934835,-0.8702651103974864,9.823136933416482
16620,-0.5078350133451898,-0.24893509721494533,9.224335357208531
16640,1.167709985685966,0.5927502968352748,10.197883445432991
16660,1.768368123329322,0.8273506515306122,10.07520362708836
16680,0.4100918806447291,0.8952865386081243,9.765756603522892
16700,-1.2870580104183753,-0.9247393770419399,10.03319763345994
16720,-0.9333607382556575,-0.8934640464121929,9.69640793646189
16740,-0.6331444728917124,-0.42499116802251735,9.980346191807595
16760,0.8070593997541404,0.31398962255502166,9.530366494160416
16780,1.2815257297857081,0.9934294257950417,9.974415021584749
16800,0.8111660419718628,0.6238374904544125,10.174114953559625
16820,-0.1907128624865877,-0.18935801488879325,9.858941568915201
16840,-1.54271713757981,-0.8270762640930011,9.810809577539175
16860,-1.2327636120723178,-0.2920766317009072,9.774172187868517
16880,0.09920864802422591,0.3883695245491305,9.459630239442454
16900,1.246792539134798,0.9061605752235861,9.36939232510824
16920,1.0906600387578391,0.6976098207717186,9.502217622739279
16940,0.19327377858569855,-0.13757903574085015,10.441459916741927
16960,-1.3384337167375497,-0.8612899241579449,9.77770744250384
16980,-1.2857921137186847,-0.663367654900868,10.383506149252494
17000,-0.08081346099919617,0.0950363642743485,9.51139618899141
17020,1.1308621416398457,0.44923465599436874,9.746633437754532
17040,1.4535365997800436,1.1073204319551242,9.563726028273683
17060,0.16962846105091053,0.134718856773839,9.974702886734647
17080,-1.0112557050109678,-0.6643119994575052,10.151309802675973
17100,-1.8005426304247245,-0.7948981855642335,9.492811739312534
17120,-0.44160051308108583,-0.10473017289329808,9.910803092484532
17140,1.214933758413408,0.9822678253860313,9.359283252625259
17160,1.3383013894514209,0.6748684374116591,10.413416676866703
17180,0.6069681080866565,0.2311361938597233,9.813128563786226
17200,-0.848951115380912,-0.5165565978444283,9.66044843127269
17220,-1.5889416182421363,-0.7863118885514627,9.974980344766736
17240,-1.087977399943902,-0.3955470867908035,9.88589267277879
17260,0.31093560012922467,0.16731402811235624,9.836016970911091
17280,1.2538766274333275,0.8246058123159297,9.473282759051129
17300,0.6515939081399149,0.44144376123477547,9.64123149657865
17320,-0.7894354779908298,-0.10008426287340866,10.197359913982826
17340,-1.5464135068299858,-0.8255350646344481,9.933639174154036
17360,-0.9119035605587912,-0.30433251254883154,9.778714609073814
17380,0.25816879358794986,-0.019567029222999105,10.035527962713504
17400,1.5011125728305246,0.7365377302106382,10.256821133661374
17420,1.0959131475869797,0.7274031944276192,9.529241733150144
17440,0.04637673296953773,-0.13652492549762937,9.741581492570619
17460,-1.2065820110347039,-0.892540477224297,9.662542999587957
17480,-1.252450845354372,-0.698418572009919,9.786143360585944
17500,-0.08299390719772833,-0.01536565291378598,9.924369101190978
17520,1.1207610225355562,0.7634937917324783,9.925281517326592
17540,1.2942367314951906,0.8771384715898793,9.546756116433196
17560,0.02257190083489574,-0.14621053300825687,9.841661085138448
17580,-0.9834706326922563,-0.25883006748392323,10.412693515942534
17600,-1.207216064399376,-0.8850588684507661,9.99766932275179
17620,-0.05580366027185285,-0.23508981260921458,9.577663644449187
17640,1.1748853930752308,0.8698162775018627,9.885156472749566
17660,1.5973913708174545,0.9144029521157235,9.935641958535106
17680,0.2717725748323768,0.09031795162864639,9.15171846792611
17700,-1.1215151618016357,-0.3765908640684837,9.598541983472222
17720,-1.531923985919614,-0.9791172284455631,9.857224223731384
17740,-0.9321989398147532,-0.8355133616763422,9.84303312827578
17760,0.6908848021869908,0.8444107811322066,9.902200450782297
17780,1.278724634105149,0.9411200183381978,9.7041176286967
17800,1.025696528536051,0.43724333843210644,9.385326564405512
17820,-0.5887886533779486,0.4748507718366252,9.404863214966321
17840,-1.488461733424065,-1.1363703839741828,9.212108006689137
17860,-1.1537423992456373,-0.22583972962546167,9.676546549216853
17880,0.491956749334685,-0.06669701335246678,9.352542876757344
17900,0.9039337550005503,0.9200335855240657,9.696877287146386
17920,1.2416902862273684,0.7614802914847834,10.211073890262231
17940,-0.10086258229054838,-0.019421664847700887,10.036918922421776
17960,-1.28853600004197,-0.791338948351682,9.866481055934301
17980,-1.247791120827376,-0.6566904434630789,9.389625888196004
18000,-0.05860839005124751,-0.18588901639474054,10.037169329769402
18020,1.1340321362110568,0.6709139412373258,10.479400275270034
18040,1.2879792955014824,0.8192680080224298,9.971523807739196
18060,0.2121092130408675,-0.07625605380880579,10.61534401348051
18080,-1.0408470653135615,-0.5999251414392267,9.745155192414497
18100,-1.757491467723955,-0.38583898621531765,9.220785250056858
18120,-0.28458588611326546,0.10930573067385016,9.586956228007054
18140,1.3277666302667228,0.5690432922156694,9.891113609700133
18160,1.2212113190785254,1.0340794988428537,9.748969028586128
18180,0.7723655783745392,0.36962346114861716,9.867956494906533
18200,-0.5949133374870132,-0.4771453943087248,9.609160553448385
18220,-1.5575866738998458,-0.792056470846022,9.877391883635426
18240,-1.0526834818927757,-0.6186674023815779,9.561872688997406
18260,1.0294363491284433,0.7706523673983463,9.998284701537461
18280,1.9327299523631898,1.0717475386424375,9.857359886543186
18300,1.0617599520553491,0.3617455864553083,9.553409164772845
18320,-0.3904692003683081,-0.3337022414482341,9.202367518526248
18340,-1.3863560496056415,-0.9084056715790864,9.259468166034079
18360,-0.8460887166173086,-0.7495600799427423,9.55566764063666
18380,0.14251943738732653,0.2398918362393945,10.037757538148146
18400,1.5808209715079105,0.8121451008447595,10.02322443955664
18420,1.049306553329924,0.7762233467089522,10.033960922581796
18440,-0.08312903261936397,-0.16123745644754725,9.868975470798588
18460,-1.2867693763978587,-0.7923465146176875,9.341406900322621
18480,-1.7300952310115103,-0.7210432257506865,9.465250071698842
18500,-0.07475267795925886,0.01544559797442705,9.579404576698547
18520,1.0944464747962916,1.1620141648679176,10.405380027032269
18540,1.5270162060791026,0.6822999877589152,9.251851657718559
18560,-0.02834648490600178,0.363511668357084,9.906535284760324
18580,-1.2964045755153293,-0.7247322437781967,10.163758161168074
18600,-1.400857437856673,-0.6780948503749675,9.830184941173899
18620,-0.48526500893030233,-0.3375935935861678,9.974934744089067
18640,0.9856044680665734,0.9036758034132759,9.81216669663912
18660,1.720200306612025,0.5626379524309921,9.498853115003953
18680,0.3924329645752147,0.10483060682571685,9.804830715301621
18700,-0.6932583855637244,-0.4721258682474234,9.732110569454356
18720,-1.226037386414408,-0.8788248391391071,9.973017267330778
18740,-0.49879090847225505,-0.5246673965917592,9.926482333545177
18760,0.6610914210337615,0.49220600087905675,9.440543317535631
18780,1.4775310672000392,0.6925803650345003,10.04799079698583
18800,1.0763823284641783,0.5778815475891295,9.76623853402652
18820,-0.4399590243635507,-0.33229009423244926,10.095096303807008
18840,-1.4813332012247942,-0.8307804191514079,9.763776372024772
18860,-1.1048245930186595,-0.767053753122218,10.115390089940128
18880,0.34433813741439223,0.48820088581530785,10.155293086786711
18900,1.3205015305349914,0.8489642926372559,10.044868452029773
18920,1.1930496403470647,0.703438065875795,9.499036611330405
18940,-0.14478558862195692,-0.25662418020548494,9.710706287942383
18960,-1.4237458322145242,-0.767984488462185,9.64670232694876
18980,-1.5271975317571806,-0.6453822766958168,9.662198330371517
19000,-0.3752634066986405,-0.2184766878336984,10.169386326579517
19020,1.4111974339717825,0.5730081045107466,10.082226654598395
19040,1.4411168731715918,0.7288374568401561,9.61616424587744
19060,0.19560541977714183,0.2917444223583833,10.02042675534035
19080,-0.9264500054932937,-1.0443873971858928,9.733770466274501
19100,-1.109391590762661,-0.905751470325556,10.075045965724225
19120,-0.39514429728658124,-0.2800479830668171,9.444199657576585
19140,0.8134710473502849,0.3093757965054456,9.673798560605237
19160,0.9435968315648149,1.212522402425758,10.156381787584742
19180,0.6892181678551919,-0.04342254627202202,9.84989861203586
19200,-0.8849609629788516,-0.6709198325095583,9.82743458571375
19220,-1.2084218728771488,-0.966131461921808,9.746757863971146
19240,-1.1816819828261664,-0.47292985634194606,10.167440352164773
19260,1.0426287369604978,0.3688208165683879,9.403036057103389
19280,1.239944232432876,1.0452248203921948,9.88249450483866
19300,0.7009427266971321,0.7188687300633466,10.0365159608149
19320,-0.7411302098270971,-0.22721854416638065,9.80259228281884
19340,-1.2276043120833093,-0.9555141570316451,9.794480929004008
19360,-0.8641092271690154,-0.7920050364080355,9.452016552570754
19380,0.5104606539756976,0.10930459280392293,9.581223104434056
19400,1.4782470116844144,0.5393377275820453,9.816377852388559
19420,0.7850566955299038,0.5408587422124594,9.659655323235947
19440,-0.6279026982222131,-0.38826400849346576,9.6225858086058
19460,-1.1070614624368618,-0.7742937485741286,9.741896093325975
19480,-0.8530198760392635,-0.6904630948325774,9.595560028826974
19500,-0.12423878975668418,0.2762551370188603,9.547403978245152
19520,1.2139260447299933,0.9301622762115944,9.746073920497565
19540,1.2298630323308435,0.7204309313180138,9.823969335279287
19560,0.15853811947674384,-0.024937721162966053,9.652931822715312
19580,-1.1669309554844376,-1.0913840996144546,9.827105319413363
19600,-1.4085041333908888,-0.8912426533696266,9.684220362152926
19620,-0.23415115130595196,-0.49269600329281016,9.603049714766115
19640,1.1731794611903847,0.6558701951574556,10.11255800163895
19660,1.1361744342301279,0.8200828520822336,9.928899125221138
19680,0.5857171371307914,0.33934254669791836,9.56305355555436
19700,-1.0345984783008846,-0.41177023609325386,10.095620366262837
19720,-1.6008003540510651,-0.7250597753684133,10.41579911283183
19740,-0.9205322706487508,-0.6912229849755733,10.1791789855953
19760,1.0058403436913574,0.6114413436074999,10.162696710578786
19780,1.6513949424065975,1.357620532479407,9.554665097207991
19800,0.8126196933901596,0.6588500138931918,9.838619912542972
19820,-0.4947023992540019,-0.2495948441307906,10.04997156849169
19840,-1.615088623790359,-1.295261080202222,9.342601896608727
19860,-0.5105835314917054,-0.49851191730545474,9.788308570916639
19880,0.5213056990375071,0.28432495137541536,9.594607707020398
19900,1.2487383536379904,0.9812509596845129,9.339711799998007
19920,1.2980578950713206,0.7693691660161256,9.196556367472915
19940,0.0618828202466018,-0.0009486121518965523,9.663344442569745
19960,-1.4022581747401048,-0.5771230933878494,9.511062573569031
19980,-1.2413211747186166,-0.7249268661136563,9.901366023508753
20000,0.38161148127109784,0.3009289498898861,9.840943765886479
20020,1.254960678733594,1.1517484601403356,10.241182677927947
20040,1.3518497006586667,0.8851335324519509,9.825319502058761
20060,0.31772397184099643,0.33211706296249066,9.977183240256545
20080,-1.1585913507181584,-1.0230677389251674,10.097807353080002
20100,-1.6697718920521276,-0.8620668953804045,9.411650286614053
20120,-0.6302168738142914,-0.052022250585026436,10.513971071504733
20140,1.1355589917769464,0.5213022536958414,9.943493700911004
20160,1.4260467403277186,0.8670951952769776,9.867217546949519
20180,0.5908857883273524,0.29543596780926074,9.892786153197603
20200,-1.352794893223089,-0.5920515885375548,10.191434731967636
20220,-1.6747573641115407,-1.4167116853283188,9.34545567261609
20240,-0.9819703975370779,-0.41977340086876785,9.661480208082251
20260,0.5484475347715431,0.44247636176731725,9.51919127699086
20280,1.421112823509816,0.995034287428646,9.77671279964938
20300,0.7512511086737239,0.5964786811299766,10.159549412514458
20320,-0.700442784680502,-0.5650131640252756,9.652727965027257
20340,-1.482015085312219,-0.766521311824989,9.631442994939643
20360,-1.2054948491346493,-0.4077454570180451,10.040247422964615
20380,0.5653897370923184,0.14490067843369123,10.392406956468959
20400,1.142297837710352,0.8011851083088853,10.202257674965809
20420,0.8772136260759149,0.45897656334678866,10.048567047228195
20440,-0.3036951667700417,-0.06378524796416388,9.505216819336654
20460,-1.4277742706902337,-1.199107808389511,9.848052562998621
20480,-1.4711862722175977,-0.6607454057641728,9.891171400305197
20500,-0.05830166949563142,-0.016348998115668565,9.619736092249635
20520,1.1419134690935568,0.6626243130366459,10.237619971435425
20540,1.51030934828316,1.0581923929422692,9.99345212289232
20560,0.13883766640111062,0.10961129465697031,9.249671024420293
20580,-1.1091737805658068,-0.7976382845596139,9.96909986673781
20600,-1.5897786106216898,-0.8046493127538197,10.193450428936389
20620,-0.29460429616765743,-0.2220203357837313,9.041965292882008
20640,0.9454380767569878,0.43907930654264377,9.439508384092655
20660,1.9836349873092,0.8989996129234628,9.789913600547314
20680,0.7670060184491531,-0.013041183442138393,10.076831216639455
20700,-1.1083432466444034,-0.5106526267194377,9.853041598104264
20720,-1.8290768299189613,-0.8909524111458882,9.934369604029518
20740,-0.7088204366419447,-0.43143014844480854,9.869811128182539
20760,0.8552675518113289,0.27667263754664057,9.594120536306152
20780,1.3447946401715762,0.8142250563623739,9.797665743108752
20800,0.8938395376833919,0.5969937655839621,9.913955981698416
20820,-0.9503456822627085,-0.3071888447396762,9.903711124218166
20840,-1.4321297469920466,-0.9655448472737751,9.831863330595285
20860,-0.997907642967008,-0.23675173377639935,9.69076322480094
20880,0.3889758783352085,-0.4522159953635463,10.000839844754159
20900,1.4477287548647382,0.7273045659797488,9.530836780031008
20920,1.6665847604065762,0.5635330972611909,10.352785467632437
20940,0.05215870649553575,-0.4162334044815271,9.612184217731235
20960,-1.433153513534788,-0.30339225064758735,10.074189123849942
20980,-1.1073567416049508,-0.5023748435038271,9.70196073341211
21000,-0.11412175651301754,-0.015644224517280772,9.738631639372613
21020,1.4432246789884786,0.8734455244898136,9.917249437455427
21040,1.539455372786441,1.0160823005565738,9.726926541799836
21060,0.0587236826149487,0.035224935554648354,10.011591319624717
21080,-1.5608718118587108,-0.804623704347406,9.15210414942146
21100,-1.302721320214555,-0.7431496117615572,9.879008642206061
21120,-0.3528142839148709,-0.15721655236730975,9.122773197707913
21140,0.7942410375266751,0.8090998413485678,9.668852795771206
21160,1.7079816127341936,0.7027586444719803,10.06215778759388
21180,0.8772884878182503,-0.006350465910131109,9.877398998862592
21200,-0.8671165518788103,-0.42646166024944926,9.396435448994161
21220,-1.60901492713524,-1.002138322431108,10.121947015848907
21240,-0.9035984909844903,-0.8108799441365806,9.244915931596642
21260,1.1063154692568369,0.4115755004514682,9.666968303961367
21280,1.3208903192388544,0.7319031923739632,9.420371194253676
21300,0.899792933457842,0.43811331559835504,9.875835289538761
21320,-0.47872918226602607,-0.09827041576778098,9.92952011809941
21340,-1.251082314485188,-0.9056980640207731,9.74555216932693
21360,-0.8868776033056234,-0.7417833999195798,9.77226749967131
21380,0.05296322125046116,0.22962270509695412,9.768163228873599
21400,1.734693994470991,0.9024354198613294,9.398177488829406
21420,0.9416196753601588,0.8060697257041611,9.521600900387961
21440,-0.08783374039695861,-0.4183586997909358,10.149085129194377
21460,-1.536089369079409,-1.1973942562421103,10.258300942639622
21480,-1.3149375360900155,-0.6579293079759312,10.548232329204424
21500,-0.30536964794139787,0.03871887129704583,10.310385581086923
21520,1.2801427045105465,0.8325880391102478,9.792166785452448
21540,1.071540335213224,0.891422456727356,9.386119892148525
21560,-0.1491808013888138,0.1395765500444766,9.625474490601208
21580,-1.324008769814962,-0.9117907616277889,9.637416797553847
21600,-1.8766695556083313,-0.9547687718877527,9.93618768747367
21620,-0.28268213195828695,-0.35748071927860625,9.658298863306667
21640,1.137089112191314,0.2756512338287966,9.745921283735422
21660,1.4234708727700618,0.9413687375919642,9.513167529379016
21680,0.6107507968476991,0.2559425610727594,10.617507932220349
21700,-0.45927338077235125,-0.7599371617722865,9.620164369989968
21720,-1.1364744905553315,-0.8128509063824915,9.716184294945554
21740,-0.7175741464004375,-0.4176901191362895,9.917978494006636
21760,0.5199585428172913,0.36960834626304817,9.22300939818318
21780,1.5210708954997265,0.7818172510789207,9.563515817692258
21800,0.8025694872306137,0.2593440260693251,9.735490567425687
21820,-0.6306004242274195,-0.4583065872720849,9.613814819129662
21840,-1.6096708208069903,-0.6242187797577805,9.454422455507384
21860,-1.055367310356716,-0.9792406342332247,9.888752683978884
21880,0.5958236551148178,0.3958922389956102,10.180961565642031
21900,1.2906892712415916,0.6984067448731943,9.967727753688802
21920,1.1187287412577405,0.6287353462108835,9.752549609725675
21940,-0.13048283859723775,-0.3322148486547156,10.022638736861596
21960,-1.382921136696417,-0.6933765225285906,9.513589351992243
21980,-1.2043469872958592,-0.8366331226702911,10.12726868895508
22000,-0.3779435789252795,0.19164908046601162,9.778871854369427
22020,1.1837224737848002,0.8014981589793211,9.767301388893223
22040,1.44873833955443,1.0710037443000908,9.55757590543245
22060,0.2570285893977255,-0.00499155270815646,9.760321523705882
22080,-1.147504374713749,-0.532683758560166,9.845086352353094
22100,-1.4610839784325795,-0.46444908626288933,10.039738068272644
22120,-0.21766926591022565,-0.19196287145682284,9.16632361559765
22140,0.8828070125067017,0.8804880397133403,9.834480814464941
22160,1.5526167945338027,0.9211523935845986,10.125281469763813
22180,0.5002746332303757,0.451345686820361,9.774888141647638
22200,-0.8393747696330577,-0.3140820537746263,9.64299277107212
22220,-1.6301583538053552,-0.9190345750568241,9.81549060619875
22240,-0.6028288860996855,-0.6604201771937338,10.085938967554018
22260,0.6891668348752471,0.6775510788479426,9.692272816314683
22280,1.0398488401547843,1.2084106177450764,9.795734238887574
22300,0.8036276298651401,0.21226862278265668,9.824969089047814
22320,-0.2452368024682911,0.03237777171735001,9.630100482898102
22340,-1.4052397947822708,-1.065697313165859,9.836695938649171
22360,-0.7951492118307597,-0.420838261897616,10.165554307224907
22380,0.5215427696268733,0.38365776188627587,9.906363158023614
22400,1.3685818690948868,0.9655278893030528,9.702061479006733
22420,1.252835456892559,0.7337645107502742,9.770183418147354
22440,-0.3735706401917709,-0.5239630737741452,10.085266941936345
22460,-1.408110074770773,-1.1837399005157803,10.372246859266493
22480,-1.5552697891010605,-0.5992955375042088,9.941455509913093
22500,0.2871724634771658,-0.030030600094742704,9.704361901393648
22520,1.171673689001924,0.5818613435462845,10.895898087262692
22540,1.2288713539332694,0.7365614942242388,9.897140044971177
22560,-0.04418389876238926,0.34143094060568824,9.103438653941197
22580,-1.2021552958748019,-0.5737127986092696,9.566548947543172
22600,-0.9712367364524697,-1.187794852802096,9.485623004353826
22620,-0.6581746478792415,-0.16169909252159334,9.717780434901647
22640,0.9928442107088532,0.8831807456057728,10.020613369324689
22660,1.3782770540570701,0.6665094138410124,10.022738662742531
22680,1.0743930908157338,0.7468573427908302,9.41043697387241
22700,-0.7691271211212434,-0.33698540008017774,9.60885378490651
22720,-1.7441831480469212,-0.8224632794807649,9.396759468044365
22740,-0.8462346968069945,-0.59808484419855,9.67524939112594
22760,0.3299220738040035,0.1354742475658937,9.468066256300736
22780,1.6393217394510204,0.836563478399074,10.180732497241184
22800,1.1207149120294546,0.43257045737497185,9.669432800492212
22820,-0.38683237532911185,-0.33466435196201866,9.331516264818887
22840,-1.3892055068820774,-0.7768806159808606,10.061800568946573
22860,-0.9260060397036832,-0.9087688851227624,9.880477453983703
22880,0.6073897774075251,0.16456080805744594,9.75141883560783
22900,1.7062886024391666,0.6881996194418367,9.306124460409261
22920,1.1396493232207612,0.8554230645372132,9.734881052628202
22940,-0.32081202384039753,-0.14036998522381486,9.80399872799353
22960,-1.3403959885300352,-0.8411902666354557,9.650461634679115
22980,-1.2605281468778875,-0.7034879688886929,10.180320558822933
23000,0.04364864244197088,0.17895715725028938,9.653753657746691
23020,1.2817409363161798,0.7726372237760778,9.609112462912497
23040,1.5121281330405452,0.8366554817466849,10.06001090695316
23060,0.39350918878233576,0.06535501777692482,9.982274054088911
23080,-0.9442186569015814,-0.3505657612401093,10.220613174927733
23100,-1.4435198916465135,-0.9881479842361073,10.154077085735008
23120,-0.42489119309951273,-0.12791615983136734,9.723773975555469
23140,1.076133505096033,0.8637627338404644,9.450933928092788
23160,1.6331416039790452,0.6455729828873136,9.958907392636908
23180,0.5753667509843013,0.22725905758471365,9.430485009706342
23200,-0.8534131706842463,-0.7834417603179653,9.291887210420452
23220,-1.239034617877661,-0.8813379768434414,10.42814762671875
23240,-0.6477907908080476,-0.5099180684878313,9.526453795232195
23260,0.7184241302100953,0.30989168997609545,9.300647121207842
23280,1.493760851272051,0.8813458087304237,9.509620600736577
23300,0.8349930455521207,0.6823810572300812,10.000833236917217
23320,-0.5725198274240393,-0.2300155218583211,9.561271256132978
23340,-1.6702615990839287,-0.7714699691081163,9.331844315982325
23360,-0.7902022185451002,-0.5591967644592462,9.489868060181081
23380,0.19938803272815694,0.2960469840353273,9.955818177840804
23400,1.4921481004028418,0.809176398001565,9.397926300414623
23420,0.9457446077453622,0.7656149996421703,10.043771781616785
23440,-0.15170832214854024,-0.08216598111032067,10.030069882083328
23460,-1.0996975742050539,-0.9880603447847836,9.607778124905684
23480,-0.8198160478575527,-0.9594130497327888,9.555435649400442
23500,-0.2901753680626955,0.04667207960125671,9.515224433021881
23520,1.4343234524478015,1.0000378612313465,9.858536487033321
23540,1.2231583076679573,0.4830414096045894,9.603881978936542
23560,0.4199144158577684,0.21894445852602196,9.090943777083039
23580,-0.9158903581461426,-0.7746889788364135,9.581305361066528
23600,-1.009970935155847,-1.0907199091093118,9.623037009865412
23620,0.017350041034689456,-0.19425203360190182,9.764560062190835
23640,1.2547652212135558,0.40057132430068537,9.336459441013574
23660,1.6620373245656734,1.257417813381326,9.441629170816292
23680,0.27109419889056363,0.49514646837133847,10.271815645063482
23700,-0.8108052475590203,-0.3307216384645195,9.395336447084935
23720,-1.5199712764499878,-0.8137361600145343,9.377588731848585
23740,-0.9485298057724212,-0.1630897611917443,9.841841881870465
23760,0.46872634224149856,0.35779816574164985,10.203090410796538
23780,1.625700728684052,0.9376426106458862,9.88459928830178
23800,0.7823742119551477,0.82300614789907,9.489184812030993
23820,-0.47957672564220694,-0.6269439805591119,10.177655309669131
23840,-1.1273593922625658,-1.0791060253038212,9.726418552621308
23860,-0.9230775132466252,-0.43330221024533305,9.35458083303239
23880,0.2733140640463903,0.08362047172576392,10.07647913987624
23900,1.2428169002095437,0.5362056825685195,10.040728781205889
23920,1.2168994597580716,0.8111409626033841,9.854364680248052
23940,-0.06740856140119966,-0.49267452375562404,9.318556349858302
23960,-1.241934729826959,-0.6922080622381253,10.02314218160192
23980,-1.2982331080078746,-0.7916615246497529,10.127188803235894
24000,-0.08222512251238012,-0.04338400774341921,9.928363054427543
24020,1.383233703728481,0.4207939736458278,9.720571074937453
24040,1.507931590076827,0.5387871779920073,9.711185636808954
24060,0.04147443587615024,0.29413119966229406,9.587082696647524
24080,-1.2531094774027054,-0.7740738040810686,9.114730718248582
24100,-1.4715145029825056,-0.8840503390298301,9.661476430711062
24120,-0.18867219999057422,0.02435137195016837,9.655118507403921
24140,1.3650281662106454,0.44693100012938713,9.580672780782917
24160,1.482404785588909,0.8765474659668763,9.573021064832066
24180,0.759489704292865,0.1408168583058874,9.90894515389306
24200,-0.9324814102049891,-0.7039788663689152,9.690267330999584
24220,-1.2946697102850824,-0.9443089609889007,9.904216177959096
24240,-1.073480758070492,-0.5617207504031403,10.056702457463237
24260,0.6832145139767213,0.2788611363881399,9.498515582557852
24280,1.224601680602327,1.310970238662729,9.720238383448155
24300,0.796877522077575,0.7115252653647032,9.665440622917767
24320,-0.6744799857010192,-0.29835578426411835,9.983759143406598
24340,-1.416521285383066,-0.9142372689543147,10.087015501965206
24360,-1.0246476039304395,-0.6318402844051942,10.215112701406584
24380,0.3468368435277903,0.373293620919836,9.797949862269357
24400,1.375322502507046,0.6992934855709521,10.03099840054193
24420,1.213008161518934,0.6596411685219293,9.849900316431695
24440,-0.2228958364889597,-0.017754329023387055,9.387943735519839
24460,-1.353198316167671,-0.8943527813979795,9.3989229606383
24480,-1.5922719931923084,-0.7376285498988684,9.955927686188348
24500,0.048708752445236245,-0.11576081893995581,9.973516929774906
24520,1.4454833044222966,0.5785255060409442,9.68277229036793
24540,1.1492055035900124,0.7021449805696375,9.730676517051595
24560,0.38825868622462933,-0.05835022400258197,9.68968410397233
24580,-1.322547223389754,-0.6283823712481125,9.07927168231915
24600,-1.5616055236447215,-1.0776692864178428,9.72426549354715
24620,-0.2825461984328042,-0.2270831172268374,10.056872037383028
24640,0.826888300132167,0.9140716455692035,9.39736990194863
24660,1.710221551548011,0.907508398229516,9.933569709656286
24680,0.19148685255865416,0.332998030071376,9.806442048352428
24700,-0.7657019067234077,-0.41933865077334803,9.627437869238104
24720,-1.5363442412906918,-0.6659588456245132,9.749771674439119
24740,-0.5684435838298169,-0.47635508397265314,10.308354096893382
24760,0.6435155881030237,0.2340010443022225,10.112995501030806
24780,1.5748804570758168,1.0675285326404271,9.861287044001601
24800,0.8972503025191927,0.9364354451383095,9.613062217808357
24820,-0.777712126311026,-0.39575565007326463,10.309564368778894
24840,-1.9740548997516518,-0.9875380393100343,9.555823439563358
24860,-0.9294913843085633,-0.21304636650579623,9.393228658850793
24880,0.41358485684032126,0.41224508852509756,10.198947547777585
24900,1.3002736374840935,0.8927753931963188,9.860801748082539
24920,1.2390293584622523,0.830530919966838,10.204270880959182
24940,-0.3285166794147021,0.09003460471915908,9.755392043188762
24960,-1.2506758858512497,-0.5181453165803966,10.028650311986343
24980,-1.296998699797878,-1.1188486190968812,9.478753286776554
25000,-0.1689261483420554,-0.14000296861049577,9.726783435822474
25020,1.3816514728581986,0.680804800726169,10.048716970545653
25040,1.407004260356228,0.5099242221859124,9.761441159843386
25060,0.3873318926562396,0.07504346080531374,9.305828900430017
25080,-1.1518584366577629,-0.8899504410820205,9.62203422356561
25100,-1.3782837650297195,-0.6018071640334717,9.838281017746205
25120,-0.6054279664642183,-0.517545986847473,9.313278961252262
25140,0.9607945994335638,0.41839596699200854,9.122789237934416
25160,1.4886639082157287,0.6260246883191118,9.796567177314706
25180,0.7782627414401664,0.37042541099692,10.144572729913296
25200,-0.8586089262836764,-0.7154099432203163,10.112136586931769
25220,-1.296863111340202,-1.1590509724603306,9.714009621463983
25240,-0.8367071195860466,-0.2767719065609384,10.122726874699637
25260,0.6905873451783112,0.49839348693595187,9.805716295543295
25280,1.4732120069185708,1.1475434138512837,9.781893233504656
25300,0.974419240434248,0.5807793652811493,10.123359631516102
25320,-0.5033261894912934,-0.7893035617668553,9.32513861596188
25340,-1.4350264916694786,-0.7816248404554715,9.508940895298938
25360,-0.8250867024531623,-0.5648617376375481,9.819695373896268
25380,0.5871008496338779,0.23216991669062378,9.689455696798062
25400,1.6580897804061863,1.1495949311222997,9.690622499893301
25420,1.1181779570425818,0.8110747021194042,10.101708726183467
25440,-0.2922976279136014,-0.2863992977772145,9.673917776144398
25460,-1.388648075082139,-0.6556070093203354,9.746298738407843
25480,-1.3167550751612644,-0.9962387569067686,10.288777204789412
25500,0.1788258087435246,0.05401982002885701,9.612580799036111
25520,1.1754524733372902,0.514150369452269,9.961849858169515
25540,1.3219334650325405,0.6528216030585556,9.99336930132118
25560,-0.046187434328871124,0.008095382904853565,9.520382651630875
25580,-1.2058672082140378,-0.4317124069670952,10.046477994077376
25600,-1.6230463338006296,-0.6910581072189581,9.644240636008814
25620,-0.5459076487679314,0.0028547117314440817,9.485052251422001
25640,0.9565298331326627,1.0000237068297622,9.305159927096053
25660,1.961214528067289,0.6421291833766026,9.819739048643983
25680,0.2825018779003454,0.18594611197013006,9.94965128769146
25700,-0.9169673207263329,-0.7347201763400596,9.643458488014508
25720,-1.2739176200904332,-1.0659794976382488,9.493748293954637
25740,-0.5246440513992896,-0.4603934118361826,10.028086242544626
25760,0.7454860796265683,0.35629236156786914,9.524272592093492
25780,1.4792346564254697,1.0620629825925663,9.714573535533715
25800,0.4207763761292284,0.5803814205398832,10.17590806532731
25820,-0.43527914094320197,-0.4704163719493734,9.678177617767084
25840,-1.2772425361442654,-0.5232370138844917,10.009263264238859
25860,-1.449400294767298,-0.5902835929475096,9.680080822731576
25880,0.13517484565029714,0.44364144032867203,9.463547902513245
25900,1.3568129234464155,0.7222429425428356,9.846427059384679
25920,0.886333470758481,0.9799938745641128,9.794707303655558
25940,-0.19265289625001944,0.21671298316329335,10.176702929071094
25960,-1.4066160969650006,-0.9212289256442119,9.798648092465074
25980,-1.282440796537147,-1.0639051279949745,10.164979118236912
26000,0.3024751866892769,0.1598513732334899,10.250654596608381
26020,1.170231673360458,0.6384683799169169,9.499168808498064
26040,1.2055248633514848,0.9781236833183501,10.036595090238157
26060,-0.051359680456487006,-0.24015096807635983,9.935142826138014
26080,-1.258224992119247,-0.739566640280338,9.917048291901681
26100,-1.12787677300509,-0.5538549869239048,9.694027514195808
26120,-0.6291970689241364,-0.36411330838230244,9.730243940147622
26140,0.7810663482980569,0.7117701877117778,9.649135239442707
26160,1.6203522999823168,0.6097448918881581,9.423651457699664
26180,0.7343960172203489,0.38137320713296136,9.633401181632845
26200,-1.1275848872257834,-0.6607124380385775,9.823254982550711
26220,-1.351910438699545,-0.9026096527414151,9.46188799484164
26240,-0.4604506651132447,-0.5972375932701168,9.569454980172118
26260,0.8830166379044292,0.3166676127839021,9.669034941013294
26280,1.6517828198193518,0.866901895209102,9.352119586433274
26300,0.8172843925096567,0.7348915703536025,9.602378236642151
26320,-0.4688372973095765,-0.5218867398264264,9.641472252500172
26340,-1.2425222529780022,-0.8452674098984259,9.94877483254199
26360,-1.3383367747829467,-0.4613763225701895,9.894825101545614
26380,0.5658379428071001,0.59019684079137,10.168848917110385
26400,1.4096399185638204,0.8068485951746971,9.265734446937628
26420,1.1292167778626099,0.9043376190682205,9.846472964575424
26440,-0.09520912690580613,-0.22251405050531836,9.755889259901252
26460,-1.050891629811571,-0.7500067603655906,9.631213610896758
26480,-1.4323952616953313,-0.8349559788765665,9.658984722869555
26500,-0.054608271781242265,0.24616578759030147,9.772373495074387
26520,1.031612076504605,0.5581464288058521,9.919211152621838
26540,1.4363959160482116,0.8515509487252964,9.792162542574507
26560,0.19550821942773916,0.09327511599068737,10.071886056680729
26580,-1.0894377229137542,-0.564195130522638,9.89601024387826
26600,-1.6143103401882948,-0.9303488699517464,9.657181089588576
26620,-0.3449942918914314,-0.10853543235461777,9.563820272798523
26640,1.4756812497509195,0.2629807237506468,9.939701097421787
26660,1.3679097013667307,0.6325421945392091,9.941906556843481
26680,0.6578877941583221,0.09509873294381171,10.091640966753179
26700,-0.7703678272257479,-0.47872350680927755,9.720282871604146
26720,-1.6497470518346489,-0.5993151582354079,9.859347169244012
26740,-0.9383574606893396,-0.3001734482773664,9.620352865570798
26760,0.7781373691061717,0.322463309463441,9.722466905363971
26780,1.4565940756568576,0.9563935148915182,9.88201360899437
26800,0.6870561583919742,-0.07597893472900963,9.764798264459074
26820,-0.40140716989588376,-0.27140589181626185,10.080945943747718
26840,-1.2015873307633955,-1.1191745143758192,9.447719519305682
26860,-0.9547306984868034,-0.4673767839629429,9.865097836105678
26880,0.6053742379383168,0.144935563511088,9.6944938351228
26900,1.2948584167684565,0.7164491403926423,9.762651336335601
26920,1.0875286030020959,0.8546084992015827,9.851991710299417
26940,-0.11080965309231593,-0.13706196648243613,9.964302260108933
26960,-1.4742537472035866,-0.8831697587705347,9.58168502528283
26980,-1.198371091781949,-0.7328456382007847,9.688425352738186
27000,0.11420522778074352,-0.11808606541106044,9.46765090832915
27020,1.0136173526332237,0.7824441634461243,10.354762459466436
27040,1.5275529667122023,0.9986606576932685,9.335133742864938
27060,0.3823140690311538,0.08217663735158218,9.755135690299046
27080,-1.3976341357993265,-0.6369874209728574,9.777412252595159
27100,-1.504665381961309,-1.2160885515914066,9.726684147123457
27120,-0.5340724020746359,-0.41449854188233526,9.905323790496537
27140,0.7752359207579671,0.6326986813316996,9.846415447532914
27160,1.31407691056416,1.0103832229359289,9.389820023241903
27180,0.7990945297161924,0.6464892442576164,9.799150646765325
27200,-1.0029754709682925,-0.48956311518484025,9.429412057989467
27220,-1.5906576032002797,-0.9999095461882437,10.035725940381024
27240,-0.7053784536586302,-0.27635037538402163,9.522959857072923
27260,0.47254056410329714,0.15715410678540365,9.567917620168252
27280,1.5943244395557408,0.970598964500107,10.02569592706569
27300,0.867037674461185,0.6479625358323007,9.674516271940027
27320,-0.8060502216823167,-0.11024235654898878,10.316968294884969
27340,-1.2720889108724596,-0.8895119593232658,9.584844354460383
27360,-0.9254175284677749,-0.7392908113009696,9.528783925080724
27380,0.4803360806475173,0.22621119094092995,9.550120717595032
27400,1.9602363612701788,0.8843781412142976,9.74213124651707
27420,1.5010993457161312,1.033012247977561,9.49235476864246
27440,-0.16889133070713394,0.03627385904090008,9.375692676812703
27460,-1.176981089581229,-0.6070530666506782,9.782251904104001
27480,-0.8193651311432708,-0.9134626484637406,9.525752274123759
27500,-0.11724573071273853,-0.0365679851215377,10.094054657478766
27520,1.1176411995854616,0.9069050254591762,10.116074596098322
27540,1.685247393196234,0.764125991397751,10.211865024236225
27560,-0.20392553982611672,-0.10117110105484728,10.24240086278318
27580,-1.2434240259850253,-0.4982460081649936,10.096530775035736
27600,-1.6580464985761183,-0.9802611442419268,9.817987835630191
27620,-0.43846889973840125,0.16067449035089476,10.09777474348009
27640,0.9533168132664591,0.6453213197024691,9.557053782507058
27660,1.502532827622304,0.9207519294394106,9.674679915761187
27680,0.6026624984310739,0.4859177861831887,9.685696818571733
27700,-0.6918746086899221,-0.6497083073627524,9.529345211576468
27720,-1.34077336364522,-0.5944809995754833,10.02087343741909
27740,-1.1373945457314236,-0.5485666862996762,10.188924834400783
27760,0.7162282004165529,0.3102839005342411,9.695780834360086
27780,1.6521194720511565,0.5658762855259857,10.159372181287498
27800,0.9086784572782475,0.7856387071857578,10.019055997249676
27820,-0.5435214000099288,-0.5229888805360688,10.014450951072108
27840,-1.3531507679032333,-0.8644266698996768,10.29295849782354
27860,-0.9112329860923165,-0.6514917415164099,9.655712108367771
27880,0.30397243380707195,0.232301492589703,10.076733087876962
27900,1.6086794624399847,0.9450892561989277,9.60886034621062
27920,1.173172830771395,0.6035164158572307,10.465555192616087
27940,-0.21098459342331227,-0.0871204510030138,9.65412625900636
27960,-1.1779635030919504,-0.7543970195782866,9.67240935890093
27980,-0.9434245039988083,-0.6128583684253347,10.03322262458354
28000,0.14784710185386443,-0.035899816923402376,9.959539173091434
28020,1.274104215378604,0.4870506912204408,9.473420854048902
28040,1.0601827185109722,1.072150816594218,10.455871025739887
28060,-0.1587044227708905,0.4589115374464756,10.241160031334543
28080,-1.1674217565699645,-0.6202305381332062,10.092285353195662
28100,-1.3224989629539012,-0.923653242333205,9.69108916439442
28120,-0.14449420908584348,-0.5021848836994887,9.412879650751202
28140,1.3348320487563534,0.6893076751015601,9.654325715871703
28160,1.201599523145202,0.8496384122654321,9.950355072035224
28180,0.7316589272252655,0.576538656259173,9.982906310331686
28200,-0.9993011181432163,-0.5292316930965267,9.499485308296988
28220,-1.3778923355760753,-1.0561713841580853,9.673697355372175
28240,-0.6309845058153224,-0.5391251709166215,9.771879659616554
28260,0.6100687893563229,0.44482204412261156,9.567951392130974
28280,1.7346948411241614,0.9907827796788068,10.009558114171174
28300,1.0282638285623809,0.3886969353965712,9.785249310220665
28320,-0.6875834251282987,-0.3153784931756959,9.155870161251878
28340,-1.1896317791206183,-0.908766346517094,9.803735800787846
28360,-1.2305412637617923,-0.47643257673518935,9.415815521858862
28380,0.3483251489934846,0.39499467224852164,10.230692094402052
28400,1.310335030557358,0.8453429615117787,9.999097914610596
28420,1.385491514219459,0.9893804147509335,10.54235713308228
28440,-0.08709841837565196,-0.11988750963789001,9.33701027997706
28460,-1.9275979210552707,-0.722429838054258,9.7131359275163
28480,-1.3318384366938179,-0.4395377346778361,9.661046562187277
28500,-0.007362357585568693,0.23716668534797064,9.708222733311212
28520,1.1169167028340217,0.38020567330717236,9.86314751944964
28540,1.431354453627329,0.9353460146372077,9.314078623119544
28560,-0.0964705222832325,0.27205023369992537,9.744005762588861
28580,-0.9491502768196917,-0.6727015077399774,10.088315053757013
28600,-1.4107617433769197,-0.7154387423558155,9.7764665416842
28620,-0.45506701673140254,-0.5200863875988297,9.29869166173411
28640,1.5022580594199326,0.6818170765320748,10.662871447067507
28660,1.4508652311548682,0.9302106798361965,9.727084676479643
28680,0.49802365878311805,0.5407015294525734,9.871834144575487
28700,-1.2303153433538747,-0.788497358060781,9.87474976029874
28720,-1.5609645811831319,-1.1230103017733717,9.99667053265495
28740,-0.8724205374674516,-0.46376117752048196,9.539978176078964
28760,0.540459766482024,0.37171983880340687,10.018241948382046
28780,1.3769347871510391,1.0536213584812095,10.2767500636557
28800,0.825568747125314,0.45266091081967585,9.404453839014419
28820,-0.7417933597888718,0.10085692233371257,9.752662896563335
28840,-1.6259103548708278,-0.688908911223223,9.573546145425928
28860,-1.0968158441446652,-0.9105533077781722,10.19382884651548
28880,0.20881553886568238,0.4093684131325388,9.970268833549685
28900,1.7263398229160425,0.8631168298816497,10.10732536780457
28920,1.2333020946371644,0.7958916050025715,9.58443271366517
28940,-0.33287215988626273,-0.08469306327458831,10.020266310657501
28960,-1.1984913610101113,-0.7222332450265648,9.971540835569394
28980,-0.9263469291176992,-0.4286743381008805,9.762151894822964
29000,0.1692171144827031,0.23627683835620597,9.916176803372586
29020,1.2770203641862956,0.8565270535298113,10.047954404193998
29040,1.2736014501061155,0.9736156262065938,9.494205952995674
29060,0.6910620017543045,0.4585919242713866,9.414900722298254
29080,-0.9248578984154819,-0.6884789406235856,9.47170452267637
29100,-1.4204348563724596,-0.9346885220583752,9.667489877313379
29120,-0.4908942450146271,-0.1909633368922683,9.732138393936559
29140,1.3449639287077346,0.6768081110033215,10.082400511366945
29160,1.0503930738500653,0.7265810513141658,9.631339039892216
29180,0.5680761596706855,0.5464458210136394,10.328722221137891
29200,-0.5968679293782756,-0.8199743408758142,9.746298921479584
29220,-1.8552947763879073,-1.1376258437965145,9.535209763002488
29240,-0.5570075354355226,-0.522543279279063,9.341333868024762
29260,0.9036318020989149,0.616618536279754,9.454971093335212
29280,1.2463163627321254,1.188781926370702,9.304268978285211
29300,0.5322997232684084,-0.0696620390600472,9.754529036440793
29320,-0.6664669136250001,-0.15440699824714516,9.21994490696113
29340,-1.5026412042967496,-0.8042176412772191,9.995141334825673
29360,-0.7224547378103809,-0.5566758885619513,9.955913988852357
29380,0.46669411404190453,0.18061649634357307,9.85542721429439
29400,1.498279537825954,0.970768972820478,9.586733618462247
29420,0.7429300358191913,0.7252778507323568,10.078782867456418
29440,-0.6768175379661321,-0.24615548493394396,9.871439514437187
29460,-1.4214848568005594,-0.432429205566418,9.6734450233667
29480,-1.470791282168387,-0.8885935853255356,9.704797214593015
29500,-0.2318918599494486,0.10412348580232951,9.63634289582374
29520,1.2145474513765198,0.8943198785325414,10.125472895600224
29540,1.6562158496268944,0.6133038536953838,9.997932618462169
29560,0.3706221304029067,0.06681344381378858,9.247336770699956
29580,-1.6627756982912274,-0.5662930173079956,9.66151915101486
29600,-1.526234267755709,-0.8923616820768056,8.765839701106271
29620,-0.3322055379332667,-0.573840810554143,9.551229882838943
29640,1.2182872066787447,0.9050676894030472,9.771462801165573
29660,1.1148820318222552,0.8917619675034643,10.076665099066684
29680,0.5391293337081112,0.5295198431107448,9.381926095772462
29700,-1.1411687519783404,-0.43615673909088093,9.758158230088673
29720,-1.3688494228023294,-1.4838099515897656,9.919036788124387
29740,-0.7622373303592984,-0.8153605569459085,9.802008685842633
29760,0.6726271155072492,0.4873703091250279,9.925263954116227
29780,1.3784910340591523,1.004281776646537,9.949138592896059
29800,0.6641079195070565,0.1015511789359399,9.948927045297006
29820,-0.6065704351486821,-0.4509558014453761,9.245765753319775
29840,-1.4324463710213826,-0.943461442742062,9.639322658112889
29860,-0.9654547162109468,-0.3164760851077526,10.216447125952817
29880,0.2940819126102341,0.4258631422848221,10.17180594463414
29900,1.1864843857751977,0.7982051011404131,9.388712337056766
29920,0.8829998372623026,1.0521252195357527,9.83308157409853
29940,-0.230365013698976,-0.31166714522435535,9.846386410883689
29960,-1.3195202827621593,-0.8228998011798073,10.121990278789301
29980,-1.2567978729801963,-0.8047954612521282,9.39885168081504
30000,0.4067619364043212,-0.2592893196516967,9.821517550680266
30020,1.3553160684899739,0.6888535401629675,9.901982087930625
30040,0.6880535526343559,0.781760499571301,9.969023151837808
30060,0.049974470439930446,0.029427542578464305,9.341621028349397
30080,-0.8424253744003642,-0.5305943076879139,10.075202257514377
30100,-1.3217175552175946,-1.0699776075766616,10.095282304339376
30120,-0.5895599364739575,-0.37686819027244267,10.066837744726921
30140,1.008637192710432,0.7584923384249019,10.082353267345317
30160,1.5549556897351031,0.9342579277133958,10.172565079666036
30180,0.6298347014888915,0.11633213441780446,10.159356466468871
30200,-0.7525055358196561,-0.5631765290830375,9.704267632784733
30220,-1.6050873712411171,-1.0606380163947977,9.570351065293329
30240,-0.84974824586614,-0.5081561757395735,10.314257058276588
30260,0.5227256415839555,0.4944148566738231,9.697642526941197
30280,1.4978678410796717,1.1157433094502756,9.761562263905125
30300,0.9888763967877234,0.32604076790490755,9.762427862835256
30320,-0.8436643920410385,-0.5010837861516602,9.178862352513757
30340,-1.3922724131059456,-0.5869696384717401,9.46624615042634
30360,-1.1357849801645505,-0.4275194148297816,9.485857838962735
30380,0.3331827565422542,-0.044791694535018356,9.23567462619751
30400,1.6008943725157798,0.9896520712384719,9.73402970656449
30420,1.06906789585562,0.6609297285216525,9.787704158283601
30440,-0.5766728751905217,0.2871867977492501,9.56121924878413
30460,-1.5567360759925526,-0.6471556932836614,10.248413662264277
30480,-1.2227351884237254,-0.6525598243793064,9.672670349406252
30500,0.0843384753216134,-0.3585012506328055,9.552623392009927
30520,1.150068891461174,0.8879804862929292,9.587925237018279
30540,1.295969973075727,0.8571517836497237,9.669357834046494
30560,0.48126005792759446,-0.014641649661201142,10.090078492845473
30580,-1.1611452081295404,-0.8552032189992227,10.133404030559362
30600,-1.1768064010896453,-0.9405128367342678,9.990165544515317
30620,-0.2507148175832091,0.05510045629341645,9.996222701290334
30640,0.8139604016125707,0.6779565315310883,9.279901420571441
30660,1.4502002257523328,0.9503336966541008,9.665293549225145
30680,0.20913487413387394,0.5986890565258844,9.886829830396959
30700,-0.7223806091259285,-0.5591976005534424,10.176110855095448
30720,-1.5318810683689703,-0.7696958235073654,9.709263859241942
30740,-0.9204203871246686,-0.2992816655702282,9.615127304600172
30760,0.9340879531052594,0.6255631223935022,10.241898655748132
30780,1.6175560163878833,1.1216082863124257,8.98376429778122
30800,0.7344075802317027,0.549969642320459,9.468902527114611
30820,-0.5507448449806188,-0.45401765712766207,9.918621825046234
30840,-1.6339095561910106,-0.9410215908147561,10.023121349156302
30860,-0.9525580045199912,-0.5607320468282339,9.683991511682704
30880,0.4423439331302681,-0.0067029461149976655,9.63606905452732
30900,1.159974664137636,0.95751556361044,10.256737020714972
30920,1.210471596566315,0.9862262640632482,9.607197036119013
30940,-0.020076895128627092,-0.05253603720493186,9.888182696584472
30960,-1.1468217160750966,-1.0493058053021813,10.620448998731959
30980,-1.2101398585860084,-0.7256410200250042,9.978053282386822
31000,-0.03198746078547246,0.17894102991008085,9.849371012816338
31020,1.6493933659817674,0.8561309718993356,9.895151995283292
31040,1.3417810784514088,0.8627594223845991,10.070213317201372
31060,0.1583902372932735,0.4038383807788364,9.377888031214376
31080,-1.0457031020968042,-1.044909174111625,9.474261868722888
31100,-1.2407057124969265,-1.0234173716412671,9.442113551038036
31120,-0.5533378580882902,0.1923619895822109,9.821438945910542
31140,1.2954440918514032,0.7934219881289208,9.701891745748602
31160,1.3877355835107237,1.142286026365757,9.565237088072323
31180,0.6031162017228999,0.2527980893312774,10.135284781508147
31200,-0.812780727780505,-0.31154552427607013,9.733511515769736
31220,-1.7295714744313,-0.8254374803072301,10.250112296837388
31240,-0.8048422896850536,-0.5310368778735103,9.861182026401675
31260,0.7664725741103138,0.8457200008990804,10.241624826207005
31280,1.5795080057435145,0.8148852475298843,10.102008210686149
31300,1.1421742380758246,0.5531826543034045,10.402927519864605
31320,-0.5867162290358011,0.2489217769812055,10.143616413813861
31340,-1.1156940071508892,-0.7053564084198201,10.139716335989482
31360,-1.2177950771159363,-0.3413471458890642,10.047488649597335
31380,0.10066526009109417,-0.09114538427517824,9.88951261877556
31400,0.8136074628085291,0.5402227468839779,9.539122518137804
31420,1.1715674855243954,0.9088416718520765,9.868225623858812
31440,-0.5688966758586351,0.0248601572877174,9.629583028355723
31460,-1.520320547074431,-0.5261077758244022,9.5109078388136
31480,-1.0964918973231883,-0.6734985420034212,9.736234660263577
31500,0.23269528383451032,-0.015029621911416267,10.02679419684354
31520,1.18449754702295,1.1001990495172247,10.05782033894499
31540,1.6797977853332222,1.0443746867015908,9.762657108342813
31560,0.21671136086353443,-0.022903650937620937,9.439613532269027
31580,-1.3102520727867468,-0.9479821034019269,9.700922869568291
31600,-1.160113953215067,-0.4481165370524631,10.141588045532982
31620,-0.28406912611535107,-0.13728908969148992,9.980661619390704
31640,1.0510766780739917,0.593983533589359,10.08885576782735
31660,1.4993357292473346,0.9151946366663206,9.584796652581497
31680,0.3757748141866289,0.43876076310677975,9.81369562130735
31700,-0.6689148998076155,-0.4781421875908898,10.131134861391821
31720,-1.3502471580532907,-0.5487441238799207,10.193162517055343
31740,-0.832132126128546,-0.2898087616964138,9.397484063639121
31760,0.5222691008898543,0.07399192894149464,9.58283393411844
31780,1.650148458737926,1.1933344119459837,10.022160084391057
31800,0.6770017713100354,0.4191824460828468,9.960229307046788
31820,-0.07593983544154842,-0.3174392014125463,9.611829051073615
31840,-1.295606575889274,-0.8325541107883765,9.60894077788766
31860,-1.2998039485030446,-0.9215356878868366,9.227762033104318
31880,0.2128137763736227,0.44534221239017124,9.614743892981735
31900,1.6966469887332287,1.270772300548598,9.690127980074337
31920,1.1708661979397488,0.42932019439075136,9.575459320542352
31940,0.020191403792521323,-0.5084448120403476,9.318733739773661
31960,-1.2408365782900914,-0.5189559584003351,9.791608476157949
31980,-1.1823707620735389,-1.0133746496430565,10.792469495880882
32000,-0.23842484690126794,-0.13789501826147169,10.276964649386443
32020,1.0723415460289143,0.5308824650877627,9.826578483147836
32040,1.3191048096663673,0.9393213725593873,9.876675789348079
32060,0.2806481288391375,0.11459161153407395,9.896838193900704
32080,-1.2484937602940973,-0.8153726301777187,9.285151263824863
32100,-1.8180773455014054,-1.0639429447443043,9.754365714797897
32119,-0.5478619529222188,-0.594509486952792,9.765202926471657
32140,1.2060248513057472,0.7149062315682884,10.206328909198886
32159,1.4101428490938848,0.8066522406234857,10.067900348579899
32180,0.37912534873597914,0.5160823447749311,9.489303874918102
32200,-0.9633444549960248,-0.7376529302665806,9.715978768816612
32220,-1.5035711032324224,-1.2203826567023266,9.715075532238583
32240,-0.6888874513253115,-0.5044667981429947,10.038941154731882
32259,0.6400114095886408,0.39603612704153646,8.977342279233552
32280,1.4673522578881033,0.524900070532696,9.974733111100036
32299,0.796697892408418,0.5092101259796954,10.149216041737303
32320,-0.15197809233375176,-0.7748258788397753,9.382158374553056
32340,-1.5075032310937602,-0.343331123939555,9.620727290656669
32360,-0.6695416201677374,-0.8718731321674004,9.831769814780154
32380,0.3432809192157443,0.494974654851568,9.487485752446613
32400,1.4785901811661208,0.9478554043746412,10.111617626547998
32420,1.0912846320879994,0.7857150984019171,10.074824921616862
32439,-0.7346624344203396,0.1694198477545992,9.723741847090752
32460,-1.2836644765119956,-0.7512776652085604,9.9753305824587
32479,-1.0742169939233523,-1.1947754740329313,9.526135615829407
32500,0.24806699617537548,-0.23559440200827247,9.686851587119843
32520,1.175978564570833,0.5591522333841106,9.822143364862612
32540,1.633547414906635,0.5754040392857497,10.045518296036267
32560,0.041916837108642635,-0.25236845756761195,9.943849176754005
32580,-1.030034482038157,-0.6800490764538021,9.476734661208166
32600,-1.425496755843033,-0.9229041598926254,9.35839012090876
32619,-0.46102279293034004,-0.23105661832553692,9.874033819355805
32640,0.8221485657816086,0.9903835988037621,9.734234532597526
32659,1.354411697970956,0.7855924546132023,9.970894732019186
32680,0.16351601194664017,-0.002883312682519956,9.34480962363724
32700,-0.9476927467732066,-0.8518795281711953,9.560473212178822
32720,-1.4903080592316786,-0.9587430303480066,9.725221844111907
32740,-0.49132429279495043,-0.5801098643072651,9.654431463829109
32759,0.5205392346291369,0.10793318825766346,10.078042309762786
32780,1.3718166421504099,0.9241088863757335,9.642676796723913
32800,0.8314804133644462,0.26352587111253095,9.706134248169594
32820,-0.6942491779945563,0.061273341404415704,9.615083651048128
32840,-1.2067762363015495,-0.6965950329632189,9.897145360868734
32860,-0.829977402307807,-0.5907109578184873,9.881338375026623
32880,0.1683876186974439,0.39173464044198736,10.268974099823057
32900,1.7112777707566509,1.1044792371959715,10.314065928820217
32920,1.2351716998209512,0.8149068375070387,10.01911679187037
32940,-0.25199704057791783,-0.2803044027496492,9.590198884036138
32960,-1.1786633992724695,-0.9015208071344237,9.70717653521105
32980,-1.1072087114215776,-0.9526744714951543,9.768281952561955
33000,-0.17823351900329945,-0.1317494029195123,9.75813858662465
33020,1.1826109765413948,0.5852270078675816,10.247869411437746
33040,1.0783824074136579,0.7314189032978068,9.514282672124
33060,0.12302436903252931,0.2995387658394599,9.828794998291855
33080,-0.9266535144086904,-0.5955327341472509,9.619324086170511
33100,-1.457707160544272,-0.7121277015925859,9.730011878654109
33120,-1.0452671419723623,-0.3597067286536249,10.036551836773867
33140,1.091219610996053,0.7680763928991674,9.8881922630785
33160,1.1424985029676975,0.8826193698893695,10.422954730277349
33180,0.95872982366784,0.1913218770210244,10.494276763702679
33200,-0.7858968097215298,-0.6835210496595205,9.58913996646386
33220,-1.5812681201459,-1.2128409142911212,9.934943770694062
33240,-0.8327668554359838,-0.4720743274306268,10.292525044577788
33260,1.051405849028309,0.31143926977678815,9.994237657378346
33280,1.7793121620522099,0.9816705665660135,10.257508915621148
33300,1.2983006550620124,0.46754761838662423,9.710772944266356
33320,-0.5225349082981647,0.1699267571773343,9.670699142603347
33340,-1.9190490445437283,-0.8574427292109233,9.64274212562466
33360,-1.0176013342802983,-0.5708540804061096,9.741334884588428
33380,0.45219161828638504,0.4145290587899354,9.459821742649952
33400,1.3331527690369713,0.9876252904868404,9.957745874353046
33420,1.2967739221108578,0.802126228590848,9.539820629620232
33440,-0.2143339087236648,-0.4105789942948569,9.62831808270753
33460,-1.2031491712186388,-0.8031013333794783,9.485844960329263
33480,-1.1593340101263765,-0.6453087406680981,9.73074271621231
33500,0.1600520851625663,0.1290347148622825,9.662735644866897
33520,1.3988415864624482,0.33689060819197647,9.714415439342336
33540,1.4598505463012896,0.8696417189767645,10.608717833229747
33560,-0.057254515705711245,-0.013346783840299775,9.806563376114363
33580,-1.0430661622364754,-0.5434488342991571,9.38013054127869
33600,-1.391570795356199,-0.8008040740647467,9.239610410097566
33620,-0.4464686779910522,-0.25609865189728404,9.926618632854371
33640,0.8607214887293213,0.43829120009614597,10.151402706242806
33660,1.4677239820478514,1.2004876666236717,10.021255587171309
33680,0.5690815148910862,0.3874514410637262,9.556979002654346
33700,-0.8086939865373357,-0.22477855975760536,9.684727730779107
33720,-1.5026580162450969,-0.6898869259415402,10.03502681252839
33740,-1.065779109406766,-1.0130122313591765,9.758243308478873
33760,0.5984785983056565,0.2618266591172743,10.240813945066042
33780,1.3511104416864232,0.8402465304416007,9.8191877919887
33800,0.7152512227355956,0.2521011455779081,9.863854381810851
33820,-0.4866789337161692,-0.1360262406014457,9.861866626646488
33840,-1.685907054800162,-0.8782642569035146,9.467903036739393
33860,-1.0216336052058481,-0.45602771792510616,9.874868342918342
33880,0.2987991110829421,0.3037384925014349,9.762728476390183
33900,1.3941737740456723,1.0363380071922184,9.952398299463972
33920,1.2093172201027527,0.5102743365243365,10.309787909433108
33940,-0.46870581564490016,0.30079853915217525,9.988425895099216
33960,-1.6790346154570555,-0.8733826904436385,9.819839047330772
33980,-1.3100548299834391,-0.9299598172301636,9.495156970840279
34000,-0.1512724620201702,-0.2241956128867309,9.896469341896855
34020,1.1060164284787264,0.7928135498286393,9.916589377696
34040,1.2585658328100706,0.9757536476445523,10.074359604352201
34060,-0.04446279633572678,-0.32384076498566505,10.042002065257625
34080,-0.9597652308922481,-0.853069599329987,9.893890492023589
34100,-0.9722908685224707,-0.779626514245443,9.536901484273685
34120,-0.10618512337784786,-0.5269193516046373,9.832371734268238
34140,0.8318267607422031,0.6193085298070017,9.663913155885979
34160,1.3832620292395417,0.7406106295081232,9.100015012762599
34180,0.508536846694423,0.6283359324145064,10.199163928962932
34200,-1.001589830198332,-0.7118000685929057,9.705416032156098
34220,-1.7031854710173113,-0.896449111789997,9.886353677331506
34240,-0.6598320725040611,-0.21207657620644726,9.73272215060471
34260,0.7257763701968453,0.3590584308067635,10.357575292643752
34280,1.4903737001790083,0.6591451170625958,10.33922840105955
34300,0.6368484295563661,0.6154000172383264,9.451555741478398
34320,-0.562499880284112,-0.20343957962150938,9.65692767035278
34340,-1.5496688902976132,-1.278421609670836,10.060450542782311
34360,-1.1860526085549212,-0.7021887111274611,9.601000010480524
34380,0.10302052838862702,-0.24295237940601447,9.705901756069437
34400,1.539019616627292,0.8751845541878929,9.534414771916932
34420,1.1695709705028086,1.1625229833461088,9.486906536888249
34440,0.37619376934436444,-0.047369443074125606,10.337058258786898
34460,-1.2567414112812845,-1.153029838620654,10.055181323456228
34480,-1.5825843772499781,-0.3852888580511737,10.099459047590607
34500,0.02749965950672082,0.09437864188491128,9.569251947776586
34520,1.209020365600441,0.9256788281531383,9.785029834133404
34540,1.5438118374805405,1.1760115695173432,9.779706902335908
34560,0.07296629724824569,0.35007975133230734,9.37359915145185
34580,-0.9407304091585356,-0.807300701542123,9.781733010340302
34600,-1.0774109111219567,-0.8707394856280494,10.022156522573166
34620,-0.23063927248704288,-0.4846866780536182,9.961775764698398
34640,1.4400013514844487,0.7658154635410819,9.49432032395094
34660,1.3025010302627527,0.9372039935049125,9.952403729686262
34680,0.5354625691767,0.08578277790215222,9.2678208417967
34700,-0.9077443234998085,-0.6491036010017345,10.414912206801372
34720,-1.7727707107871915,-1.1030947466697139,10.069955925716723
34740,-0.887388874393835,-0.4130091751785299,9.59176112025774
34760,0.8665742386500432,0.36816115435962266,9.650159663563496
34780,1.3446634797255985,0.9449921125093871,9.64935554580329
34800,0.9341091140555694,0.5646751127238512,9.905363955666958
34820,-0.579343713273528,-0.024426792237832506,10.24157616607019
34840,-1.1780434653422485,-0.9689542085671303,9.626044020019824
34860,-1.0996615755307166,-0.47227574992735954,10.03460494828849
34880,0.06652266730848078,-0.1133935334841493,10.36288908795398
34900,1.5321148388910801,0.7378237257714789,9.883789104952486
34920,1.2809737232559242,0.8562496403679689,10.271257414703241
34940,-0.10966051395964174,-0.08418852445579927,9.611790706339663
34960,-0.9542775880341691,-0.6407985168893592,10.195657545277761
34980,-1.5076721821935761,-0.42432530517669476,9.857335184991564
35000,0.1272015066940352,-0.3077228409209736,9.950832308010314
35020,0.9629948830232327,0.3874505734092349,9.775247667917489
35040,1.517916651506868,0.7678215134045624,9.928105971005975
35060,0.1807843561078846,0.05115724187217949,9.939814142199396
35080,-0.9874343527795808,-0.9880267828185965,9.627414221340832
35100,-1.74708206987194,-1.342725255517404,9.457506924729033
35120,-0.43722947337511187,-0.370419619997846,9.351190594624223
35140,0.9845809301850752,0.45742789273421003,9.388737653288253
35160,1.5148978147014827,0.7849845603789718,10.029425931432986
35180,0.7342076024488814,0.5537958670753445,10.120410096914236
35200,-0.6986418152805847,-0.3632935041206199,9.521376839672255
35220,-1.458283237025808,-0.7406516891421067,9.67025259880558
35240,-0.8948176949500991,-0.8455104231489591,9.603039617873598
35260,0.7972266777420252,0.2903682173944131,9.397833190071514
35280,1.5412667856460762,0.7811530636295847,9.643840338625068
35300,1.2590318167008667,0.805242314129867,10.239938202323419
35320,-0.7381599106769632,-0.690391944207833,9.79395437449418
35340,-1.358729521221493,-0.8572697537574688,9.862570232062717
35360,-1.3311069825651107,-0.46619493148856506,9.785946339139976
35380,0.3978380263904481,0.33494635224754166,9.937463665007614
35400,1.4309933217775115,0.981723057897262,9.303045003719355
35420,0.8557319180825327,0.8109097929066142,10.076141312655912
35440,0.1294861583254493,-0.06663949627644095,9.837966685979872
35460,-1.603260112793219,-0.5162802563970728,9.920830287413352
35480,-1.5166035443026589,-0.7527026748790123,9.836673160624535
35500,-0.2748446645162515,-0.20152113138070482,9.990809679265446
35520,0.8291804361493662,0.4447177257657781,10.00738043969994
35540,1.236262239630137,0.3184268820309145,9.708173342066106
35560,0.03598500751214334,-0.22124445685327643,10.094123429412388
35580,-1.0765941322230863,-0.587265412297088,10.269248186033531
35600,-1.065200566923131,-0.8741779256616413,9.400190292551402
35620,-0.4153967412328783,-0.2529387066243773,9.845863538153136
35640,0.7823172602355,0.45814636218090843,9.96941509367033
35660,1.5525296511313713,0.9581541183845345,9.864759992183236
35680,0.31959664413747746,0.48849986773204673,10.353723264687275
35700,-0.6551483942994424,-0.6584205511308275,10.104454902033243
35720,-1.4246256397477632,-1.2302296360447647,9.63165863387094
35740,-0.7293216170481038,-0.6728101712939019,9.952024657528474
35760,0.6659167065214281,0.4004498019968472,9.917645137662454
35780,1.3882208820199344,0.8808521264043285,9.423938841566486
35800,0.9584896526680319,0.48903378029657485,9.902792925965453
35820,-0.32898861116981015,-0.20192011548569064,9.564349212204624
35840,-1.2890371175851378,-0.8966051074422038,9.997002451379377
35860,-0.8745294699524635,-0.2021478799612607,9.197654475182906
35880,0.204745214187875,-0.28015083021586346,9.785839782690482
35900,1.3876100742119815,0.7145082990043337,9.805069323889613
35920,1.1823356045867948,0.2611193632789966,10.177074534032071
35940,0.09818817730110935,-0.19103283181393477,9.77107633523227
35960,-1.1718895998645449,-0.9443435895278239,9.604844798390547
35980,-1.216184523306872,-0.9726112594083748,9.626587562741186
36000,0.313495050219802,0.011719309554729279,9.501643559280232
36020,1.4790394967511062,0.8423946470279192,10.14855551120918
36040,1.2851179342758001,0.6160238976833271,9.752990727750255
36060,0.2005206497286113,0.348908584754135,9.688802528054866
36080,-0.981983812958958,-0.8405603048896011,9.53544741407739
36100,-1.4215312345863285,-1.070662972919462,9.921814805942706
36120,-0.24382842206964986,-0.323214293374268,9.318266215223305
36140,1.39762301506121,0.8370186638798103,9.946745046354021
36160,1.574863856195463,0.9676828663253709,9.65029556343413
36180,0.8703640776427692,0.09782746220046876,9.457995410890137
36200,-1.0208975566470946,-0.3946569014763105,9.742651986523152
36220,-1.5451893176321816,-0.6968878155242965,9.989875408517705
36240,-0.6566808098552311,-0.24072748685295065,9.710914518746756
36260,0.7962994812936643,0.40758641957326386,9.553792303945027
36280,1.4883927048127645,1.038459207658105,9.584781497420384
36300,0.5380362381584289,0.57621200052184,10.248274186801918
36320,-0.7818864050912687,-0.36709286274648206,9.484314432717277
36340,-1.5815317236781996,-1.010226607420423,9.318324556935403
36360,-1.083025550074848,-0.9194592686646039,10.241409005129583
36380,0.57873419848684,0.23728530776395396,9.677666350460752
36400,1.307780095196714,0.9499129754468119,9.745307125169447
36420,1.5389526615771452,0.7153407646340322,9.665491246936604
36440,0.19300988856545126,0.2814313066613834,10.162107733932666
36460,-1.2768491752033244,-0.9718204142291681,9.416479741652008
36480,-1.269930568884663,-0.39763311044399485,10.162301290091985
36500,0.24658095746455938,0.20867953402089387,10.20146103624332
36520,1.3276197662352596,0.47635993314119673,9.432851999649584
36540,1.4887549693714126,0.8486168431606491,9.893551437370242
36560,-0.016865087830722242,0.0647976496731964,9.830153708438202
36580,-1.246261948155168,-0.856670734921907,9.504908627256095
36600,-1.412486224534288,-1.0121310415375444,9.90260662406319
36620,-0.5686491806682357,-0.14818322150623203,10.335259014168143
36640,0.9819721900438583,0.5263143069202795,10.142639821981101
36660,1.6653855766073897,1.2190550178258792,9.925485437660141
36680,0.35293564267480587,0.3931764227582576,9.60586389366277
36700,-0.573630074753202,-0.5154285071713417,9.32012123785462
36720,-1.4703848886081743,-0.8276603951443277,10.056522166451726
36740,-0.9510436596798387,-0.4871069671514219,10.048280828828624
36760,0.8703145631537584,0.6331918900377624,10.075053815662477
36780,1.3416316436315443,0.6756075149965168,10.200190039815348
36800,0.9376897313661281,0.7406916915507018,9.606242062718268
36820,-0.688930744612611,-0.3469586852015801,9.730200394344815
36840,-1.3525232109747511,-1.1581844877233491,10.022866218107422
36860,-0.9141005970293167,-0.374059606362234,9.62536440862954
36880,0.4482397273048813,0.1112352602967618,10.575334679731748
36900,1.0760823401224198,0.8865443486269394,10.33731602506792
36920,1.222053366069428,0.531704083047946,10.219691075914351
36940,-0.14642253196060692,-0.09625983681782785,10.277388451145004
36960,-1.3623899516188431,-0.7556040521295586,10.094759860945377
36980,-1.3963573289701174,-0.7726031451919291,9.888753761002326
37000,-0.12860792983342453,0.19641081965093057,9.837441404127157
37020,1.360342287915824,1.0119362884688454,9.750299484207673
37040,1.6151977163054072,0.5560284698471045,9.735076468846795
37060,0.27573287722134265,-0.34375535753069325,9.180365674850375
37080,-1.0584014497436456,-0.7978578983022365,10.048613322642124
37100,-1.5903524889906773,-0.9391899478957424,9.91344424786189
37120,-0.5526706317263979,-0.33994700670001243,9.403595589468054
37140,1.005970348385224,0.539396688733821,9.97332366459163
37160,1.6409567008929569,1.3321100465489808,9.505348201047106
37180,0.9400723033395635,0.33458646658739477,9.389955836822406
37200,-0.9833268131685419,-0.7190163490160192,10.129477213187709
37220,-1.4979710396049188,-0.9528867438261612,9.738123611637597
37240,-0.7838203048259941,-0.6180213010253826,9.548508218340979
37260,0.8678496413837431,0.6752664887970372,9.074413986835644
37280,1.473706781846334,0.8887748250588342,10.13016022359275
37300,0.8821733585109428,0.9656277037419984,9.489225113230951
37320,-0.23348727995001012,-0.34953673912214145,9.85072801262308
37340,-1.3018211273128961,-0.9310273646062577,10.216308745601978
37360,-1.2225537116715737,-0.9124037821234003,9.608596985891419
37380,0.3241928997259224,-0.0007996340083720743,10.056933913528466
37400,1.4879864135144338,0.6903988880150217,10.204141011404934
37420,1.2393409713251518,0.48552884545511515,9.828242019407826
37440,-0.33251625438933463,0.15900237758536626,9.494329627161592
37460,-1.7875285380130004,-1.184189402344697,9.945424474174585
37480,-1.4564274942327136,-0.6877676718341789,9.282729885974648
37500,-0.09073566221436881,-0.06304998340996602,10.223814702148752
37520,1.1940752536587234,0.78206396247198,10.532649056657853
37540,0.9727248388701422,1.0002039932368896,10.073689671846301
37560,0.3642273266161183,-0.11806019419621669,10.177037412874448
37580,-1.1376484566823748,-0.8058339470491619,9.737592438865844
37600,-1.6130098550980612,-0.6844043571792764,9.910620967859401
37620,-0.40587715456833917,-0.2543033179997568,9.994289513782933
37640,1.0098500828312045,0.3462912092767819,9.2942479233004
37660,1.4163631752699464,0.6849041929978354,9.89694934820718
37680,0.4398611703151719,0.6924533989055941,10.046351842644432
37700,-1.003461931215153,-0.41458240028863685,9.71678113705511
37720,-1.522001365765976,-0.810618278396157,9.672854072217056
37740,-0.5527797400011025,-0.308151852040497,9.696713536225808
37760,0.573520062267603,0.49882258386128275,9.864082832358278
37780,1.4444240990077353,0.8979417364365814,9.100753190401194
37800,0.8085679508798486,0.2580608347299294,9.783847728198133
37820,-0.5914615922722,-0.06195203417175754,9.96187764110591
37840,-1.4330946404932579,-1.093252111806108,9.916521721544681
37860,-0.8586374576537904,-0.6448997713450576,9.84169279490332
37880,0.35191006970109623,-0.11366350757261082,9.78467641809519
37900,1.5251411362211493,1.0317449930954863,10.385910900896242
37920,0.9151408326331831,0.7099480832518218,10.075593073017913
37940,-0.4152927010775159,-0.24753250863196274,9.668917923278213
37960,-1.3739323602053335,-1.0774093544290018,9.52596771505628
37980,-0.9844287345520041,-0.6467061855239207,9.519567522440454
38000,0.02236051457709505,-0.31124722070562727,9.51332155988118
38020,1.2842642021171335,1.079489253343981,9.893784017080312
38040,1.055323057917121,0.48269637379602237,10.225517443353205
38060,0.12059298269839176,0.0036506579869976935,9.974564113541685
38080,-1.2202504179288947,-0.5754152145836693,9.621318024827222
38100,-1.5601752366409016,-0.7725283028006122,10.444792426403698
38120,-0.5296312226985908,0.07257052400938957,9.908338878208895
38140,0.4840835449270884,0.588863708082658,9.29025856681582
38160,1.5340711976624366,1.0689491243162246,9.659865271381655
38180,0.6642191390886225,0.4517870664080099,9.472189562639084
38200,-0.9430347226646559,-0.49838869021005755,9.6934694130042
38220,-1.7148320289001542,-0.8170200597262288,9.846876317816324
38240,-1.103831563745211,-0.6834688629921151,9.851467178030473
38260,0.6828665998364816,0.5014830515778249,10.27022599337688
38280,1.5109031850436527,0.97001044415945,10.019339107475592
38300,0.7990794434659834,0.5715617828272671,9.348778197098635
38320,-0.676237099064279,-0.4853771551395214,9.968117046496117
38340,-1.3962853838670055,-1.0005162760500228,10.274988919621993
38360,-1.1141602886253432,-0.6251636470457737,9.973566848916693
38380,0.16864623224678235,0.11061765445465435,9.927082790230717
38400,1.4244541074080426,1.2022684450643255,9.453976143347358
38420,1.1740896951570634,0.8097154106715004,10.070164191340693
38440,-0.21953770500152786,-0.4576156805066289,9.839928578673586
38460,-1.301601324824999,-0.48903331710190334,9.93190782596309
38480,-1.4031531609777337,-0.42622378660679444,9.888210991491912
38500,-0.3269713137969461,-0.19556111399256057,9.964131356252828
38520,1.2550960013393024,1.2070993968821817,9.951558024219523
38540,1.6634623244669848,0.6832398117537937,9.694573023983748
38560,-0.16453793619585996,0.17501291119227072,9.571851410308604
38580,-1.342024882566318,-0.48892217735177357,9.862975773993698
38600,-1.1830519941026727,-0.695183287666751,9.38056689150264
38620,-0.40620189267034285,0.1222813456172023,9.482807715908251
38640,0.9272563173000397,0.6611014511041379,10.133027522137295
38660,1.4524307293980665,0.9922546506265111,9.723902231560583
38680,0.4445808359986568,0.06867816861244636,9.882621815337492
38700,-0.8624542628572196,-0.5808637383011426,9.721428594036205
38720,-1.431173133330715,-1.21435672619666,10.083659889502048
38740,-0.5010634237980036,-0.639476717014311,10.337654519952238
38760,0.9471670251576981,0.3883944452408791,9.977181194576984
38780,1.2970309280837768,0.8677400302836746,10.16351549875064
38800,1.041154329095136,0.3110001079566981,10.088684903230765
38820,-0.7736962428303482,-0.4816825091664639,9.777516879398744
38840,-1.3787278156054843,-0.6412196875489692,10.165542938101312
38860,-1.1887133150413756,-0.4518271245189297,9.759089426926003
38880,0.5306196282480573,0.544892640862495,9.765236886196773
38900,1.544622817265336,0.5914879030317668,9.98886460270533
38920,1.1843775521996158,0.5732469178997525,9.518610799477514
38940,-0.4148885099665022,-0.18139905943100787,9.408576676414329
38960,-1.1891634972892637,-0.6388519341434598,9.967485901688585
38980,-1.208016173447687,-1.1146003422751645,9.72273835553138
39000,0.08838944299590751,0.09501585403920836,9.74300666571501
39020,1.5713240827183546,1.1310964042521743,9.264942309579087
39040,1.0841631063454567,0.6231368881634121,9.700256673641393
39060,0.187166814724564,0.1441712894388142,9.575141266148897
39080,-1.2458372842849872,-0.35849626896640296,9.810327687153432
39100,-1.5727335137479062,-0.7505720986093466,9.832922627968244
39120,-0.4111659871788511,-0.0005818401190912648,10.205436102332282
39140,0.8686445561524819,0.32530791117629126,9.644326954288404
39160,1.6681836329103683,0.6788761092091242,9.831453993483183
39180,0.8148676857794448,0.21363361443902806,10.060459255767315
39200,-0.6158834104377913,-0.43585688157423524,9.6217760814647
39220,-1.4674551482482567,-1.056987674216284,9.503535455945626
39240,-0.9830904086522008,-0.37182228147789553,9.503604603572992
39260,0.7779315785940123,0.44272386026821503,10.28692734510276
39280,1.2468541101187056,0.5907484182408599,9.347339210400843
39300,0.5691687012661221,0.5033644063709574,10.453242102423689
39320,-0.6820757624175937,-0.3929038921110576,10.577402449313507
39340,-1.4732277699021497,-0.6048091757827065,10.196816007481052
39360,-0.8458436663809081,-0.7454404209355106,9.829657142901713
39380,0.6297192492053952,0.22603943424198816,9.680703264465073
39400,1.7139228353171978,0.9930486976172067,9.416204240411648
39420,1.2844936016811836,0.663414679412829,10.117619878692485
39440,-0.05701664813555077,-0.16531327651546013,9.890517606067057
39460,-1.484616809653495,-0.836739555297079,9.764748970032162
39480,-1.5052530951993148,-0.5221725878920079,9.461412837956768
39500,-0.21187117425156068,0.08580466325294081,9.915794056917694
39520,1.267595140287126,0.5622324943020268,9.806207427985738
39540,1.2492322623519365,1.0539035765426623,10.10053465543586
39560,0.07165156456330274,0.2465837902851465,9.796171240487734
39580,-0.9618355958372673,-0.49455887666832044,9.339050273158794
39600,-1.3826091846547626,-1.0513387407807118,10.054048316658578
39620,-0.5138300075276447,-0.01772650513859106,9.910194656067544
39640,0.7344562466273452,0.557671572380115,9.708424484954353
39660,1.5706267587645693,0.6709887894955624,9.605322463985962
39680,0.5700603599975111,0.20384710105595302,9.871618364744979
39700,-0.9348979000420394,-0.6368949578285577,9.624159150169175
39720,-1.4419918782446277,-0.7575690413299301,10.435781428473875
39740,-0.8253744225924092,-0.16823710352830368,9.46013243090869
39760,0.731896071200121,0.603421101261951,9.965984469382565
39780,1.4653230889381483,0.9833533996967464,9.596263478996997
39800,0.5388108714230742,0.28967291593161365,9.418653116940067
39820,-0.5227533798103308,-0.2939181373715737,10.174326024576043
39840,-1.2122559502993495,-1.1062547025961484,9.878503732142255
39860,-0.981391651335304,-0.16513199069442536,9.799919233136551
39880,0.03571149193540041,0.2812687471383289,10.082244102186582
39900,1.6261020618818964,1.0784104066686164,9.245258094952252
39920,1.3716629007619434,0.5510798930827818,9.412669758493022
39940,-0.3783770571336088,-0.31348114791424747,9.683178701565355
39960,-0.9960676041552279,-0.48926066558597125,10.050362298053802
39980,-1.120376807599286,-0.771816147459783,9.74361498055239
40000,0.0777213208892633,0.353144487533169,9.690296103957142
40020,1.2243725459665002,0.9792411563481322,9.688465531363732
40040,1.7193536677633074,0.7439700450843061,9.721986929070402
40060,0.17071692261650573,0.4355694506064907,9.693131642536107
40080,-0.530327045005535,-0.7731746355013066,9.578192985521548
40100,-1.6132205180083083,-1.0780766425972261,9.333235391647289
40120,-0.5333455351097065,-0.18711653355635632,9.797200641946388
40140,1.0446076411793843,0.3607723118233253,10.116907705210414
40160,0.9257600811938006,1.1810991480016972,10.301189215360349
40180,0.6321794517330931,0.49215670097145237,10.184274874258136
40200,-0.862263290532711,-0.8693435369167735,9.856851323450423
40220,-1.3960148932777083,-1.0399504243899902,9.147209439171688
40240,-0.9146435612462087,-0.36997116305936917,10.614476709836916
40260,0.6351845051598054,0.572935840851582,9.816984634865326
40280,1.5419120622111784,0.7814878637093763,9.6688054624762
40300,0.8796579927443721,0.40274537501074686,9.742151829214386
40320,-0.8836071189146153,-0.2916958073812087,9.508414539239176
40340,-1.5624078560820558,-0.8565187485297086,9.506795509316325
40360,-1.320816786454667,-0.9682712240551462,10.458079193642684
40380,0.4590363038364951,0.25825279232992676,9.840225449514556
40400,1.663929894360978,1.2798020634629692,9.988830270708426
40420,1.0565575633046058,0.5696842463375466,9.852266637890873
40440,-0.2629130088421521,-0.3927487510188813,10.335242288899249
40460,-1.1307845800034588,-0.932033895910568,10.140346587406214
40480,-1.2264120974142116,-1.1119010869944541,9.721603634258397
40500,0.06167771756930896,-0.17798597523503232,9.728983502941569
40520,1.2507237161752827,1.0223448645570827,10.06398473376151
40540,1.2204299099103215,0.5666524321758004,9.585818039965085
40560,-0.0595765984956092,-0.26783097700046793,9.878973680703663
40580,-1.4189683910154298,-0.7659777193041623,9.269901680436108
40600,-1.3723363504220223,-1.1054785677937082,9.55518510013039
40620,-0.12101938081636798,-0.17304613323491408,9.652865834636865
40640,0.9238652650263794,0.9562949647108452,9.71578359962776
40660,1.2069717147585728,0.7550351539846197,9.797549235447843
40680,0.46686309080861216,0.3315875544335882,9.724551148237216
40700,-1.1352056292354846,-0.4830043954820761,9.956257654066656
40720,-1.5400326660692545,-0.8803422501840917,9.851957096254536
40740,-0.6624916808961442,-0.7809311510013016,10.170048584629042
40760,0.6775951501594012,0.3500274614748477,10.130766235521781
40780,1.3345763187194726,0.9141767148306112,9.852783425679979
40800,1.0616302806237894,0.9716434973185661,9.801652925252219
40820,-0.5587599340790939,-0.5903309434418417,10.264995080217078
40840,-1.662897240766136,-0.663470573675471,9.86349476534501
40860,-0.642087938847395,-0.6210829638701534,9.55781679189748
40880,0.539743798067261,-0.18873541212916803,9.410047585698809
40900,1.3385556427137508,0.7595310740037975,10.099397269935093
40920,0.9217314619103792,0.2621367319992869,9.549822927924463
40940,-0.23795204512902537,-0.11876115702721675,8.894571903156534
40960,-1.5132412263274422,-0.8417716057227741,9.33411482421976
40980,-0.9537015264491762,-0.6805486160679255,10.058604577416757
41000,0.3033740000984562,0.10339461685009906,9.638908119028386
41020,1.4355928643456097,1.0980857024776778,9.937851292106465
41040,1.2531189101882805,0.8119499421224736,9.975529745734715
41060,0.5859916054668747,0.39838965509427987,9.702310897051104
41080,-1.4441176814402041,-0.7845878937961456,9.827218351393492
41100,-1.5609568974544268,-1.15214187047505,9.924802949098106
41120,-0.5962393371262332,0.04486862483855883,9.964331516868256
41140,1.372335740395601,0.45958945503413207,10.095220097434233
41160,1.733483093642264,1.117467668771368,9.726169478246932
41180,0.878494433304973,0.453873270828593,10.417812710768
41200,-0.7980032754934787,-0.4886687526660049,10.239194002993106
41220,-1.4533643986282367,-0.7908443778121879,9.994255896878013
41240,-0.5805785444339304,-0.1434141837073355,10.560222423641287
41260,0.3873717218805141,0.4718898420578851,9.634803782298697
41280,1.4379312583413122,1.1523365660506,10.089799677408934
41300,0.7498016277142665,0.12619022342212655,9.647778569675967
41320,-0.401487101173006,-0.45682180215760465,10.232273012074534
41340,-1.4918259475218614,-0.5770570298896238,10.108721936273168
41360,-1.226686100043287,-0.48604863166707346,9.34122958983735
41380,0.39388443273404683,0.3161762949868189,10.087081646780058
41400,1.5749850706560031,0.8922314407201953,10.318440477506208
41420,1.0122635212698412,0.919820159604138,9.502864100035065
41440,0.02237751216425743,0.008384623481803105,9.879001932534193
41460,-1.705971076402278,-0.6535618356027473,9.903065195364837
41480,-1.1537702571747015,-0.6963087297660465,10.126640457731998
41500,-0.22496566256709416,0.3211073797223274,9.885759934200081
41520,1.3183510588886522,0.7609877611970508,9.573918284740783
41540,1.195902584415333,0.7295279419941014,9.819073364506247
41560,-0.15957634088395173,0.3366686318376636,9.781094283060003
41580,-1.2235181260579342,-0.8770417764058251,9.824209447952502
41600,-1.435966140331652,-0.9255063894321748,10.317670306973332
41620,-0.3647088570193388,-0.1368394318827172,9.745664409168825
41640,1.0623810252407693,0.530017443101118,10.275417319445554
41660,1.503651360888392,0.6607174575952183,8.916324033766472
41680,0.8375119416145427,0.11905954898220728,9.764956396018514
41700,-0.756510364713364,-0.46385793011011756,9.69850389092254
41720,-1.4287863679043233,-0.8822923947916248,10.35143346139408
41740,-0.5386682033147072,-0.594879610922956,10.18931473583538
41760,0.9116875248225437,0.5716358375203411,9.729395459482749
41780,1.7754471098501146,1.0295256066226117,9.954347397566545
41800,1.20605693962351,0.3738866126796144,10.041479281309634
41820,-0.23364715222429527,-0.20889123590521375,9.880287711733681
41840,-1.3284950427694682,-0.7659544817867833,9.873065943903494
41860,-0.850429549799005,-0.694019379157711,9.532783579498377
41880,0.4557490880962117,-0.03400928952822574,9.314099677903135
41900,1.0329939960991412,0.8313835693011071,9.517422230766101
41920,1.2524566344184507,0.8546436254927741,10.108428028903191
41940,-0.0613238444573391,-0.11186707608570991,9.99392283360773
41960,-1.734128970475621,-0.48910931282294856,9.874015476533557
41980,-0.8351963144094123,-0.7664555612613482,9.195629549616418
42000,-0.1444546347291584,-0.3008191921657734,9.172390855294317
42020,1.2514580756173421,0.5785531973149971,9.620512558802233
42040,0.9548502036182718,1.0156262486649088,9.604894250456582
42060,0.5491768267894164,0.2105919284774496,9.907339176381253
42080,-0.9983610664467426,-0.7405717045973405,10.417016728505402
42100,-1.2242159347803954,-0.797406711587472,9.631426478011598
42120,-0.48179414350888006,-0.30415213929501766,9.800157295127407
42140,1.0089538546720345,0.9087466534379685,9.899656532901787
42160,1.8658776734307327,0.738411174878827,9.53611795161222
42180,0.5309905102090516,-0.07587918448724917,10.186334879740969
42200,-1.0429473163764038,-0.5837100978850078,9.4245558902986
42220,-1.6918660315723573,-0.9632769946220906,9.875979765661405
42240,-0.5244663724136975,-0.695751205529431,9.811920395523693
42260,0.6792311305278028,0.9044694809910094,9.656284953424505
42280,1.551615460134811,0.9589204154212669,9.626392381492595
42300,1.0618568131658361,0.4467219976282537,9.727115128840074
42320,-0.6892080929895785,-0.6753395480345015,10.256199608331933
42340,-1.4100845826878174,-0.7051893324671885,9.932411903769065
42360,-0.6833931810938092,-0.7898779103278954,9.893436147050945
42380,0.5287255769743324,0.09285531311558481,10.054343260257024
42400,1.6925791213564327,0.6597569657304625,10.546121932866093
42420,1.1549343328658668,0.6383989407629377,9.3227410171442
42440,-0.3503620298668667,0.02390646510227508,9.838678915324776
42460,-1.5725168537858887,-0.9147612962975507,9.578943993928323
42480,-1.2805180456845555,-0.3210607907957996,9.647937691661436
42500,-0.025378914599923145,0.2343157774904331,9.454463598230076
42520,0.9629442957010066,1.0039811658396158,9.962054025346996
42540,1.3959117911628596,0.9840114008391028,9.9928233341146
42560,0.2850328609389532,0.17585841814202618,9.783511480732086
42580,-1.244215385341821,-0.6514658502522936,9.40013540074828
42600,-1.1555791141564389,-0.8349265497485883,9.558670105805554
42620,-0.017229523145399495,-0.09459656291318791,9.889397220756043
42640,0.8523380795964086,0.8681018436617121,10.04201675320482
42660,1.0944297440358213,1.3506895267470864,9.851710396632823
42680,0.8857865325652392,-0.13067345002373076,10.049809745264422
42700,-0.9534020997232795,-0.3835287277297539,9.651820432861472
42720,-2.027494810450564,-0.8259085846187345,10.201536612947608
42740,-0.4398800705799595,-0.6150857864548952,10.110204599814693
42760,0.7595045850423504,0.35208427745744153,9.45620946106364
42780,1.7897842673934559,0.873291126246117,9.435323853936147
42800,0.7577289862128126,0.5384561639959046,9.860602859873591
42820,-0.7509774185647846,-0.5244881361895346,9.869535806160393
42840,-1.202457392489776,-1.0998704255485672,9.94678997505866
42860,-1.167719258138599,-0.48542498528529543,9.680271373691346
42880,0.5776560603938227,0.2397006580237764,9.58541718792164
42900,1.4287998380974076,1.0363226480547505,9.894556138260384
42920,1.3208526002701155,0.9976267519436239,9.685171563052503
42940,-0.1958804815299988,-0.03059732849367787,9.88170842982036
42960,-1.5307643130488524,-0.7159659732561929,9.698488833176725
42980,-1.118767514266493,-0.6966211255689352,9.77715385273888
43000,0.22981499079186926,-0.11254379819026077,9.76932233705464
43020,1.174393517731015,0.6306837039140313,10.141658624453681
43040,1.321226100602413,1.0520329166249056,9.25946836427886
43060,0.3474772887864622,0.15332355595168026,9.847338153377926
43080,-0.9883499737746598,-0.5840354253452362,9.577342069747912
43100,-1.4654848978274284,-0.6453170638348714,9.648876786923598
43120,-0.13959105972441838,-0.28197566473585395,10.436286788104333
43140,1.0556191409003244,0.17242612803658158,10.132144430031229
43160,1.4889455456555338,1.0184061169869982,9.537451785503753
43180,0.5528823100696829,0.3001973639307717,9.939349934468742
43200,-0.9100987605666916,-0.5955187965057611,9.386100335690244
43220,-1.3570875018226118,-0.8478925261098568,9.699842257867155
43240,-1.0110373277222306,-0.3069782220662537,9.85534896177554
43260,0.8089247001475119,0.6096152015914174,9.750959528227195
43280,1.2120122677034324,1.2887010715848848,9.735336510108445
43300,1.161370366971239,0.05261135224086766,9.007053182284647
43320,-0.317372723597633,-0.07370526426303003,10.187099970221487
43340,-1.5979581784855634,-0.2466964160803834,9.791805670976906
43360,-0.7158114530246407,-0.360349944451178,10.766792461179705
43380,0.6791108008824462,0.07911652097822058,9.91737257843845
43400,1.4888550449864342,0.7448026977924072,9.479073835413724
43420,1.1776131556331764,0.47820772068011375,9.375580205694659
43440,-0.21913287360611033,-0.29450606386206823,9.714766735028903
43460,-1.3036123417726782,-0.3320577467792658,9.523311672384647
43480,-1.4579520823119883,-0.8382795617712443,9.89779955933604
43500,-0.0651999423034283,-0.15392059614197648,9.831804178387307
43520,1.121658303604283,0.7166248921274445,8.753658986038136
43540,1.5003004950519594,0.8717390855990774,9.554402886487429
43560,0.028897619230746963,0.056861957586605366,9.85429966170672
43580,-1.0518199699785495,-0.5155459215880234,10.258917167311214
43600,-1.3400247220740105,-0.8531071199014227,9.961275315284709
43620,-0.470786792171356,-0.03609609963956109,9.628618758137693
43640,0.8195298157543935,0.6721586076024547,10.054317410193601
43660,1.5971764636073065,0.8460375732850612,10.261040247697164
43680,0.39499285509387844,0.16686608154474233,9.95171162581374
43700,-0.7105380343674086,-0.25221403743257204,9.85309582205092
43720,-1.5235080385083377,-0.7648263807918305,9.424354039282774
43740,-0.44986464941248167,-0.24952773714479792,9.700784756535883
43760,0.5984443308724544,0.20081656104465553,9.835235710523184
43780,1.361957322024025,0.5722189054603687,9.379294880464096
43800,1.063836923896461,0.8653757153845323,10.114817540134657
43820,-0.7984812354360025,-0.5055627683890841,9.513897434342638
43840,-1.6688515064978775,-0.9213952348812802,9.87211409594539
43860,-1.0367670722671503,-0.5977938614547808,9.556321856038744
43880,0.2856468582843373,0.1315574506186868,9.915352508127745
43900,1.0757289245766304,1.5201254080414808,9.062235435705064
43920,1.1764797839461973,0.6405397237991857,9.812717029494896
43940,-0.02392686652182327,-0.30568085086611063,9.892146144103549
43960,-1.4106328859277488,-0.7598852733034761,9.60307880451019
43980,-1.0116520614752493,-0.7503259271722733,10.024075150772331
44000,-0.03387228342643373,0.05138157170592861,9.775088049640116
44020,1.286384016941915,0.8825718343595385,9.63366308501374
44040,1.4562387201847455,0.5305797105984453,9.655327853377736
44060,0.23345939697435097,0.1890644122036645,9.625838881700652
44080,-0.8824255300475814,-0.3440611634379743,9.609816646003793
44100,-1.3480360950235668,-0.3951498990707437,9.413015540079492
44120,-0.14290572664819634,-0.40388756996803254,10.046661165783927
44140,0.7624013660300613,0.5503132405449331,10.000481784057815
44160,1.578453687777111,0.7605524598087342,10.016512446026034
44180,0.6734367221321512,0.4223909863951746,9.504720165471857
44200,-0.9958033892914201,0.047795102729366934,9.676147084161084
44220,-1.3164864030056447,-1.2462740413091085,9.807387660295126
44240,-0.5775971248283583,-0.3717130425999279,9.175778448123353
44260,0.8331632350195249,0.7690567578884961,10.215756491015703
44280,1.5171528081304755,0.8793753251956499,9.903708603744347
44300,1.0069041668270606,0.61864477740205,9.63967137633266
44320,-0.6153246061645021,-0.164971285079131,10.015956020827572
44340,-1.1264098211923121,-1.2660424826951149,9.471400897835828
44360,-1.1784084405451747,-0.4838074815525768,10.075079646101141
44380,0.10301520914442347,0.06291182207737364,9.950011424501673
44400,1.3552259890265017,0.7236066028855738,9.186480719326932
44420,1.3950618999006326,0.4348525471244974,9.900573043309828
44440,-0.20329878060319617,-0.04006833010910761,10.099148724344685
44460,-1.3243475919923546,-0.49888808927583245,9.518014305375592
44480,-1.3510291936820478,-0.704939020092061,9.322483283739752
44500,0.2569547345376639,0.15316342029015703,9.680721482387934
44520,1.3198077287635055,0.8596823024937599,9.617155035394223
44540,1.8225288180546595,0.6140687297123311,10.151688289070574
44560,0.06215803123886707,-0.15585487940091095,9.599398474616088
44580,-1.6041827452144808,-0.5409248957701289,9.513140237318112
44600,-1.3238003750403762,-1.1038255623296465,9.91393440374986
44620,-0.2519457401280226,-0.18361633861325433,9.283582246262709
44640,1.0780478783414553,0.3587944049635328,9.714393183238956
44660,1.2830630097264306,0.8419196744724249,9.854606800818267
44680,0.6362825487911105,0.20944643503654947,10.448186024707795
44700,-0.8003513670313565,-0.46878228129546484,9.85119962057074
44720,-1.513162708640892,-1.109968026727495,9.648007849197242
44740,-0.6971748357015534,-0.28790540133954,9.968573631839243
44760,0.41709652966753624,0.36486031384597967,9.355540343470302
44780,1.6427248177409042,1.028931222633523,9.953898392045069
44800,0.6856471741161686,0.6282792269376832,9.627352452051063
44820,-0.7342261929259546,-0.11863922262296339,9.73689890636673
44840,-1.197606789690467,-0.6125169666987174,9.598844854758331
44860,-1.2577288098864599,-1.0494476332058058,10.024389999537986
44880,0.49745931908384766,0.3371997468348945,9.672552228538246
44900,1.4800695236376764,0.6650377083682755,9.62001966959469
44920,1.0074609167570303,0.9174635360761121,9.666311843505778
44940,-0.2027669293750371,-0.28922860267245765,9.537941275412782
44960,-1.2007490594318198,-0.8608056383511602,9.769734846642756
44980,-1.1581443823094948,-0.5117058556481472,10.00134735077362
45000,-0.22878619515773915,0.18058366955106883,9.999313990425277
45020,1.3058588524381711,0.9705999383598627,9.782371373922233
45040,1.7789457175117818,0.4501386490815208,10.162494582597835
45060,0.34307365235426845,0.2934810123552746,9.755809535160584
45080,-0.9905669144588352,-0.7320695919571996,9.30775799895967
45100,-1.7324555026596982,-0.7055605714887855,9.76935345969912
45120,-0.23377285346730617,-0.38356374511318064,9.382851188774755
45140,1.146161948570178,0.698837925901529,10.154747757533158
45160,1.5504752917831652,1.0080895694205476,9.702857341474553
45180,0.694086213912709,0.3718396872905311,9.640269680119449
45200,-0.7738117752976341,-0.5496336111319648,10.382425319235345
45220,-1.7581335619506668,-0.8620165434341381,9.300684118515262
45240,-0.7083898000190076,-0.22392833901147885,9.392806518846635
45260,0.9684513651790452,0.11239662663980476,9.71351516580949
45280,1.3067351767465496,0.990001876163284,9.847500387234303
45300,0.9831799076676696,0.3793779978242954,10.11411348488233
45320,-0.5484287225511576,-0.3049932653544003,10.09250871006785
45340,-1.4922941556556513,-0.8050464060212564,9.568293473101232
45360,-1.4139799388482976,-1.0403918474818095,9.792086597955597
45380,0.5705738956710837,0.2393404075767433,10.13522880656612
45400,1.3729737784395524,1.011092180511918,9.71875481567022
45420,0.8744224707266135,0.9170317350001267,10.01275872206339
45440,-0.44310023218785394,-0.4469093902390865,9.53531264988256
45460,-1.4010646949841223,-0.7480758923507727,9.378190771141318
45480,-1.0992518358345091,-0.5682172877206109,9.810118973806922
45500,0.08985577530118576,0.1934929325195812,9.516173050295412
45520,1.6592937822358502,0.6119041423152145,9.604291731446173
45540,1.55095048625465,0.8774583957966766,9.541350809866062
45560,0.036138660892211766,0.3566932690812213,9.522524904081067
45580,-1.1481582577662457,-0.6251464204606799,9.831238703300931
45600,-1.4251065306270456,-0.8998695228333505,10.218641878242657
45620,0.13894805677952726,0.12007536578658554,10.014833596484252
45640,1.2149179398979189,0.7253117144923793,9.573777459266857
45660,1.431882500062297,0.8376376071100462,9.082242245996886
45680,0.3997843778744907,0.37295218302425126,9.651721492849399
45700,-1.1484500940190996,-0.5676169466775738,9.948897711684001
45720,-1.5058047249712934,-0.7779723874872043,9.599876131350191
45740,-0.6193040915445333,-0.6789494288706037,10.17987460414995
45760,0.5366898804211511,0.07636858412983266,9.554809512291738
45780,1.331847270769005,0.7612146979794174,9.375366106882629
45800,0.7850733482579098,0.33673238366755387,9.941938347793723
45820,-0.31552102730968057,-0.4826366556678135,9.947895788283928
45840,-1.7033803837179384,-0.9283989878717172,10.109205244542752
45860,-1.014165323443166,-0.5281090423725056,9.673377697062069
45880,0.11677153594141215,0.25849591746865197,10.235072003953704
45900,1.5343030130248214,1.0034658904849922,10.307803619717433
45920,1.4202440819099216,0.8185061080821232,9.911980057559253
45940,-0.46943168738477,-0.26635413506573424,9.715158674403344
45960,-1.425919588815403,-0.8503741305475134,10.004754436402315
45980,-1.364957293657217,-0.9124408975961489,9.959183508167726
46000,0.1993992459505344,-0.13298426914425587,9.174681661214526
46020,1.195927361138082,0.8142982919253402,9.39197937966407
46040,1.5812939239793726,0.5454364714829274,9.624066684831307
46060,0.38410926930693756,0.6996522891991459,9.703443685752024
46080,-0.9936884577635794,-0.36469499586741055,9.931178878669744
46100,-1.6321398630137152,-0.942196934441604,9.582412396192572
46120,-0.422735505971031,-0.3637918823007739,9.884488196666089
46140,1.0097673900373998,0.8052891437800344,9.886909733730665
46160,1.5347928633167067,0.6894307607839283,9.935537317870882
46180,0.7374554574366211,0.2511999453430736,10.302871634494913
46200,-1.1034753434210085,-0.766329827907664,9.390511021402808
46220,-0.9510584254338912,-0.6337833361899448,10.137524320987827
46240,-0.8440538822405781,-0.315768186721665,9.612086676634284
46260,0.6854445727775655,0.18336417893925372,9.672214439100022
46280,1.3523266618255385,0.9073257780750645,9.512384079867331
46300,1.0410822198656118,0.642255432642295,9.445680482270165
46320,-0.44554199567399283,-0.3656108812587961,10.110259634423052
46340,-1.5815119017917976,-0.9084077591718761,9.50790616971941
46360,-0.9406411826006449,-0.42237963426178937,10.154663188749245
46380,0.11203835677926677,0.27910472465559744,9.632971236858632
46400,1.57996954847752,0.8802785292423954,9.641781062881497
46420,1.152818294055754,0.9683346052229025,10.135410073482285
46440,-0.21353893918342579,-0.3652493454313247,9.440492380197838
46460,-1.4309099515941388,-1.0926801722557429,9.505034596422302
46480,-1.3155052777740595,-0.2927093479443391,9.592966269720561
46500,-0.08668178722004333,-0.22575380417126595,9.77818567182559
46520,1.1638734554077468,0.5411531296218016,10.147311188006343
46540,1.6410818694956526,1.1574499991961966,9.700184654009536
46560,-0.06960100719431975,0.04487038347411458,9.908468940520573
46580,-1.3979089474636415,-0.6314417703431541,10.13562064997413
46600,-1.3408208174977962,-0.8958123049912737,9.037382183724898
46620,-0.4976455839920551,-0.19962050127654926,9.718214597232473
46640,1.102390448558423,0.652654599877379,9.933716305823603
46660,1.3306771388787748,0.9299089066401939,9.997550924186285
46680,0.687323631152556,0.14836303536712392,9.781378930915336
46700,-1.0489539856369834,-0.2855908342202248,9.348276213225436
46720,-1.5512078931813646,-1.202836718958896,9.859651426251936
46740,-0.830315706762454,-0.3830790822204001,10.05130636554188
46760,0.5435312138260049,0.3583413177941017,9.951956709628101
46780,1.4039764292336159,1.4271836305867,9.421767589015573
46800,1.0014443294851787,0.6714495510197741,9.565834877935508
46820,-0.8594860633195774,-0.26704853344829826,9.707264651601509
46840,-1.2013046048718867,-0.721182156061384,9.57024275124584
46860,-1.0399775148110637,-0.5027620228029371,9.679980703311871
46880,0.16930751950906323,0.17320727616160356,10.14980161742373
46900,1.1635836342548653,1.1136875557447894,9.741184564047423
46920,1.3409128030851873,0.5394437753544816,10.223081941879087
46940,-0.21844390971390415,-0.5085884927268381,9.703365411073754
46960,-1.3421819691454278,-0.6124798541091894,9.960508459136946
46980,-1.250052962795987,-0.6226522622814755,9.891867009871937
47000,0.14286863334371702,0.056684902100470405,9.64748546899083
47020,1.0196765313923433,0.484766016959441,9.33191387227716
47040,1.479169601343301,0.6534584639442619,9.807382578480317
47060,0.5499372452105484,0.22031817258309444,9.925536261192955
47080,-1.2225023549694933,-0.527562247991474,9.53974430429099
47100,-1.5837626542787355,-0.9387033598001815,9.880356194732695
47120,-0.5600583229391114,-0.0866910187739097,9.645838864243885
47140,0.7356295957929418,0.7497318645628958,9.90458788540077
47160,1.527421125866956,1.0434886197914528,10.016612521652684
47180,0.45958178386968684,0.28054705947185865,10.023926910236852
47200,-0.8311014090635409,-0.3169921707017124,9.825721046841378
47220,-1.1801827064398474,-0.7780106544207013,10.080716525540806
47240,-1.0517058772830097,-0.5310932422667372,9.868796089691957
47260,0.5401780567532956,0.559585270295224,9.55165417702392
47280,1.5409211759352779,1.166416062549676,9.636015100840613
47300,0.7871505175130808,0.40945717375313273,9.871668566409005
47320,-1.0002108491917627,-0.22768402185088113,9.904788049536315
47340,-1.4512704103832614,-0.5630007755729924,9.443254558371681
47360,-1.0584892944465463,-0.5467093980759411,10.34386500786666
47380,0.6203547555675227,0.5745327957153653,9.728445337469575
47400,1.6602323701558153,0.8580731444904434,9.956819432927277
47420,0.7875834238359225,1.019436450710823,9.554790166764342
47440,-0.2988905943519037,0.012159375758682825,10.297734087682706
47460,-1.4379128986470529,-0.8209601756346202,9.958333109563648
47480,-1.033827127486028,-0.6294493755924762,9.529918280517299
47500,0.1326797182785168,-0.16409310241361502,9.624989422813274
47520,1.3568834058616397,0.7597104192208671,9.398360807322602
47540,1.4704543605943838,0.6480216402677101,9.563773718915439
47560,0.22562499821164392,0.5564549686443693,10.170976479996053
47580,-1.2631469114035085,-0.9090525026594898,10.102742641966747
47600,-1.4881400865986931,-0.6614445821264936,10.189274220663089
47620,-0.590531506790042,-0.13693346936135015,9.374494163102097
47640,1.0566938498115155,0.4174477665295734,9.900729801330568
47660,1.2663109030512938,1.0151298188556448,10.338932329362779
47680,0.6387353471362817,0.2313208647995701,10.120252056346603
47700,-0.6710276097579242,-0.7270302814680281,9.177702696568055
47720,-1.1672993042735609,-1.0841356636586967,9.843947136355771
47740,-0.552002196851243,-0.6433542241468289,9.343461741795606
47760,0.27298774428471856,0.5941663831417191,10.055782853259759
47780,1.4275714357893978,0.7014048652843996,9.641633716655285
47800,1.0628360306701827,0.9223214850120254,10.194233205404231
47820,-0.7305510492492914,0.016171950312215022,10.677866280271497
47840,-1.16066847314323,-1.0271910984684647,10.066660820709517
47860,-1.048168699280612,-0.89246682638779,9.836249306497251
47880,0.2534855267557948,0.20679730971083654,9.90588860439622
47900,1.3147093185591014,0.532529064794433,9.530465733472726
47920,1.2475939895221575,1.1486010072465715,9.472738602410075
47940,-0.43079328466215816,-0.2795243439423275,9.733302157738253
47960,-1.1923330681766027,-0.4974696449459048,9.725738785919027
47980,-1.3466785657450586,-1.0204393791975823,9.905019470952082
48000,-0.036509533910906576,0.10403206163252093,9.919933344456856
48020,1.375445941024189,0.7850184484781805,9.808104590237495
48040,1.3102851221957537,0.524400302947047,9.568412472429733
48060,0.17699835038448222,0.17765788628446538,9.75520183511467
48080,-1.2535859587126035,-0.22862899467081454,9.689041828319041
48100,-1.4897770711467684,-0.8678408276809553,9.585303424187014
48120,-0.5797888825697439,-0.3694315823898427,9.005835387616955
48140,0.9464391846480521,0.3619134850407579,9.2629104595765
48160,1.2292617057797424,0.8695951031034624,10.323975754347051
48180,0.4938554664520988,0.5472484409707468,9.981048824604093
48200,-1.0177928563525473,-0.5799827576999823,9.907429469709594
48220,-1.5410632334045073,-1.021513915180747,9.797432121745207
48240,-0.7280539453699231,0.14129735876163396,9.657115969772118
48260,0.8135791787057931,0.5537717128096394,9.842295780665479
48280,1.5155738048486673,1.212981595777975,9.75113145447773
48300,0.6263460541452,0.09633655867850732,10.102481492445245
48320,-0.7665588752152874,-0.18150415223574315,10.06666827524319
48340,-1.1894362290021037,-1.04327308042962,9.802508991666233
48360,-0.96425227601952,-0.508612840700728,9.981679525800464
48380,0.4318486383448149,0.23224369444592594,9.987106304418282
48400,1.4934703657056272,0.8588264671135517,9.704741160998108
48420,0.98674898600146,0.552180217202721,9.404744242543819
48440,-0.3017426928296333,0.04581541461658781,9.897151472443289
48460,-1.7002176936623596,-0.4905051268054186,9.581521941785102
48480,-1.6108347526823992,-0.8007103902448253,10.222515967474582
48500,0.24245770861936516,-0.041348097269370165,9.737085999725005
48520,1.19288041248924,1.1037591111535372,9.559705763430678
48540,1.409045682683411,0.9635819821248857,9.830097691819972
48560,0.0523066635767514,0.5153307751929834,9.860863540289072
48580,-1.5688868243754648,-0.673903243204259,9.422809153360344
48600,-1.2865221545485674,-1.1249101527260323,9.235079181234655
48620,0.09684596875734736,-0.005669587243700147,9.444658990454128
48640,1.2663489277474964,0.6816241717976236,9.768743107371412
48660,1.647409461104106,0.8540544101259733,10.273234611189066
48680,0.7054359408482682,0.18779233213742547,9.43578505842695
48700,-0.700126386698164,-1.0174828261249034,9.647719391019598
48720,-1.3509145629885344,-0.6603135620544852,10.03013374139381
48740,-0.3165407472403028,0.025134226340025767,9.753463678248103
48760,0.7367396318378815,0.49327190655744957,9.547958439740057
48780,1.44771657165527,1.0602818443735673,9.707538262096914
48800,0.902937275235159,0.5345106927045836,9.422900332625009
48820,-0.4516957647942334,-0.2734065718376285,9.736274078471778
48840,-1.7005333786403545,-0.7894059330247158,10.09729600599207
48860,-0.9903554661968618,-0.4668373537409751,9.845500628667656
48880,0.39687285635744446,0.3534719158033218,9.793046845130368
48900,1.3237087538803916,0.9172846500780689,9.763787630152693
48920,1.1250148943686324,0.09870152632120888,10.377396523172797
48940,-0.2988685078132437,-0.24433688194233544,10.200748899929618
48960,-1.2418075795665595,-0.9704898087094274,9.731521983429978
48980,-1.0763913578441524,-0.49107931910813374,10.123040693166743
49000,-0.44783904331260865,0.12485017690173619,10.013836533441992
49020,1.2221313519033132,0.9751462523802488,9.91397902915196
49040,1.294254263286053,1.1008455835947197,9.685951447571941
49060,0.721827017316424,0.026829614459679227,9.879914439965091
49080,-0.9450434144623592,-0.8675699872906685,10.002403093247532
49100,-1.1740613793141006,-0.6869386306486026,9.8657923864283
49120,-0.45939857676829315,-0.28959823220663483,9.753661331527077
49140,1.313518255962558,0.5665677832924119,9.911166318027337
49160,1.5109271888843596,0.8175215394563199,9.922806175989232
49180,0.7598273404210233,0.41994518699074446,10.055113406330573
49200,-0.7045537522665187,-0.6442481883903813,10.233504553596935
49220,-1.1692461412486703,-1.0095984177337696,10.200010870476813
49240,-0.7264800255424944,-0.44086248536884687,10.123455238706121
49260,0.7436243578260165,0.4845630013943626,9.423400706685364
49280,1.6156447416500068,0.5293759109812562,10.026107965485556
49300,0.8767662046963366,0.8606727783031953,9.79810842604001
49320,-0.6224031158509925,-0.6540802399135283,9.885302690983783
49340,-1.4158965739103246,-0.6422458675411957,9.742412485521614
49360,-1.0049497639927822,-0.35827452207775223,9.199315970891906
49380,0.09970687379860371,0.16211071027228777,9.956839114326568
49400,1.1154001012701924,0.9368084348726159,9.994265394455116
49420,0.7340600813907242,1.056656856470583,10.068013643102642
49440,-0.37835066539150164,-0.07917790315068213,9.946975826560312
49460,-1.2256105296929052,-0.7740237572486316,9.301223622093074
49480,-1.206345752623211,-0.8881156668150877,10.27156735452638
49500,-0.0008865919393153755,-0.12460315984857666,10.070020556118655
49520,1.4237682013683859,1.0643925884180077,9.853303318775396
49540,1.3032640702614933,0.6812879616786074,9.58522772843241
49560,0.283024721155169,0.20652519971024316,9.56140560216998
49580,-1.2654053567650034,-0.874378890639496,9.8287872234545
49600,-1.41867535064344,-1.0169984491110744,9.865750451057222
49620,-0.47819306658189514,-0.25560690667556657,10.064046769452442
49640,1.1491029268868906,0.49956624465925814,9.945313445532266
49660,1.4040265831024477,0.8941358193195451,9.619339374982971
49680,0.8413360714033871,0.28151692149195073,9.64548693400386
49700,-0.9846141449742367,-0.8205315461166982,9.814047163333809
49720,-1.9561443857815588,-1.0311645724535963,9.918206228950448
49740,-0.4582022884646054,-0.6628154365302598,9.561446459315096
49760,0.8985638298638948,0.8332724729761626,9.432662596553108
49780,1.4090221545848072,0.9682223960851672,9.858514948218222
49800,1.063637065944689,0.17845918651233522,9.640767879123555
49820,-0.3525195295935679,-0.40678412693961635,10.248713763853562
49840,-1.5250307945707828,-1.0412150935826368,9.47285833856541
49860,-0.9536654726995454,-0.48713703609488695,9.765471429911774
49880,0.6853863642856434,0.2716051835920147,9.498121219721652
49900,1.6269416072976741,0.4814943894771468,9.299877773553758
49920,1.431250213835434,0.414069306722808,10.031115078989403
49940,-0.2909390374876332,-0.13125112516116705,10.279280274717058
49960,-1.733335017190076,-1.1782123069841133,9.285234867045503
49980,-1.3607283525935634,-1.0504277118508736,9.175909087394782
50000,0.288915611466722,-0.2827911312006213,9.139951871821609
50020,1.477530575768112,0.8432468972697378,9.685273999981657
50040,1.3133178264275822,0.7533356374859392,9.64604302191392
50060,0.11367753809433691,0.198945955817235,9.82729539904382
50080,-1.1176639522852079,-0.8179386166072342,9.108212748622131
50100,-1.2864751571117374,-0.8901318478984533,10.181284604172196
50120,-0.4712951503150684,0.22322657301086007,10.18281648148252
50140,1.0871802730454578,0.7508597601001245,9.415369452179279
50160,1.5462314193991424,1.1295925983092816,10.307971258698569
50180,0.2753754824852133,0.1396639898566291,10.301531198754832
50200,-1.1618995179177865,-0.57241348524877,10.573855237978266
50220,-1.742849921800937,-1.0772967025994373,9.777883766498658
50240,-0.4936195259777351,-0.5488533275302838,9.142412873462092
50260,0.2805096608348579,0.26433856510889864,9.769233248373551
50280,1.235105207640923,1.1661602933306876,9.786888708835956
50300,1.1915394257018344,0.6624845618527613,10.204013799268514
50320,-0.4010906779995694,-0.1865545101513057,9.514260674768238
50340,-1.6621308879793872,-0.7034028193492472,9.729633906009262
50360,-1.2852347210116595,-0.4435789784965049,10.3898569204004
50380,0.2679424691148103,-0.15329120915752942,9.700221557368195
50400,1.3806180103161176,0.9091645587858295,10.25154625317585
50420,1.2904300857320123,0.5262131953778985,10.147395758817973
50440,-0.29346506832578423,-0.014355586834433706,10.063453637915076
50460,-1.5592148538673176,-0.6108005840846187,9.556538998434926
50480,-1.3092024513685006,-0.5629179810132285,9.78027837143395
50500,0.1921381651975991,0.3287034066894152,10.08969684367933
50520,1.294955279852629,0.6197648525619572,9.696917159559506
50540,1.4267567692604217,1.04688552721006,9.819918452192631
50560,0.3341567724733062,-0.3461058888781895,10.099195540344166
50580,-1.0955849631171677,-1.035259142234307,9.80925545567492
50600,-1.8179295755002043,-0.8439994771295258,9.785942026482994
50620,0.14894509102353143,-0.14941599347090045,9.580176141535446
50640,1.0700289394631637,0.40400170645097866,9.60316029375482
50660,1.6508328581074125,0.8698587598292481,9.500692104352979
50680,0.548060871301811,0.7026151719868334,10.19642096696017
50700,-0.9564331031492245,-0.43533027035775196,9.23909103844271
50720,-1.6627556969626094,-1.0727598311494098,10.073469954442771
50740,-0.40327143781667674,-0.48283831155898055,9.847564676965343
50760,0.5493747404158705,0.5531288831783374,10.387009793384633
50780,1.3404301029185257,0.6325358734566761,10.489702665343096
50800,0.9119063488753181,0.6654069487813389,9.91984723675792
50820,-0.5762397750204421,-0.675250326578859,10.21960158536
50840,-1.183104085889963,-1.1240672912459586,9.888997664019326
50860,-0.722236232177786,-0.5235466722698829,9.869970601231044
50880,0.06966898009098044,0.44798281679699087,10.092801412884677
50900,1.2004281997683899,0.9275306023525232,9.804738698823535
50920,1.1630558604580177,0.8564867042082903,9.644577019839133
50940,-0.18642796490395622,0.07771085462337547,9.707406976911054
50960,-1.293900827417974,-0.8461026668828339,9.885668881884797
50980,-1.084160533524555,-0.8546921687781761,10.482607736127747
51000,-0.08990532732878499,0.40362040730639087,9.78140071724882
51020,1.0983540380906829,0.5696557445260705,9.686329440880698
51040,1.4962973237851496,0.8301333234952466,10.544947599849008
51060,-0.18862821335038052,0.022503769635154727,10.04907308184738
51080,-1.2371280303817964,-0.7394144392245365,9.44544288768175
51100,-1.442934575944343,-0.7900461327806062,9.983856593329074
51120,-0.28469581133514255,-0.21004668652381672,9.801383407711366
51140,0.9629589472895425,0.6642415541893807,10.145985668760636
51160,1.121977072134698,1.0323602608687363,9.722478141980458
51180,0.20001693310590773,-0.018618700305174263,9.872640870694742
51200,-0.8333592293283615,-0.5997693977245705,9.909327840627377
51220,-1.378139663554503,-0.4082994378868567,9.856123511564839
51240,-0.8230604808762904,-0.3893865304958437,10.081909626228464
51260,0.42358328640921783,0.1112691425657189,10.049708955744919
51280,1.4554825059169443,1.0963207710605778,9.61509702040861
51300,0.9307512432506103,0.7377137006854344,9.444860526366346
51320,-0.38232063844652064,-0.3435605641405814,9.952863551984457
51340,-1.3038358826847762,-1.0250277744751841,10.0667850706003
51360,-0.5879762729649788,-0.482786873037227,9.522653794838677
51380,0.4218226275512179,0.3941116785637082,10.023602776479855
51400,1.4461103709825656,0.9861294336161376,9.772683261393079
51420,1.294730599598077,0.6417548371622658,9.891640227541014
51440,-0.19245839565843567,-0.4891574112219519,9.469385650677559
51460,-1.783149433996878,-0.9940517263305848,9.885090467841493
51480,-1.246239683159471,-0.6586631327465693,9.718265730004385
51500,-0.04144205832056422,-0.12044263489671876,9.845927984358621
51520,1.3785278658038642,0.9013818220471836,10.067893885212259
51540,1.5245874648569298,0.838255161016356,10.149108442225092
51560,-0.0842214710716842,0.11159476449996175,9.58903774146811
51580,-1.6230366763931316,-0.9950216989490309,9.702151336624665
51600,-1.422766828754652,-0.6264767540277838,10.199547963155348
51620,-0.6601786398075633,-0.45890942111164734,9.552361427840683
51640,0.8922596805189464,0.3542794979881257,9.841899497052964
51660,1.6937675247134334,1.1967636191474011,9.908603510870446
51680,0.20349313474716496,0.19585761517590863,9.528557200035447
51700,-1.038113027303337,-0.20154120261887776,9.464529477035173
51720,-1.4642740293806153,-0.756473644857634,9.737861818895874
51740,-0.3824717861827481,-0.41675085594745215,9.777083359169216
51760,0.7743096437809571,0.3549057849049873,9.516779473885453
51780,1.2851893513584907,0.7986752401717958,9.59169612118859
51800,0.7223699924645166,0.5600769272579804,10.243788503944815
51820,-0.7428042121632558,-0.3232496972488505,9.67201650106654
51840,-1.8441333982866739,-0.927931951725623,9.923932397694914
51860,-0.961209432856282,-0.6136636893257228,9.871595637500462
51880,0.3262921107742768,0.5374992450997548,10.05961799017564
51900,1.5610386341722635,0.9327998794161754,9.797815842553607
51920,1.048543856578374,0.5870688740700916,9.926436005360504
51940,-0.17126827059784464,-0.05293982289896967,10.087897882348766
51960,-1.8560976031107523,-0.4527853739368508,9.908038361313393
51980,-1.4205506700426378,-0.5695291569528796,9.954907089401999
52000,-0.5173294938867823,-0.3523982551052135,10.529757945794087
52020,0.8043418583200836,0.9969680584720175,9.885679258179238
52040,1.9362883433670843,1.1287249189678579,9.576746734888248
52060,0.27586478455618474,0.16416652806751858,9.983040426932737
52080,-1.3092986991672237,-0.8382210399319638,10.043932269850245
52100,-1.1396681070004935,-0.6630074116241569,10.221570298814887
52120,-0.2956734151253467,0.07699731800997975,9.76597083330409
52140,0.9385782352709378,0.5740735788666732,10.031337996772171
52160,1.4972504586702253,0.9896900840334013,9.939776128124725
52180,0.6737251795902739,-0.02576229641680383,9.745130110784121
52200,-1.058927999924692,-0.758960735325075,9.421584842947281
52220,-1.115601097629996,-1.0659106860397798,9.792979427446229
52240,-0.7018569439146574,-0.2507067453066464,10.192978027210243
52260,0.8339540367964526,0.7769469010892182,10.112373119230345
52280,1.3188298028075647,0.9417363570529229,10.12172819465259
52300,0.8510313117251371,0.4305857919326814,9.37706586295439
52320,-0.4412005903585968,-0.04715979095129186,10.041329457095735
52340,-1.0687505982889525,-0.9797322907371806,10.094754126093601
52360,-1.2119488637017224,-0.6249811573409139,10.128160343032361
52380,0.5320483755078883,0.07819117814291518,9.597076442639064
52400,1.7407023426346941,0.6051346808009799,9.902051718610583
52420,1.3578006368156235,1.1578147135049268,9.953487760312802
52440,-0.14858108293611602,-0.31122284125397437,9.810166788355648
52460,-1.4616191451308311,-0.6614946793992671,10.123069630864938
52480,-1.2154659831659194,-0.8131203757802086,10.40479098668784
52500,0.05932611708141747,-0.27789661056532533,9.602952232745796
52520,1.5001802464402758,0.8585583983123617,9.600931706895368
52540,1.0987716085591648,0.9046168542164185,9.680454517050865
52560,0.11652895354037114,-0.07756041677019401,9.720233097368652
52580,-1.1254137676131997,-0.6701817137885588,9.577430343731404
52600,-1.2957499809776856,-0.8328067509219377,9.802389249992974
52620,0.06758741985928324,-0.27660586533985465,9.43156515417848
52640,1.0405181623222843,0.5438819861160868,10.265951065626506
52660,1.5503391841523455,1.3455954203187743,9.948386737355305
52680,0.35823877583024605,0.4561146118110429,10.17530071253787
52700,-1.1482572832949394,-0.3186771401351962,9.697449370433265
52720,-1.7588476031887748,-0.8174941539274725,10.601626015607131
52740,-0.5193059317893598,-0.4575847286208247,9.977153100971986
52760,0.4318839881358336,0.5397922355233565,10.14231543027084
52780,1.800668653022126,0.8641329289718166,10.052850279618898
52800,1.0483997614421703,0.34636814244004643,9.856868324217922
52820,-0.5451190277639397,-0.5874132316971172,9.552136052411091
52840,-1.1681062853663173,-0.5205829792563079,10.30836215592624
52860,-0.9263057003322285,-0.7119340268634206,9.68349090166425
52880,0.4767924905857694,0.6145156039885152,9.519441136480102
52900,1.684027554049282,0.9071671755560985,10.302502079199085
52920,1.220762125262803,0.7361995616333404,9.175721123459077
52940,-0.08592214359059176,0.10104142664270882,9.831972066288536
52960,-1.3672615906239796,-0.945976477462526,9.278087853056695
52980,-1.2567030223891102,-0.734321247778999,9.815499129100667
53000,-0.25795159563830344,0.08366862164532776,9.719961293348652
53020,1.4307191845123426,0.8999421651337912,9.863953558348069
53040,1.1212503990592269,1.0801369215214733,9.482140310150776
53060,0.0341578792331923,0.4193137427199494,9.835357682884249
53080,-0.794340956471224,-0.6220033600482333,10.104160587866605
53100,-1.7148893224626551,-1.2021895049901874,9.288431997092827
53120,-0.06581168835175705,0.009609289729060472,10.01053148062062
53140,0.7966231715132326,0.6929086939072648,10.140488281451407
53160,1.6835111756708467,0.9596115229013613,10.105255355653409
53180,0.535988205758096,0.5176693884069736,10.503149598197083
53200,-0.6455723811257306,-0.33904107865308686,9.929709498138507
53220,-1.8308651455265668,-0.8074297846136789,9.681582306569767
53240,-1.0121962675859972,-0.36229052262215866,9.879776656043584
53260,0.8192595784987091,0.35503724861901104,10.206747805891974
53280,1.2133622965641082,0.7979946554947676,9.38753629167031
53300,0.8798097757934882,0.3783682594895281,9.766245185276816
53320,-0.5100241403024173,-0.15528575992338797,9.656180808073302
53340,-1.4372851055554126,-0.9325376345449368,10.562685624150154
53360,-1.0603227049599335,-0.7122770403466887,10.095546477303486
53380,0.5743719261701439,0.0515211211014715,10.04271610497822
53400,1.2935605315634426,1.292591209240598,9.899767935312372
53420,0.9593776254442141,0.5951419454675531,9.512710521371105
53440,-0.08866033343218921,-0.10989028376754933,9.967610397627592
53460,-1.5229917258483205,-1.041138751880371,9.753745109169468
53480,-0.854465947259232,-0.7439640403481974,9.957773580927771
53500,-0.2934037372589229,0.0351716359351644,10.470328298668013
53520,1.2046935849198577,0.6125237538459771,10.054204472429403
53540,1.8049061470823404,0.8453293592851197,10.279572296531137
53560,-0.003751330971724698,0.5904493416873497,9.699011532828756
53580,-1.12110391237586,-1.0119828138675881,9.788728051157037
53600,-1.4115863530993003,-0.6342095209711595,9.242353457142803
53620,-0.5391262565971868,-0.5912811912431086,9.868247145087606
53640,1.0249337240544516,0.8798121814808741,9.873449107832467
53660,1.2098976690949497,1.1964011241697252,9.624260741678624
53680,0.5284279987918586,0.21202424184715207,10.249453829457757
53700,-0.6724745659173716,-0.5975950718070407,9.409362014429014
53720,-1.255264151837993,-1.075665053205445,9.718793861045079
53740,-0.8663275095301614,-0.3174755654769095,9.753742366757445
53760,0.900829689262521,0.21090223604159652,9.80544345430997
53780,1.6692817707277143,1.046864595503945,10.260991181304899
53800,0.9617685271635767,0.8082605819151397,9.124245369102919
53820,-0.35687432949790376,-0.39075237416862235,9.648869235896097
53840,-1.6794318027618809,-1.1702524375650394,10.141464662118446
53860,-1.1101808101072856,-1.0276667135931392,9.511718497119181
53880,0.33829595685715425,0.23670254480434416,9.409389993279689
53900,1.0842793250809426,0.8167348940266446,9.839522271072788
53920,1.0586292423320705,0.6270512823783015,9.659605371049967
53940,-0.671837931631047,-0.07309491301224104,8.969178126084962
53960,-1.655664230386215,-0.6586427594208455,10.205049490040746
53980,-1.2006086370691658,-0.9200263416891348,9.827365858417108
54000,0.3583407012121898,-0.02382142573627555,9.420626739511063
54020,1.180266856611238,0.5974047622398919,9.790004424700609
54040,1.2928735210662385,0.8090465230879696,9.25714798242642
54060,-0.019220413015348742,-0.3353139943500194,10.220195056227828
54080,-1.1735058265723932,-1.0625519470327551,9.476499419488025
54100,-1.2929673113766855,-0.8855395509766425,9.874844667745656
54120,-0.2712167091475562,-0.31186845105822236,9.495844014888702
54140,1.1652998269928925,0.3724423225965683,9.868216928308087
54160,0.9956534462018748,0.8455928632641027,9.409037977695103
54180,0.6349004002863937,0.5247763263537771,9.324739353569882
54200,-1.03716503280784,-0.7456256821479709,10.248501674357211
54220,-1.385405704666556,-0.8056109256852158,10.155889079145258
54240,-0.9208693312432557,-0.4194882597376459,10.135796663430199
54260,0.8559079584771359,0.6407066303618709,8.783483907174952
54280,1.544584519905095,1.2271413277806789,9.759606846256753
54300,0.7936504886753778,0.1934885605944801,9.35086913768114
54320,-0.25600923962995636,-0.6446300778769702,9.261421087533236
54340,-1.4308094422927113,-0.9254819796470445,9.924671118061507
54360,-0.9686737136963712,-0.8465037344956727,9.67292438764997
54380,0.1991172459860831,0.1688675554878073,9.907927820615566
54400,1.3930087083349247,1.0219340773060424,9.58552265753193
54420,0.9987905078801294,0.5970289243418524,10.086956184888113
54440,0.17261841100925535,-0.40199831601800007,9.655140467409039
54460,-1.44806839889404,-0.999042903068306,9.73243453450173
54480,-1.5320182362139936,-0.49089844396253884,9.772429738825007
54500,-0.25383537786693466,0.5350096227772112,9.236971269840218
54520,1.3954754830588143,0.6778002050749076,9.945494830585307
54540,1.6720448373401446,0.9433299256941926,9.428300124216792
54560,0.33074736152888373,-0.27395872096618623,10.0778885574317
54580,-0.8318126867331913,-0.6235235537913743,10.15390835442282
54600,-1.4152894650003123,-0.8512609971044796,9.23142546540332
54620,-0.5072955451697914,0.07142500595434123,10.237637180526786
54640,1.2379310610987764,0.5516666125529468,10.044336054253677
54660,1.4687728797589243,0.6457132532600853,9.4162211016777
54680,0.423893998494618,0.24371132259028117,9.796449829874327
54700,-0.78958483667153,-0.24466729129360487,9.55854279937857
54720,-1.5902588499841852,-1.1237001122123345,10.207975059948161
54740,-1.0859754499524217,-0.1798459190285222,9.214026689101004
54760,0.72587048265041,-0.027825931140282867,9.468809351657866
54780,1.2869738321648674,0.9881045290605653,9.58019469924106
54800,1.093622707305875,0.5667318978659058,9.646160387241276
54820,-0.7950241842636506,-0.6737269639089534,9.651191479869842
54840,-1.5212906444898067,-1.1609980109437668,10.005445207509513
54860,-0.8112720506068523,-0.29072311416222146,9.228823289038656
54880,0.09784931055100693,0.32461881597818226,9.758328788227436
54900,1.325342883373582,0.8143041850369771,9.98069037754496
54920,1.2001166165864905,0.9349511047349769,10.007675709914297
54940,0.39243734806075287,-0.15135173552689246,9.846399334187206
54960,-1.2422606092748378,-0.8252302445012553,9.818991225776342
54980,-1.1134379894261717,-0.7008855080322961,10.06285852640093
55000,0.2364510874916142,0.13991954752808583,9.772010500003098
55020,1.305758575524335,0.6374680128748698,9.864993247076423
55040,1.0625187298924632,0.7505827773211745,9.585883854722459
55060,-0.2336678970858818,0.038518586683686254,9.56351052330479
55080,-1.2432247031218826,-0.8104267608888165,9.92450265837937
55100,-1.3595808223057797,-1.0373902742359404,9.640851115487825
55120,-0.2388481941003367,-0.19289072059334614,9.485076538227863
55140,0.9419241370769064,0.9438136184110684,9.801022167688888
55160,1.5232875201816678,0.7723912702465683,9.801641990401592
55180,0.5837448663197548,0.08348261516521999,9.919165879236488
55200,-0.8459218767847352,-0.18907546879185988,9.97392452639615
55220,-1.6602105656610466,-0.6371956380363415,9.746615527762009
55240,-0.8178874872628907,-0.12799648253530477,9.745375613441134
55260,0.9992669739659523,0.7538684283526442,9.867783506294668
55280,1.4210320282778395,1.4453539884540838,9.873774132510098
55300,0.813669052176791,0.40467491124833854,10.413099382816911
55320,-0.8762517376432384,-0.24049261903380176,10.152950606697258
55340,-1.4384358131508044,-0.9119076860434596,10.008555897389297
55360,-0.9381098120521276,-0.6118840556870141,9.276231308678225
55380,0.060005577189346904,0.19478342397484216,9.967919175068397
55400,1.191123524405148,0.7067832428059031,9.527666398462797
55420,0.91787702948109,0.7203682686929777,9.550857578304418
55440,-0.1499431829769454,-0.38615731106952866,9.826688963343612
55460,-1.1175901549275973,-0.6713873237239835,10.337524402257234
55480,-1.4881099364575137,-0.6528873952045843,9.702612049624102
55500,0.4355359337498557,0.1885826450343991,10.278672825814681
55520,1.442943155232602,0.8973829915459733,10.221537365877083
55540,1.3914355570124635,0.7594174943522011,9.833278312988975
55560,0.4169083924180287,0.19030268691909735,9.942800226685685
55580,-1.4702000592504887,-0.8314747224804818,9.246838091541344
55600,-1.6024165995561843,-0.8066458016822121,9.961716666342731
55620,-0.5965083899573425,-0.41601071119831823,9.989989453082192
55640,0.7641082093242362,0.3299252130407284,10.257616269953548
55660,1.3534805188544439,0.8683025671000952,9.332914587433946
55680,0.27824785707669236,0.16674916458592612,9.735824860596683
55700,-0.8068004821256984,-0.715452170647443,10.189354688181131
55720,-1.1596426548365337,-0.6732744169746161,9.678730247701798
55740,-0.9459432839338688,-0.06069443889733811,9.916138179807918
55760,1.2303014963351795,0.5129818994818413,9.904271771759433
55780,1.3131143693108567,0.6366901216375039,9.932418593054344
55800,0.8065661191968565,0.26839225236187064,10.029746443859878
55820,-0.7678411419577952,-0.11418861784030637,9.829535480650081
55840,-1.37032026202658,-0.5631107281878149,9.563384620958768
55860,-0.9398181076431865,-0.7545402159620733,9.843714556249136
55880,0.724203782315376,0.4849439461112791,9.579514981286662
55900,1.5055629419141414,1.0498204407050256,9.534560546138371
55920,1.3825415943130477,0.713619082994785,9.720421410350694
55940,-0.363701787639936,-0.3230002952686918,9.513441339604123
55960,-1.189200119567987,-0.9388659977803291,9.636858894738939
55980,-0.9767942236044842,-0.7059815371020887,9.958775940737565
56000,0.3065012850931467,0.21493590178860142,9.48680247103998
56020,0.990061494210078,0.9084104756699005,10.57725068821072
56040,1.204679309273845,0.7881557044369248,10.21862905771057
56060,-0.07461654128942868,0.2134639698996923,10.121256906372382
56080,-1.438672641862654,-0.5517711869418106,10.2365871516462
56100,-1.272679913593946,-0.8250290363514962,9.634800354221337
56120,-0.5537286881837609,-0.3892459619626263,9.72838395815064
56140,0.9848644969775902,0.585806409564829,9.577615950034701
56160,1.434887287655009,1.0272516886933976,9.616104052355997
56180,0.2641797284299061,0.1572237667227445,9.920203609861675
56200,-0.9591679166062688,-0.3311685721852154,9.621208139581206
56220,-1.499369844539475,-0.7978006178604907,10.35015200404226
56240,-0.6475852212162297,-0.612287808352969,10.198142275908802
56260,0.764004676459478,0.48884448991755175,9.587600598340396
56280,1.513442583023933,0.3770279547274523,9.979321474052451
56300,0.5518425442434741,0.7567695562548403,9.801889723358519
56320,-0.4517484762545594,0.04354413088337605,10.077393592854198
56340,-1.3906820950432626,-0.827996334219488,9.572535316123934
56360,-1.0251620931272645,-0.7272063943421538,10.09002988169701
56380,0.31690171235009285,0.25820043143567073,9.840593191723366
56400,1.4127790725700053,1.055900226629861,9.750046029963721
56420,1.4393849238406036,0.6427256787225907,9.84030062699754
56440,-0.07691199369979192,-0.24070129923265524,9.751736794155486
56460,-1.428059891465445,-0.887358361926642,9.739072535410804
56480,-1.3952245104205938,-1.0916329557944733,10.076764295545388
56500,-0.14779348453318908,-0.13099377842661145,10.108043005817427
56520,1.4476996976408163,0.5981450084440663,9.97601253785871
56540,1.5915203449967346,0.9858333679174949,9.539978686869818
56560,0.03559783671879657,0.11134484778291048,10.304384990098924
56580,-1.0550098892167294,-0.8016789638741979,9.889250245303485
56600,-1.2504757248692338,-0.7893745057027861,10.019737611385656
56620,-0.31910865224187346,-0.09154542073898078,9.29593871672682
56640,1.0625547320021844,0.845847279352139,9.623667194782511
56660,1.518777330513876,0.8814289227715314,9.541611388544515
56680,0.7049202523880383,0.5619936261145396,9.561926563460124
56700,-0.8620782426677172,-0.7073072994588282,9.512627247070368
56720,-1.4971377113885613,-1.1286719442868076,9.742403511366877
56740,-0.4623682200613408,-0.7639401757432844,9.92705932797149
56760,1.049509316126336,0.4418936407743597,9.600705449724666
56780,1.7497513788001413,0.902935162166385,9.575133092087398
56800,0.5206296207761152,0.6014212906908326,10.357684187064105
56820,-0.6219364986423037,-0.29663159657144783,9.34739198652195
56840,-1.032392294471697,-0.9186381542574912,9.952547275594334
56860,-1.039736859750621,-0.6450342204025342,9.986438453985846
56880,0.1470711911682236,-0.03477185775004615,9.796651180260598
56900,1.2653490223285295,0.5070067083331176,9.940716185646245
56920,0.9697973163996222,0.9364457669360292,9.973048587498987
56940,-0.21786936061839735,0.04448319294983652,9.798489845964161
56960,-1.3406125894565424,-0.7483665165353872,9.721015828055046
56980,-1.648593396453131,-0.6538338089261246,9.855702670268577
57000,-0.12556442500714315,-0.16129454303348587,9.79091508995183
57020,0.8356951329067512,1.060425391997149,9.915136880039569
57040,1.3696662325016074,0.8736518594983522,9.654220599515629
57060,0.19614448164827353,0.1549967738951865,9.766251281107062
57080,-0.9250724419354948,-0.3594273543324408,9.556757745953485
57100,-1.4552191197974005,-0.6017661172914213,9.69123301806142
57120,-0.29689195242910793,-0.39391516189272074,9.435233116626645
57140,0.8427887275959077,0.5513782427724763,9.861489717782236
57160,1.1628318074308863,1.2078462309916644,9.77135563722548
57180,0.71006032743835,0.42105086055410873,10.073081501396022
57200,-1.1781568642814793,-0.6054859736936095,9.485031544448145
57220,-1.7872428606551016,-1.208240075208411,10.18624257270086
57240,-0.8194258639028074,-0.3487362156614981,10.464493322010478
57260,0.972960001720663,0.39798650940634694,10.092323725562954
57280,1.4789322847866582,0.7807137714291602,9.337250464621182
57300,0.9209500528116616,0.3567740464986444,9.707620917382485
57320,-0.3110422539286252,-0.2893249006585251,10.086137942178649
57340,-1.589317664419479,-0.7210506518209993,10.426298812437798
57360,-1.4174715407049232,-0.7586349506747505,9.400730896374451
57380,0.30596361397604926,0.6943932831806194,10.10034428046567
57400,1.7096244827318197,0.7634115812067009,9.90214089622266
57420,1.0996778298130325,0.6931790661015098,9.394995637156043
57440,-0.575367348970285,-0.15881408784173445,9.441080560522234
57460,-1.105886719910346,-1.1694412505940641,9.692617054131299
57480,-1.0594429508250842,-0.7910357593575162,9.47052447933263
57500,0.009898478951072945,0.06421858164358889,9.595969077737264
57520,1.2541429016285672,0.884317194310186,9.883017079633694
57540,1.569960183190467,0.6922369148200426,9.436655414838953
57560,0.03273658227236759,0.2533978976638135,9.610817946356093
57580,-1.2652275943146443,-0.7616608004839004,10.37366056965166
57600,-0.9153819952970718,-1.0623864630482227,9.773541420009039
57620,-0.4013165914278296,0.1723966549657654,10.059958319824895
57640,0.8117137310339517,0.4699329886887845,9.735515096063855
57660,1.594180902268432,0.9306936780889693,9.769977720837964
57680,0.388276481564211,0.24131823319463097,10.20362684363133
57700,-1.2864555017347277,-0.34651766915945864,10.40238712069672
57720,-1.6188776562807774,-0.7111855849854023,9.742793275122558
57740,-0.39490890292363445,-0.5847262950210755,9.61594979684968
57760,0.639775368617416,0.3554318562881137,9.96810394117281
57780,1.4406178468451252,0.7953277471445444,9.916031666394025
57800,0.6977644218024834,0.6366397804975038,9.42957748237999
57820,-0.648021086275259,-0.2877683025835833,10.216863729545192
57840,-1.4577847778538624,-0.6707222394266791,9.430050465690599
57860,-0.911750111860161,-0.3238407034964174,10.2434643864162
57880,0.4882444731144774,0.15978779125204232,9.70654601314075
57900,1.5185095439456135,0.9324281265854866,9.784130629916707
57920,1.0508368950165055,0.9472304235058386,10.279640296380723
57940,-0.25487637599550633,-0.05402979751604833,9.747213463506643
57960,-1.116841944088149,-0.9536925654037413,10.102560308829078
57980,-1.202608539107718,-0.5907684447896983,10.06265649985077
58000,-0.10595740890749665,0.20681981161956187,9.977370204985235
58020,1.529439539549307,0.9811324012504374,9.813332219950475
58040,1.3371944893659977,0.8716462654133329,9.384931914978827
58060,0.26601409078996474,0.0379712868320118,9.766143381333631
58080,-1.3251436880832608,-0.8870107700105658,9.909337427318265
58100,-1.3084362674882595,-1.1934460409414305,9.907124775909296
58120,-0.5424978654291807,-0.08767754487571144,9.313337107542813
58140,0.8458480576521129,0.6326353122431868,9.494760246041082
58160,1.7945121972778302,0.7240893564263425,10.029952687234736
58180,0.56928673918238,0.5177788602096728,9.887981344868074
58200,-0.5241129972035924,-0.7784629640007301,10.280338007552427
58220,-1.5361589492230834,-0.47795321233114446,9.655341699866728
58240,-0.8829553853726162,-0.3204394746451209,9.523237968069017
58260,0.6147640435520058,0.02337967098873356,9.930038363458907
58280,1.6246510413955892,0.6600729581245375,9.604342392322012
58300,0.618259646806681,0.30938278510426603,9.799489864612063
58320,-0.34060548821476655,-0.5654370990790071,9.748166465248257
58340,-1.5948266541036666,-0.9586102910151915,9.853529391498245
58360,-0.9113247271412175,-0.7623021212799845,9.199751856184282
58380,0.32827896768993253,0.43501628853490804,10.453594604239571
58400,1.1985814476389356,0.8672145163435891,10.260809749254335
58420,1.261716845697564,0.8026408171163426,9.839985359267537
58440,-0.434743821555273,-0.3690812227203268,9.855238639067506
58460,-1.575506589490478,-0.9353977698048059,9.889926678671364
58480,-1.361316388633572,-0.4793036737962618,9.896862859742956
58500,-0.18223088791880523,-0.14367215621669455,9.736746001630612
58520,1.1971748216640286,0.9757356341528198,9.593246180645034
58540,1.1006615735179905,0.7471935652103079,10.178518702792648
58560,0.16108666326621593,0.22084419649004006,9.944025373974155
58580,-1.0524882492079033,-0.766294056735731,9.816651473140725
58600,-1.2725542735127615,-0.8858025865078987,9.96802366513948
58620,-0.5547241309551867,-0.24401001416923257,9.484763514562635
58640,1.1104149148950375,0.3409661357208839,9.52470902825379
58660,1.1908943975994588,0.7887136976653351,10.374715676551984
58680,0.5857179395514827,0.49657108465377103,9.403408791985527
58700,-0.998456219900107,-0.023486736805621633,10.061848615825724
58720,-1.6799315528178291,-0.9806779889638906,10.580079344109176
58740,-0.9091951314641813,-0.31431426208426727,9.92346984438273
58760,0.7542948212399425,0.6456571629830568,10.1332374110898
58780,1.499980708846901,0.9168571477395945,9.607589349083451
58800,0.7455250693192872,0.5012916826312293,9.59127577134051
58820,-0.8042831412865288,-0.5098472346552254,9.616751633015413
58840,-1.5353857977049006,-0.8625666882014189,10.139363399251586
58860,-1.01944619252295,-0.7389288154582734,9.819064845472965
58880,0.3884525790044735,0.30315970748440657,10.179430184112272
58900,1.4694269781524636,0.9740964349534165,9.923778625196086
58920,1.06125236741925,0.835428265563229,9.79944613260491
58940,-0.4937507471558057,0.0309212936070387,9.61269096326996
58960,-1.354848831495377,-0.7596497139355932,9.642020556654996
58980,-1.4090821233772974,-0.6652423548241482,9.73114731626516
59000,-0.031109738140990977,-0.30126097665774465,9.703052394571259
59020,1.408617802236261,0.9561882694566992,9.6525641309057
59040,1.4222412789981576,0.5193795351717213,9.820837770019121
59060,-0.05443252704967802,0.07979090494770463,9.418440594267262
59080,-1.3748734952389123,-0.710787631943048,9.972600048556819
59100,-1.4914882999122652,-0.8292500595217623,10.006349640884032
59120,-0.0919183253424698,0.04913589842367966,9.85357856143904
59140,1.0973272517986272,0.9962220124184742,9.690614857586514
59160,1.146276227772784,1.0156312473105795,9.429473688496973
59180,0.6908664148459929,0.36289697042694113,9.971746052583603
59200,-1.3210181817067461,-0.569630039781237,10.33721908151762
59220,-1.671557812173942,-0.7988300446230877,9.334565236734838
59240,-0.4422159847308294,-0.2689055390460738,9.745856922485986
59260,0.9119757776928127,0.13869401119165614,10.299915077292505
59280,1.4121647437354214,0.6365161792317808,9.796033544939828
59300,0.7143629176503858,0.48469168985566735,9.533388901471078
59320,-0.5248070479683157,-0.11170810684627008,9.750626288456289
59340,-1.3907299415728198,-0.7553408259716629,9.958164482962646
59360,-0.9361637991329018,-0.495951958824707,9.898690672685808
59380,0.29382248150693036,0.16469148634056435,9.430362069956583
59400,1.3538608845984628,0.7804155650907467,9.615971104396888
59420,1.1255490217389033,0.7148196385209759,9.588908805502225
59440,-0.24142001957294879,0.05181487504321734,9.76463839747236
59460,-1.4745972666637952,-0.7435095341865972,9.633781887993395
59480,-1.4337976998317272,-0.4203314016890054,9.819864697183585
59500,-0.2746298955899524,0.06314596844769337,9.954731051959119
59520,1.091319623633566,0.8696133322379613,9.94621031687315
59540,1.1475435149859616,0.8217411721470071,9.874976950710694
59560,-0.10277493420970973,0.3251377650622553,9.474186914161717
59580,-1.5340395235629714,-0.4457135871397887,9.978960856850009
59600,-1.2782957019763859,-0.7817234120650806,9.48771532165312
59620,-0.6158321866121587,-0.18607698944245274,9.512968387489884
59640,1.1664368862621508,0.1073501054094812,10.108976155367808
59660,1.3728100936620875,0.8387267113884092,9.414222399680924
59680,0.39546573102925553,0.33017225903982456,9.168562702956152
59700,-0.6567989232461987,-0.6877756712526925,9.751448206349972
59720,-1.6693299260230408,-0.977312899295691,9.683217756233859
59740,-1.0754098748730003,-0.21164516565574104,9.363013644339874
59760,0.8899821018368885,0.6219635523457023,9.79965852240902
59780,1.3847730279416428,1.0300995360466247,10.090552462343998
59800,0.9322196679088148,0.39110868936741605,9.967129439802074
59820,-0.5726034237196245,-0.3881041374049607,9.595862453778016
59840,-1.1008041298352262,-0.844015504600546,10.092154343483474
59860,-1.1608556621354598,-0.6354376416086596,10.366258191885183
59880,0.3236096250464942,0.39774282216429974,9.563168297367042
59900,1.4410036001394677,0.8962274963170378,9.610048465646225
59920,1.0814005833113145,0.49138592286695687,9.56746981011024
59940,-0.058002240879643036,-0.20326107882856348,9.557599301891997
59960,-1.0196693969078494,-0.8909931587549159,9.380664247451422
59980,-1.2721043832424035,-0.7014252058277359,9.81532261706376
