t_ms,ax,ay,az
0,0.13640333963366943,-0.2368738201690789,9.789141882498878
20,0.5619712788952065,0.3524233327816925,9.830946516663158
40,0.9488464625291544,0.7623952252180486,9.879204793546146
60,1.1639054606173491,0.7197091327028421,9.927337786146474
80,0.5735424203326372,0.5301043465266142,9.96990171503335
100,-0.04894837015376836,0.23000822844141758,9.779167824501995
120,-0.640875580792364,-0.11566812148683467,9.768282877946636
140,-0.8973373339123224,-0.667523391307363,10.054935276165159
160,-1.0151927405356336,-0.6277521128436183,10.138700076453288
180,-0.48954019667049564,-0.37854886808941995,9.802199204673975
200,0.02816371355621596,-0.053107657332458154,9.848681282259754
220,0.5530154836514137,0.14476873337304227,9.970342251490036
240,1.0717106772142344,0.7717579371255279,9.702350178176433
260,1.0835376738738993,0.534764494704987,9.911548514207526
280,0.4903134199680894,0.12149847600814487,10.061098850326944
300,-0.08971333589397554,0.30229735876582325,9.818855019279333
320,-0.7226371649963651,-0.42190236835496553,9.796994636455068
340,-0.8963227748574237,-0.4278186479267907,9.820845752329578
360,-0.8522893306123249,-0.21644786652830328,9.655526147420893
380,-0.43009418266575744,-0.24244294862241478,9.907595441113207
400,0.14547442361745877,-0.02142375793136418,10.003944362432915
420,0.926517728997397,0.5271424721966989,9.93935846148023
440,1.104012534046731,0.515369076489575,9.837173949151968
460,0.8219228922893718,0.5658006967134805,9.789271342225177
480,0.45787945073230096,0.3859345484352835,9.812776568179755
500,0.029780950762909864,0.049857538788891494,10.000733957080877
520,-0.6585084882213053,-0.42872530461966124,9.71515899716561
540,-1.1084740354812093,-0.37876580995559384,9.596251679182542
560,-1.0581830635925276,-0.5399280391712147,9.666855925402903
580,-0.6973498507711627,-0.277328385530481,9.725257393255792
600,0.0390767234058324,-0.07253563205757056,9.67142151759985
620,0.801005310622657,0.3965440824021562,9.63752621422934
640,1.0564285073113668,0.4470892812490535,9.89719088563354
660,0.9183694513603584,0.69296883909075,9.832680320696484
680,0.5033267459041652,0.1437321141044402,9.983505475114537
700,-0.16729638465454522,-0.0628456247371396,9.791684594538212
720,-0.5765539511232557,-0.3817206787854997,9.857679473075313
740,-1.0747834472908568,-0.6341956335034977,10.177695421652336
760,-0.992007793306815,-0.7455732987460818,9.54271396133368
780,-0.4729518997785766,-0.32377027903419453,9.91592919737067
800,0.005664302372467142,0.10985612148441941,9.769357227724859
820,0.4922205798859357,0.3227758411964239,9.836172530740948
840,0.9562154930621222,0.3242466413251687,9.673322277061676
860,1.2681424544283872,0.4962238859975747,10.027898431645985
880,0.6735227468711648,0.4509884569612592,9.730270755253974
900,0.026617812319018035,-0.07200993002550807,9.765818024323844
920,-0.6592386631029444,-0.32275688102423766,9.607280096273682
940,-0.7639737826206423,-0.6004437512581999,9.77687600730409
960,-0.8713296064644493,-0.219007789607011,10.069578423457955
980,-0.7875425808350286,-0.30656536260388706,10.18764560619769
1000,0.009133115259106034,0.11369654049696086,9.873879761971521
1020,0.6594035941217703,0.4109689940441331,9.600462728965113
1040,0.8819662821967568,0.3931305902867488,10.252981292326917
1060,0.8498225041944627,0.699665628806111,9.709800347790653
1080,0.4589615640728183,0.33798526075535795,9.787446682733504
1100,0.07846865303797922,-0.2776184534607275,9.563850507098437
1120,-0.6575927541796931,-0.362072221373872,9.766891432665947
1140,-0.7723818663843288,-0.6085548477893687,9.99405599194733
1160,-1.0822346009455224,-0.5443111595966043,9.67390143357598
1180,-0.612807988415443,-0.5118952354621644,9.869735902064235
1200,-0.171294698119731,-0.011014980971501062,9.723508549373504
1220,0.515793582215859,0.07301340937140283,9.872440393643632
1240,0.9982600085322147,0.5823280813450183,9.828689260340166
1260,0.8926343338349019,0.532215331373221,9.73981762870059
1280,0.5246259670773324,0.19454356384481283,9.393160315504373
1300,0.06345375634215003,0.1141637432731749,9.57685677246152
1320,-0.6322300232080703,-0.7311805021912823,9.951019974781662
1340,-1.1072138282993342,-0.6345097114920437,10.11665977809184
1360,-0.9848889048597432,-0.3946818977287597,9.471883956918298
1380,-0.6985508772408597,-0.32836502068547196,9.84321043593758
1400,-0.11053085635607586,0.20897230072978465,9.501136785642037
1420,0.5954598687489295,0.2593020552139318,9.96531805485797
1440,0.8388171323151915,0.35630524903751626,9.788182502880192
1460,0.9759893214143701,0.4901703439229756,9.741021867357537
1480,0.3774261083181368,0.0736400228426245,9.667406592778772
1500,0.03789152681370419,0.11330782420375735,9.844249636244507
1520,-0.7357954843761525,-0.4471804883791512,9.699379598478114
1540,-0.7413705363904513,-0.46673144760550317,9.79988202097512
1560,-1.0266745388751104,-0.7949497795484566,9.886402070139544
1580,-0.46556801866158287,-0.5680465967958592,9.557924786950132
1600,-0.05611281075888352,-0.015116139652277946,9.926093025983208
1620,0.5042413512458424,0.6934343647562442,9.4753877285664
1640,1.0507229734848529,0.9152993228178874,9.967955099780186
1660,0.9824516601101316,0.5430050183393532,9.717963453573606
1680,0.30941808779311686,0.26580919088353133,9.989974309928005
1700,-0.039776378119914,0.02927200856693389,9.91654103798488
1720,-0.7298959593390502,-0.38657744734854893,9.690134565891588
1740,-0.8012338070058608,-0.7069393253938671,9.813838802857285
1760,-1.181569080711939,-0.5531338135951551,9.747792311440005
1780,-0.6890381143127202,-0.511651158023747,9.699994618693431
1800,-0.020452273892271413,0.14061616380466882,9.880262970455771
1820,0.7201505537830382,0.2801127806470316,9.749563460545895
1840,0.8843014038333605,0.5918837024999714,10.015424962590576
1860,0.9601840924838849,0.6287714147542136,9.596455292673703
1880,0.3715767883018035,0.219298670478323,9.516282498559816
1900,0.008388099307270958,0.015382166568378392,9.939692250636908
1920,-0.805051215904191,-0.3249659804143086,9.900956955483867
1940,-1.176474934518741,-0.5564970725590401,9.724091552326918
1960,-1.0322554701228006,-0.58612017774444,9.771447431854398
1980,-0.6679295023389294,-0.47552844464676586,9.854446377516663
2000,-0.024143020462341184,0.2183884887134745,10.113605698071192
2020,0.4817894985825941,0.471077121407227,9.568159666871608
2040,0.9426613378839505,0.6718002912374632,9.933158402676481
2060,1.0651236544391767,0.29895407056094553,9.834907403237194
2080,0.5759525088964085,0.5060468345728579,9.726292850981364
2100,0.07813956978938058,0.12730426995802452,9.937328492051591
2120,-0.5318848563500896,-0.4465234316613678,10.042258273871997
2140,-0.9487858915789404,-0.5670050319552004,9.839951148185031
2160,-1.0521174668266176,-0.6797151642399539,9.906098848816256
2180,-0.5426508727967279,-0.4773424269944833,9.736242946474992
2200,0.0894957596970896,0.019287634908535932,9.738602281113788
2220,0.6425785425149636,0.346763510133546,9.875222978253742
2240,0.9057136529875607,0.6629219217237629,10.084297386673168
2260,0.9279413667281461,0.501437363947997,9.866008816924277
2280,0.40073539440942607,0.38439362542513694,10.038279175089588
2300,0.006326627224714784,-0.02687838345305475,9.981218693839601
2320,-0.547854366140425,-0.08640144571245562,10.187497698665295
2340,-0.904197761449663,-0.45264489721555495,9.756297893621255
2360,-0.8631949660474384,-0.46787514984655226,9.76301907867942
2380,-0.5383003871968611,-0.39902802144630517,9.62468143380297
2400,-0.08087500050280398,-0.19581900442204891,9.527570436556427
2420,0.6753330051437593,0.4703851583944176,9.51990532399777
2440,1.1733862096637453,0.33911737559193333,9.928128753580209
2460,0.8902120609518311,0.45260791899535247,9.716102650111011
2480,0.5412523067179947,0.3699385123246523,9.690436194473566
2500,-0.021645100026364182,0.1644923069937062,9.639217814597952
2520,-0.5832742747142206,-0.3223296336956373,9.499275481052655
2540,-0.9257179078128233,-0.6399580940151866,9.345440502262399
2560,-1.0015456550436308,-0.6838394396979462,9.559847049151763
2580,-0.5651605689974712,-0.4809486772515594,9.924390316544084
2600,-0.09876538454162785,-0.08406223811668664,9.700262669437405
2620,0.4415330588847526,0.4229195822038884,10.00162865591073
2640,0.8391695385471211,0.6134228957233293,9.755524455421916
2660,0.9913644339545467,0.5671708554696563,9.717342030523122
2680,0.6409267637751724,0.19100057943201376,9.319554492310651
2700,-0.05030125504410934,-0.046568724608713724,10.105160842000254
2720,-0.6207738095795529,-0.43617670975644407,9.93160322390703
2740,-0.9462320524271066,-0.39281999255263,9.74365029855745
2760,-0.9593390650375152,-0.5464813255384984,9.847819140776569
2780,-0.481591529262803,-0.18075862139745005,9.80097087543316
2800,0.17887235822320535,0.1954874814908702,9.850041401175877
2820,0.7471038015349765,0.4426816206227574,10.060668715088264
2840,1.014935871553367,0.5463878424038019,9.794821410780557
2860,0.7491112299031788,0.6442462070819794,9.824791051480501
2880,0.5742961244904985,0.3299570124859438,9.653952751695986
2900,0.10482269621979104,0.11856647728545772,9.980508814795627
2920,-0.7294026807193434,-0.3350360270051059,10.001469480979283
2940,-0.9571672982625794,-0.4811959779591574,9.672124415276397
2960,-0.9125368393185748,-0.49405701514929357,9.985388774434583
2980,-0.5365928885575557,-0.25607974770692304,10.059122488783984
3000,-0.1560178936000421,0.06697493071781664,9.775523788135697
3020,0.7613045192102849,0.43904394482913967,10.006730063590345
3040,0.9099850909223473,0.6919574156569688,9.976161205821125
3060,0.9423601365281685,0.5051496442808141,10.040483241668833
3080,0.6170393271825653,0.3739638306450868,9.896254091156758
3100,0.008882792057518907,-0.0858369206819861,9.593688277664398
3120,-0.5713209305696353,-0.3059238257358753,9.856020096015627
3140,-1.0956119300276455,-0.689164911066268,9.728973207936953
3160,-0.9764046615111087,-0.6301665465477916,9.669118824544231
3180,-0.5971047175008919,-0.26030902066930234,9.860173516077326
3200,0.04200778428685037,0.14736976121048073,10.119381532129625
3220,0.8208261866413218,0.294700802929801,10.281109004860136
3240,1.0213259304580034,0.5292786782884532,9.689687990751414
3260,0.9676507737949394,0.566014870547674,9.833030340503303
3280,0.7961588292367441,0.47754245408441826,10.08220188556437
3300,-0.07988928737276198,-0.08436667135458212,9.951358477816516
3320,-0.5504953282314297,-0.32328484768224364,9.864594749504784
3340,-0.8712285537244226,-0.7291344468813263,9.94945805663555
3360,-0.9753284840387363,-0.5906579361033237,9.980711191099408
3380,-0.8196814756407156,-0.3024428135739514,9.987068264047315
3400,-0.0942959566302659,-0.1158619543997915,9.800540140720056
3420,0.3189824942388014,0.22374669555872526,9.800630642368356
3440,0.9072545987837162,0.4494530607969218,9.99277267561458
3460,1.124556995146071,0.6413861696493691,9.694272460324369
3480,0.474949839858282,0.43294387129288114,9.548229565095744
3500,-0.018159199834026828,0.19557255100236143,9.803436106535626
3520,-0.478722103107166,-0.4309921447837234,9.7276084953792
3540,-1.0116455389304524,-0.45187171509888846,9.732310483175157
3560,-1.2084173248691839,-0.3933905238865275,9.826770621261335
3580,-0.7098980543468386,-0.21096804211822134,9.81643409254355
3600,-0.08289552402150983,-0.17874729504632314,9.947428707431996
3620,0.4123503504678428,0.3491085800885691,9.776455090214029
3640,0.6136756808864681,0.7570201286938494,9.951259140701197
3660,1.0998372027655319,0.37003098826652303,9.627575817827786
3680,0.6616344167782979,0.2990710409648641,9.706116571119177
3700,-0.0281749645668439,0.06339757659489675,9.840212601319154
3720,-0.6295318850948144,-0.5854488227378756,9.527502069002214
3740,-1.0629987164119714,-0.7392112965619964,9.67369966180104
3760,-1.0821878348803362,-0.7711076662297172,9.54376258392668
3780,-0.45244947379119804,-0.18900443472809364,9.981437517952983
3800,-0.07291583087394456,-0.12117595916685464,10.149953366937169
3820,0.6513708410046177,0.22899632500998715,9.510033349746326
3840,0.9675111105398481,0.7008842630771912,9.850450842054475
3860,1.2990199585450268,0.4624262885382199,9.561014323818588
3880,0.6554551897203774,0.40852115133051586,9.545505154292393
3900,-0.012633509062855404,0.023791154876932428,9.799452870930256
3920,-0.8300387208896671,-0.27454601996581973,9.523597159249181
3940,-0.9394360135382106,-0.6106704657023204,9.770647436178127
3960,-0.9874774871984477,-0.5512355155472521,9.912290952007371
3980,-0.7512881007427005,-0.20341044881621326,9.654718027451764
4000,0.0014412821205857479,0.10350337833990586,9.37778232343185
4019,0.5740187169035157,0.4915524113028112,9.668987640598303
4040,0.8599538946068593,0.49043900050830525,9.955239895643775
4059,0.8272809982299962,0.5564900541231139,9.664983251573432
4080,0.603093476496411,0.4228434884496664,9.776784160067194
4100,-0.2022437853649438,-0.008872387551266838,9.688918784451769
4120,-0.640345120416097,-0.39542748510002224,9.685864103782786
4140,-1.1717799113877303,-0.6263345517070379,9.777956634569946
4160,-0.6560473187316349,-0.698697530214181,9.841065023560018
4180,-0.5802474582377103,-0.4265125979925103,9.702357285183636
4200,-0.06957967858933176,0.1594028654462303,9.893462766256189
4220,0.7001455587765844,0.2856211881697672,9.889732067460645
4240,1.1437910777666995,0.5367097599027132,9.67366368783835
4260,0.9394317968517566,0.7035315488862377,9.831757467487602
4280,0.7969086406751192,0.3975238327031836,10.020184082054788
4300,-0.06711566105366999,-0.28094342461488203,9.606236609987311
4320,-0.35006177712047226,-0.5634906868488261,9.584259512494679
4340,-0.8232714941037473,-0.3903340131857158,9.747549565258348
4360,-0.9564896003670244,-0.5007681096389035,9.43937549637706
4380,-0.511685887791328,-0.2785021701033791,9.79839749368597
4400,0.06571591928027488,-0.16070802896879777,9.896301961724049
4420,0.47537055629135605,0.49300111600370167,9.682787692284197
4440,0.7622713725377547,0.6364842519628721,9.955866438476892
4460,0.9724075733485379,0.5935769661093249,9.883067670720605
4480,0.6428321711442173,0.5206419084434922,9.92684893374869
4500,-0.06937179431240086,-0.04315362500101328,9.693174979665827
4520,-0.5843934634903725,-0.24767363246455648,9.94202563498917
4540,-0.8759797883315492,-0.5048847187876784,9.917077041800894
4560,-0.8617174074229513,-0.6600106885469941,9.79112745162118
4580,-0.5716160263274502,-0.199439604079466,10.194804454726658
4600,-0.08798298868670469,-0.07128827409518274,10.045457669806213
4620,0.5256054134092759,0.4120530414815243,9.687970823040343
4640,0.9411638934963287,0.5179884670348749,9.17133443578367
4660,0.8034431829111092,0.6267392419946498,9.973138055788608
4680,0.5581298936626257,0.2658415896571228,9.701208832324257
4700,0.23694804705300893,-0.034950040001933816,9.794206940144349
4720,-0.3265607170479547,-0.5511339317658627,9.932444401724103
4740,-0.8295770581177382,-0.4489680078640581,9.988340266761282
4760,-0.8385455892267619,-0.49169081048957874,9.552821987854669
4780,-0.8367772363013285,-0.2826065116893948,9.940482444722297
4800,0.07033631257557335,0.08171037206716737,9.923767097844653
4820,0.4969850941609103,0.33588909666394706,9.656790309937447
4840,0.8749333218632833,0.5191901205202674,10.20101304550106
4860,0.9914515727130082,0.6773847741059703,9.550411408627948
4880,0.5878120504668152,0.3360596897283205,9.893029708707063
4900,-0.15061768084678465,-0.07624494346112873,9.882835281754096
4920,-0.7971214765668109,-0.4112451788321182,9.851194568380418
4940,-0.9074822157258116,-0.6296478517626282,9.838106016300994
4960,-0.7962083226258562,-0.5043247616032848,9.720527456801781
4980,-0.6340845336145734,-0.3208048895226663,9.596259240813074
5000,0.11729890770283755,-0.17350852588938498,9.938607265831676
5020,0.695172717740767,0.3275885064762172,9.854803565757669
5040,0.932761672955938,0.597614083210873,9.56109789336933
5060,1.1267768793331765,0.5814491289071739,9.47411624197085
5080,0.5667946392006301,0.11956726228876954,9.541165608833715
5100,0.10326051432833429,-0.14205401853567257,10.040143099374367
5120,-0.5510102037828624,-0.6212277548165304,9.629234230062456
5140,-0.7337094518722596,-0.52319380279543,9.594367376820067
5160,-0.7974335323220737,-0.42567364372134187,9.725935903475673
5180,-0.5413738497728662,-0.32607105657078106,9.900342353452714
5200,-0.02103631415345586,0.034687358931871894,9.862161580345118
5220,0.46335132669956464,0.4220210568423447,9.515667260374807
5240,1.046751871469636,0.3993685221600993,9.951525333117472
5260,0.9175618873130612,0.4099144524058326,9.855582336233836
5280,0.6324580879658699,0.4655814814626508,9.584208764313338
5300,-0.03946280889407551,0.12853768016661335,9.61984228561713
5320,-0.3964014361565445,-0.3884999590994331,9.960045566434
5340,-0.9143895716867076,-0.6125768888200905,9.647490413529288
5360,-1.0191473495616608,-0.4997256763789544,9.63342795211027
5380,-0.5960824201957015,-0.47988538817635573,9.393334806623294
5400,-0.12868278509369205,-0.0406078729316212,9.923046345299326
5420,0.6754276081849926,0.2540547753917812,9.92925154005815
5440,1.1158371546330603,0.6398674183844114,9.791462856679033
5460,0.947719189981521,0.7169416235985904,9.803826815355771
5480,0.5372016354112391,0.3538796017769583,9.905355728010901
5500,0.1126995433656678,0.12902153923676285,9.667296963709823
5520,-0.3756202000467251,-0.31514065728143453,9.8225572962653
5540,-0.8624585118348304,-0.6477296522363277,9.93873978028743
5560,-0.8236309600833362,-0.5760163095974365,9.984366469018335
5580,-0.24380561752136826,-0.21073199670706388,9.894436811527477
5600,-0.09371976226195125,-0.023825519925540946,9.65348847028737
5620,0.679910256271882,0.2721054226261852,9.626493085255566
5640,0.9468307265513612,0.3846073341942886,9.656188862888296
5660,1.0598951118470141,0.7591820188117162,9.709589605618511
5680,0.550570754667384,0.3020838644976401,9.735604027382205
5700,-0.01823397552768387,-0.09869020460475558,9.651931614342997
5720,-0.5573874708291203,-0.36680071193590613,10.161096641165711
5740,-1.0782126049960865,-0.6208249908039251,9.795385980887309
5760,-0.877103422329184,-0.500697888535782,9.910838122371208
5780,-0.5306731832139395,-0.17884338501744265,9.99513473826258
5800,-0.1021381575163494,0.19393899473048815,9.765417061729163
5820,0.6836788391354807,0.26770777644111254,9.905187651483905
5840,0.7933200200614162,0.6619126504894907,9.654059338359664
5860,1.0756940426774413,0.6286900905874577,9.993185237682143
5880,0.5822818111588234,0.43488389658093646,9.720304399844693
5900,0.03681425905035966,-0.021639983158629823,10.13582809486182
5920,-0.4489896563253739,-0.45293288009990823,9.920320849076406
5940,-1.0586715241613347,-0.48986994163727504,9.685985457376255
5960,-0.8661645593888776,-0.6064789017751029,9.510654250928194
5980,-0.6432464021846565,-0.25352873216658856,10.075964940908056
6000,0.002243976016169257,0.07118306675660248,9.87430536094992
6020,0.5902166815979292,0.36123111891387,9.803383564230144
6040,0.8682736826271377,0.33511205796849697,9.608575817661823
6060,0.8981211920997286,0.6561804858490298,9.781164220033558
6080,0.6540746949288408,0.3834794759654845,9.508221413093588
6100,0.04477455075909455,-0.08072931559847116,9.701141628078549
6120,-0.5532214192497913,-0.2319269162050201,9.720196431004467
6140,-0.826734887010084,-0.4214873564144207,9.829046646081354
6160,-0.7708046036786746,-0.7145765119541128,9.683746977443182
6180,-0.6321320320323409,-0.39919784288735377,9.529618276731654
6200,-0.16096256409456292,-0.054105656627660065,10.032927411455145
6220,0.540886036640762,0.355302559391734,9.474395251354466
6240,1.0459930639559476,0.38738255098472096,10.102400387925021
6260,0.91024226617335,0.6072692067412067,9.796363160685175
6280,0.6696154906889888,0.3140962680236562,10.127879734937336
6300,-0.11195216772987912,0.031139450189662368,9.711548704899998
6320,-0.6354207901222745,-0.5435131287126653,10.158461585958484
6340,-0.9146183164391833,-0.4880356632305388,9.890864446277698
6360,-1.1206074634298377,-0.5122259370579626,9.589222569153131
6380,-0.6967389497327626,-0.5237921404756929,9.826856250385067
6400,0.28285336969063685,0.04425051002863416,9.60458598146416
6420,0.47014672984768985,0.36439391904757923,9.694585609926113
6440,0.9474069771563834,0.4079458919864719,9.818350508310642
6460,0.8018780837270689,0.5319538216738975,9.804731531294289
6480,0.5960544324245964,0.5611605326844592,9.90709259720784
6500,-0.23284876636221974,-0.10579658287586564,9.737185840194012
6520,-0.4793452722885517,-0.5769491542951336,9.81273335178146
6540,-0.8501307863987586,-0.4533480695778294,9.850011753856606
6560,-1.0760766830133535,-0.43750849824592475,9.632252645599841
6580,-0.6126200805150654,-0.26925515509437137,9.601367731215369
6600,0.06037718180773197,0.3082675454620777,10.00488619316283
6620,0.6677105198932762,0.45398548369530123,9.922269975393604
6640,1.0524324939752536,0.43482259859705796,9.568844019438819
6660,0.851753149830796,0.5319204907735019,9.816771364894798
6680,0.6205151872561115,0.36663928836030013,9.74388106449623
6700,-0.26388883196295837,-0.05851028225015305,9.955727963711777
6720,-0.6386717668924855,-0.23280571016461388,9.725935582435616
6740,-1.054682916775806,-0.5533283472183362,9.614541954979572
6760,-0.8553530637729944,-0.5338082332877916,9.725417573956964
6780,-0.6920920433052482,-0.2925043861667648,9.596906531167805
6800,-0.04897640474401529,-0.14762905597161236,9.903744810538308
6820,0.6354988846330639,0.20413883091751586,9.93332765747446
6840,0.9031134927985034,0.5019180599389225,9.723445098828426
6860,0.8176429217037202,0.32176515378657544,9.304161071302598
6880,0.3883184048356432,0.43866252227100344,9.935044399324376
6900,-0.1308462271603509,0.04226224892485965,9.801834064442707
6920,-0.5290808356119336,-0.24757099251440345,9.894281209578795
6940,-0.8076526826533341,-0.4514299200147443,9.429776175013105
6960,-0.6770464334997284,-0.7121596274458604,9.751673784058418
6980,-0.5650306195569091,-0.542914733173615,9.871138752362464
7000,0.015203746982721348,-0.10710521847249874,9.7674006954194
7020,0.6899878344185449,0.3732891711050395,10.016125693953859
7040,1.089128911202463,0.7984237890397554,9.420127754254576
7060,1.0541485700205149,0.6861471605087793,9.871138496844909
7080,0.2928386425964609,0.42125469105430713,9.879934326274421
7100,-0.183069697805663,-0.10176156261742174,9.735779642956151
7120,-0.46384482176194125,-0.5182432452666772,10.003781831511947
7140,-0.8947393773051225,-0.4351372939580762,9.54289438391705
7160,-0.9669832768923262,-0.5142985083715006,9.65394592388754
7180,-0.5131646164775839,-0.29292676753975205,10.108886354565229
7200,-0.01576513981303175,-0.09022991234901805,9.873091151001125
7220,0.818687550806339,0.20660177676348207,9.774008328031847
7240,0.8221947444307661,0.5251073858246814,9.88059875918
7260,0.8851014034067645,0.7185429031853947,9.885259513148936
7280,0.6261323725742418,0.3041164156433077,9.757169965294043
7300,-0.0679184411588714,-0.03711095728844391,9.921230558659277
7320,-0.7841125906147721,-0.3662283682945319,9.64383755151868
7340,-1.0501595003038555,-0.338067463467392,9.663986586295659
7360,-0.9052489154539536,-0.6560569666071958,9.781135054414165
7380,-0.6449838566061638,-0.05861358143637824,9.85363651402423
7400,-0.13282968493654873,0.14452438677363372,9.847766252496191
7420,0.5669236927990775,0.3698529740907574,9.609485573565667
7440,1.0969481252413322,0.7950910217397968,9.972718151370266
7460,0.7411786504319671,0.42317647864126695,9.955056448516956
7480,0.6092746643763177,0.22621336870128025,9.7384151135396
7500,-0.0026733217640645224,0.03860979611092941,9.8945874643136
7520,-0.5290861001939092,-0.23120398889244972,9.880489362138912
7540,-0.8572951537404412,-0.38473067541620476,9.900784613005893
7560,-0.9585492092825528,-0.5050347053842188,9.896387604058337
7580,-0.5535012557879788,-0.20228315015244194,9.855612760896294
7600,-0.0556202894884895,-0.05532340946374665,9.900530089846498
7620,0.45600548689733866,0.5196708967611419,10.198142385717402
7640,1.1993373542990688,0.5841181408804695,9.771771254031545
7660,0.8148918569480224,0.6849241135688918,9.844166775934042
7680,0.5084479171125686,0.1997067910533339,10.006274623411525
7700,0.080968442059567,0.19453965859783437,9.93125325068717
7720,-0.44827722618801835,-0.38320941782264023,9.47529237186429
7740,-0.7947860047849833,-0.6243982758626245,9.819587915145867
7760,-0.9137478717778984,-0.4519657331378972,10.107944374032536
7780,-0.5596045446688364,-0.47894303217655293,9.301072337434746
7800,-0.08097058475243693,-0.095000863900091,9.60995311570377
7820,0.6240916980413224,0.35345272698689106,9.765241241073438
7840,0.9876027361187191,0.3447221559235754,9.9477783036857
7860,1.070664247541954,0.6483887123548199,9.845269386988072
7880,0.7374951179589031,0.24228081402304463,9.91101778081605
7900,-0.07215765825439159,-0.014243961503558177,9.888579730786276
7920,-0.5941695154870766,-0.47584559966882767,9.77929380290988
7940,-1.0433271488600082,-0.8658785143137353,9.764604553776625
7960,-1.0075596945018321,-0.5642496298223416,9.91049395958107
7980,-0.7494272891052611,-0.40632080519846747,9.873067932591772
8000,0.0427103994803561,-0.16373114606197645,9.93937388073968
8020,0.659188566146048,0.31137855755779864,9.567370502167247
8039,0.8156977266551849,0.5786881335829972,9.736227565646137
8060,1.0893647673131581,0.7414177520666169,9.60890754176419
8080,0.4847253912360124,0.20604952757130454,9.774185217445394
8100,-0.05525542042293874,-0.23966495147175412,9.743970858870727
8119,-0.6650672225673876,-0.6041812581796928,9.807579675910292
8140,-0.9112367775824756,-0.752460347750096,9.81362105904
8160,-1.0028445453333446,-0.6214263910119691,9.493198639706643
8180,-0.747118022578263,-0.3530344001731319,9.996304052678294
8200,0.09171201199067452,0.08035905383014556,10.144472632871373
8220,0.6893211448496525,0.2572632736726299,9.905256564018762
8240,1.108576146535025,0.5280774920791537,9.8085669312217
8260,0.980698098474677,0.4423642292328015,9.83666111646783
8280,0.8127356084635492,0.40949308710322335,9.80714868728149
8300,-0.024895976915535228,-0.04920936013639186,9.871513606941232
8320,-0.6427590199892746,-0.4046415495091306,9.636992269913168
8340,-0.9184268878433148,-0.5244471018171979,9.812922225023181
8360,-0.8659793352990377,-0.4679691339889795,9.951707858565356
8380,-0.571191940987834,-0.2251353526656776,9.674785712949552
8400,0.02045006017257195,-0.09464295383633173,9.91486801663635
8420,0.46351285597446734,0.3480317069037325,9.785099730810483
8440,0.908582668075919,0.6887522228301559,10.038208969640774
8460,1.0709895843545567,0.6057254734563808,10.088569382361346
8480,0.5289016423089038,0.3218567449986178,9.93422615590039
8500,-0.023547288608817628,0.04202035787791131,9.909937248920846
8520,-0.5887266981242603,-0.38888317181398907,9.996687062268416
8540,-1.1252451777371975,-0.6748788476537219,9.889509721240465
8560,-0.9707084687501563,-0.5551451182295322,9.87004183108411
8580,-0.801550830726542,-0.32242861186882155,9.678415563239017
8600,0.062157128916217455,0.12431665260823054,9.870683740331332
8620,0.5120038349788119,0.2697136725859519,9.631141780287718
8640,0.88993216668256,0.6684048765507015,10.037643905753407
8660,0.7414587652910993,0.613597434813266,9.732674379862242
8680,0.5918946963248798,0.38612521514964204,9.54609148884033
8700,-0.11361791619449436,0.17029132105818698,9.525398171967243
8720,-0.4853205584100957,-0.46394026055901216,9.931066308462103
8740,-0.8457357695878145,-0.7146427270004666,9.840041027281153
8760,-1.212842433958559,-0.6121017740138569,9.776951335598316
8780,-0.6849707689720271,-0.4395989180012881,9.890421406516234
8800,0.019181841705998355,0.03786752433991815,9.652191835612648
8820,0.7593478405644009,0.2404162751169573,9.914334900734692
8840,1.1214177907483456,0.6480430153877408,9.774993632610016
8860,0.9985767250809571,0.4767266993897832,9.824484301163702
8880,0.5058908144619241,0.34314838173294115,10.183093029921462
8900,0.16923004709197711,-0.13014049825445775,9.377015806763838
8920,-0.320808979414414,-0.41119216999944724,9.803963597407671
8940,-0.9766968809765919,-0.45947909723620023,9.996744467248373
8960,-0.9940157311213059,-0.6456841799800153,9.751112257365682
8980,-0.5484376551879467,-0.37967780734706125,10.05919283001787
9000,-0.06209779041919413,-0.0008114544363335676,9.776432374630827
9020,0.5760248915270275,0.33648843258506655,9.802696443899652
9040,0.7179120298183509,0.5653255004648222,9.266255025581131
9060,0.9885776471339639,0.3769852241650158,9.838770138265092
9080,0.8902704675148161,0.442964542998019,9.562250442359437
9100,-0.016368284847139522,0.10993368706476817,10.038280583897146
9120,-0.8157486192762831,-0.1842961960377449,9.984356567663346
9140,-0.7625697362671182,-0.4266073518299302,10.078400359506102
9160,-0.9823889909447544,-0.48195704264815176,9.312509135872977
9180,-0.6122114289237881,-0.2383958415316999,9.447832026755437
9200,-0.08292465817894243,-0.11275132312789282,9.884485527591435
9220,0.6009106376835245,0.4258386871578715,9.70767832444417
9240,0.8045661668164019,0.4316460468281648,9.514794552417088
9260,0.7899071293868543,0.26249619140321684,9.897536354856046
9280,0.5602139604758668,0.33731392465101573,9.577449062002712
9300,-0.010830357992821152,0.08799902223513646,9.873225543293891
9320,-0.5961602333869606,-0.17818573242771518,9.765170698298292
9340,-0.877154991041461,-0.43302695436408467,9.89419660969747
9360,-0.7617952597619215,-0.4085859124232671,10.044997988316602
9380,-0.544630377769464,-0.311247544216727,9.824707293942156
9400,-0.019737148777565296,-0.13955363342066193,9.904884963309822
9420,0.45106702853270086,0.39813487737211084,9.650437083798854
9440,0.9785988858593936,0.3960838102426537,9.921782109136345
9460,0.7343630736842155,0.64493504136262,10.015687572868648
9480,0.46309419167083377,0.3298669824175386,9.901982358613767
9500,-0.11724079439374911,-0.0609769307235785,9.737015997238332
9520,-0.35603571831940206,-0.262529388638605,9.769949546686414
9540,-1.0755808110842568,-0.6263039778954158,9.556911967055614
9560,-0.9353757819050037,-0.561155341154206,10.023436641468653
9580,-0.5995469325699512,-0.261171160410024,9.580944759377049
9600,0.2058017336440841,0.009769904971388212,9.598085191534025
9620,0.3706967276017553,0.3697779700795425,9.709390497781945
9640,0.9577855613596157,0.4967060180033145,9.864599773755918
9660,0.8684511287447604,0.46071381089114327,9.543687277897279
9680,0.4725885980196351,0.5192342988827154,10.033921114702805
9700,-0.17608502713407373,-0.013081788929776446,9.798782503737572
9720,-0.5263482435160607,-0.44928889824717166,9.858336732627153
9740,-1.0319829579153184,-0.6572093435951943,9.788725625219039
9760,-0.8214860589504376,-0.6836054927845121,9.66129246228038
9780,-0.6758461860171251,-0.5910236487810068,9.75090427572072
9800,0.16609171009277965,-0.16656261657914534,9.854848851533035
9820,0.5929148589548388,0.30205852666024613,9.732093711776148
9840,0.8922874963217381,0.5576390289425643,10.125534009352311
9860,0.7283090442365977,0.5114305717746918,9.829920710902352
9880,0.27276021677833345,0.23138123338683278,9.721287010301527
9900,-0.0030751794927022275,0.12369014534590672,9.949514984608571
9920,-0.5235127724618243,-0.30571651807413364,9.55992479535307
9940,-0.9609264525965163,-0.6165807981037082,10.018609870974059
9960,-1.033381347143397,-0.5941518986159645,9.751136008432837
9980,-0.5152834382450108,-0.12482384462477072,9.841299532027586
10000,-0.10275469073043024,0.22184182688138648,9.651610247302495
10020,0.4855427529206694,0.4599743439124743,9.441427463928497
10040,0.9603907729014616,0.5374340028999884,9.77735880169293
10060,0.8072773479278463,0.7350414701323016,9.7191926530088
10080,0.6103368566009473,0.25593346826136987,9.613147302651448
10100,0.10942322076886665,0.15076031141433746,9.755246673379707
10120,-0.5422029689591651,-0.32722255421731433,10.027390366434846
10140,-0.8828625244256825,-0.6066257694294399,9.810803639889215
10160,-1.1520300241084958,-0.8052612417520242,9.771444850852
10180,-0.48891719275358814,-0.3945041375617165,9.69999035557578
10200,0.1560830081497366,-0.0936028767252083,9.799564861936618
10220,0.42002146286613196,0.35797123890042165,9.36461966697822
10240,1.1221003731105776,0.3586982656864261,9.51290331604371
10260,0.9646786284934877,0.4763599647089037,9.866642209713087
10280,0.6117128211163254,0.30896624154978014,9.7364387341371
10300,-0.040615309952891504,0.12887324590312982,9.967488488403617
10320,-0.6737538874266324,-0.39786502633362963,9.658314964839267
10340,-1.0998373491832107,-0.5698584325011149,9.74365776273998
10360,-0.8817264987955972,-0.6332905449708375,9.78561088618755
10380,-0.522195743931966,-0.15893990763181506,9.908062720961414
10400,0.025942751230241975,-0.11994266742982461,9.89057315543847
10420,0.5155295783005496,0.17980066212122317,9.828081917060388
10440,0.9777861742487707,0.325583733720913,9.692971233149791
10460,0.7091450467167798,0.37977619411267294,10.080312178282151
10480,0.49121400039884516,0.17293161762783,10.020818043375916
10500,0.27458102550710106,-0.08350164916723635,9.582522893574836
10520,-0.5883763952841367,-0.4606602979479411,9.81792832179694
10540,-0.8765906550950244,-0.6579350572233108,9.78188194389588
10560,-0.856793204144136,-0.6015516991851662,9.959022023300008
10580,-0.4265722909784408,-0.31814687527544283,9.815891214608252
10600,-0.07496452309237955,-0.05799083596714887,10.033495323737062
10620,0.5133320306692226,0.5726913419556324,9.658011080070752
10640,1.070070883535163,0.6436668275461849,9.805618050345593
10660,0.827065482677541,0.5988983654446112,9.936343218669348
10680,0.5436027018241402,0.17131179409831032,9.887716868699522
10700,0.012504326364804273,0.0945481023962802,9.500093925430054
10720,-0.5651096724315943,-0.3659711352694596,9.575473299877281
10740,-0.9253056243256766,-0.33521172433238655,9.90120293965727
10760,-0.867083956713503,-0.6213787197562415,10.253088974458434
10780,-0.627174259359064,-0.2818248385651537,9.742488157764035
10800,0.017661189664397545,0.11598064144349508,9.591889749486064
10820,0.3953062692140239,0.2936771864748795,10.162781249935923
10840,1.1686888343918482,0.6715212153283068,9.46675671775851
10860,0.9241421200905799,0.7169845484991089,9.753455640854936
10880,0.4784470920984019,0.5237284483929656,10.019006355109738
10900,-0.050426974680168775,-0.07060777416126542,10.09142219128338
10920,-0.6437029551600723,-0.36552732209430594,9.80824633435013
10940,-1.1306441952389432,-0.5299441283140303,9.969574541100288
10960,-1.0199756925823582,-0.7072263417157596,9.69220678098699
10980,-0.7827251292984871,-0.4027450628860848,10.017082439273198
11000,-0.06209612746918151,-0.12240022391894992,9.865788648327223
11020,0.7285481470645936,0.3915713059958274,9.927575189241868
11040,0.8886102035687973,0.6436685341483457,9.741523574509326
11060,0.8937106893190879,0.38616816086029637,10.08718961316784
11080,0.5393511120614113,0.4650604923978111,9.740169391847704
11100,-0.027719290834314476,0.04323598698832857,10.012552315222253
11120,-0.5961917949992885,-0.45723521156192193,9.483145812613138
11140,-0.8841020031099481,-0.7171848576345459,9.930228855648556
11160,-1.0320733586090405,-0.7462842172161577,9.840719099701047
11180,-0.589119773872507,-0.20951876126476945,9.767288840811695
11200,0.05191013532681506,-0.057489290841626475,9.57549068905669
11220,0.4019386667174711,0.2470980734452758,9.835937615367286
11240,0.9655867687751817,0.718132178428712,9.594110440236186
11260,0.9176639897962643,0.7865860358799017,9.848163736984047
11280,0.5613469600818539,0.5177132253653607,9.990012941444318
11300,-0.055954375310724766,0.009954843823066292,10.076465930690913
11320,-0.49259668412286717,-0.24048733146829082,9.78641016554016
11340,-1.020934233867822,-0.5939129191263168,9.614784946427037
11360,-0.9472263190033676,-0.6130681638518092,9.932637392058556
11380,-0.8168506253852411,-0.1829972351548645,9.676337495298974
11400,0.1790456452447531,0.12862829417553084,10.057613975615684
11420,0.4740342675225867,0.10720223549676466,9.86322988634312
11440,1.0466520281155025,0.7564968059334359,9.400835440546285
11460,0.8721596060602383,0.6836646616873627,10.12217813284031
11480,0.49327197565384034,0.21801682497189434,9.667621489855215
11500,0.026763662944773003,-0.045720393119978164,9.540861430552113
11520,-0.5409571081035345,-0.24861308505757002,9.734010453039685
11540,-0.9035097278593486,-0.5073648020135875,9.508816072726244
11560,-0.893185422489644,-0.4890050286505999,9.761244197284036
11580,-0.6548825301293966,-0.12187801438383167,9.963585373213037
11600,-0.057177911081811125,-0.07686016012470027,9.687032485055115
11620,0.660112118126452,0.20951543043408272,9.81516383617845
11640,0.8890446157836154,0.6065620187533003,9.784923066916502
11660,1.0893202205111776,0.7345950098544064,9.87645090341942
11680,0.7527257641786556,0.4666045994044468,9.562690550964549
11700,-0.06408733935283778,0.25964493765733726,9.461436283551818
11720,-0.4089693833346439,-0.31296095241648814,9.819446198641492
11740,-0.937727404032271,-0.7358196404667575,10.032433339039972
11760,-1.0439226682160074,-0.44140483081134696,9.529459875193684
11780,-0.5113910399766043,-0.310475864735541,10.039704735516233
11800,0.12759390975894241,-0.03224264912168786,10.191837736257748
11820,0.6643681809417832,0.5652466273812113,9.76444162852538
11840,0.9614587439801977,0.5351645873528922,9.823912857536119
11860,1.0660791068114541,0.43297204593136784,9.499293302630283
11880,0.5747762126971402,0.3855054914555365,9.50050424240534
11900,-0.020702532906534298,0.017549721090763557,9.845994446798398
11920,-0.47152383619168836,-0.4133686985637061,9.860998361984489
11940,-1.086989897473279,-0.671130261807355,9.743049876034673
11960,-0.7963204807905514,-0.5578777441333117,9.892506207212723
11980,-0.5542928673647063,-0.3446208988388942,9.852815620026375
12000,-0.1589696286122345,0.11055762456026916,9.720524545419211
12020,0.6485003451495861,0.3792356471985065,9.880468438386394
12040,0.7475969171358561,0.5293275928540555,9.941541706753545
12060,0.9942989789616818,0.7135420781383834,9.789492020344142
12080,0.6405354398988553,0.26128537661572016,9.787536072235675
12100,0.004579058210222115,0.20041792609172046,9.706549695499117
12120,-0.5639925217569387,-0.23210583955944664,9.593205988620161
12140,-0.7320612505033012,-0.5189020077730403,9.78299328043998
12160,-0.8506962664373653,-0.4874980149161261,9.821942482799706
12180,-0.6580778174274176,-0.2646542973600184,9.613785231217781
12200,-0.05586798408491779,0.21577457406297423,9.731591526280196
12220,0.30337688955381775,0.2735418754630447,9.761795600056782
12240,0.9457545503460636,0.49451022989833776,9.794174790259156
12260,1.0843021037620697,0.4896661336231513,10.112764455944788
12280,0.5642454109129555,0.20554383086146688,9.53954836480183
12300,0.11043291516562026,-0.006255349579617741,9.559983781499472
12320,-0.6348236025882088,-0.4074105838691232,9.685371098780982
12340,-0.9016549404982482,-0.5706949990157315,10.01683035342475
12360,-1.039790236828162,-0.6840303675175745,9.532317010106553
12380,-0.6310989355039934,-0.1352017324073869,9.55790222564484
12400,0.05471409612766295,-0.07715489259383693,9.738027965816643
12420,0.6267901884999866,0.22881295406610122,9.770323294121482
12440,1.2497260990768615,0.5011278599541085,9.911542734802108
12460,0.9478739900042596,0.5247281536702416,9.846834152754862
12480,0.6118849746375029,0.23135086741124755,9.707154795470823
12500,-0.10958279419242328,-0.14768411053026315,9.882757220460308
12520,-0.6641122918335411,-0.467987523920097,9.48128503997569
12540,-0.8425421200505039,-0.7565373029075597,9.782622777198192
12560,-1.0763047377840906,-0.5960087873307706,9.539599429776823
12580,-0.5370375909403603,-0.3525179605031873,10.024639496284097
12600,-0.015315990929639131,-0.08036154530923638,9.483289975285425
12620,0.6594759764312299,0.3939496525150878,9.8414406295036
12640,0.9898310987447202,0.5315071405440935,10.159303670634197
12660,0.8170389983834064,0.5547382377766279,9.801103410110597
12680,0.5194917072872401,0.4845968080633523,10.04435560166083
12700,0.07750954709489188,-0.04883994063611038,10.016469609142046
12720,-0.5211496621052187,-0.2811495883565966,9.382589862175612
12740,-0.7551388768695368,-0.5083639495855562,9.520933176429658
12760,-0.9106518072372474,-0.7969598278699557,9.823073461815039
12780,-0.7640450196353423,-0.44821656538404675,9.825551684325736
12800,-0.03764817859431868,0.09138484212246216,9.973670384188244
12820,0.6886110069731785,0.29504694130258374,9.67580159752759
12840,0.7178180586101024,0.613848382327178,9.593987739773082
12860,0.997226125409952,0.43361593685219646,9.842587304900535
12880,0.6491600504343977,0.33559252923016314,9.548263110364243
12900,-0.16608624631619423,-0.09959900978407718,10.124457859831718
12920,-0.5804053412245793,-0.45740690036416126,9.548787457791358
12940,-0.7545800938570824,-0.39142131481347237,9.788963436121884
12960,-0.929110063742132,-0.623954464560049,9.644144726264527
12980,-0.6944223141904802,-0.3241125595932559,9.56244028425366
13000,0.053081441586124795,-0.069856160134339,9.714133412850916
13020,0.37767375479165005,0.21019683580328025,9.875447577886032
13040,0.979830690690202,0.5370952356073295,9.83537228777343
13060,1.0227710635973892,0.5475975060564137,9.652228709702078
13080,0.3426046258321366,0.43558928935809427,9.840279373394031
13100,0.14431329252421646,0.003067479164181361,10.19302538647886
13120,-0.3776304887052615,-0.3624304302040446,9.89358369811716
13140,-1.1765862769631987,-0.36642530326165457,9.825999545076796
13160,-0.8473137517301531,-0.6586562990734053,9.791869743107979
13180,-0.6592487821247779,-0.21565824909081174,10.040653407794068
13200,0.29163075650878467,-0.07735026993501619,9.65109204201973
13220,0.5517658747732243,0.5284264090780821,9.632481867688778
13240,0.8612725388165069,0.6090963858950877,9.784479185009992
13260,1.1037846178812547,0.622556886180187,9.642991158190137
13280,0.8152494967725122,0.4575276303131497,9.96627909605747
13300,-0.15871215665634447,-0.029235364407098088,9.976696595889956
13320,-0.487151854583436,-0.2695314731429373,9.54272035242034
13340,-0.7895518231624377,-0.5715672024566151,9.97432770239524
13360,-1.0836212942481542,-0.5190415148763526,9.813362429399378
13380,-0.5665927945518792,-0.3691503999838226,9.649879762596276
13400,0.1503742316303089,0.04982548094321498,9.603049531636918
13420,0.6159824561342411,0.3436067921200101,9.868865538888905
13440,0.9572006232704162,0.5051249813452929,9.603550648363592
13460,0.8846169291255436,0.4167366615166056,9.781737433247804
13480,0.6144100721457877,0.2529851367685555,9.784520932932852
13500,-0.1471601956602882,0.08508069184852872,9.788426901153514
13520,-0.6716838225812122,-0.2271483812593395,9.673243455476154
13540,-0.8851845966604006,-0.624751755328254,9.43901487405059
13560,-1.1569685157143594,-0.620512988763676,9.976996236086487
13580,-0.626397055237509,-0.23633642098552182,9.899526257755332
13600,-0.07559166249880955,-0.03504664165986184,9.690899935661264
13620,0.36489946873056156,0.36115094595686614,9.735762632813314
13640,0.8643398675187538,0.5456941275938156,9.80412076196291
13660,0.8649014131346546,0.5475021641612134,9.684445375320697
13680,0.4528231162680211,0.12604524454873095,9.914229289467883
13700,-0.09114873703055625,0.11671269148159687,9.707648086711473
13720,-0.39781685640512565,-0.322812069448784,9.782411274423195
13740,-0.9310936891516963,-0.7222583598198369,9.751513911860412
13760,-1.0760598150656846,-0.4586713873419713,9.610256555668487
13780,-0.6251971581590932,-0.3584558795639955,9.807423704879492
13800,-0.016912771733640426,-0.004369753004628296,10.016034898309428
13820,0.7362270539346609,0.2466986317342359,9.761750325216145
13840,0.8302215714714678,0.6251910717451261,9.863382819153804
13860,1.187820212455247,0.3670849483900793,10.05901270059935
13880,0.7074895629841348,0.2066079410070264,9.814775888038668
13900,0.015910832260354182,-0.06520844447830662,9.717575887993979
13920,-0.6731409419689429,-0.46167346363628126,9.700107768856736
13940,-1.0730445717036872,-0.6240142891151241,9.518707016320622
13960,-1.0653751144744343,-0.41630165223732174,9.69367252660308
13980,-0.5191414940697082,-0.510131253589511,9.878467462265327
14000,-0.27923194390495354,0.12726791068488838,9.684869493779722
14020,0.5131504038597836,0.2649824699286564,9.507749813284018
14040,0.7549757181807859,0.313986124397408,9.809858269561845
14060,0.9803678403874946,0.5469568540514371,9.987660021514419
14080,0.5921819003020946,0.09618626208588005,9.595256102863251
14100,-0.05289273944493553,0.15317881889387736,9.883386938699305
14120,-0.6985191357154553,-0.42618783213229866,9.613882193943903
14140,-0.9879358954317177,-0.7292211389463115,9.856777830145791
14160,-0.9904315797343258,-0.4278233144519853,9.910155755062824
14180,-0.5226078772501366,-0.09339626034775833,9.752248621456204
14200,0.012717951626151454,-0.07537473283929115,9.854268420127145
14220,0.6245709933525179,0.35086677278989187,9.74076788014071
14240,0.9214453228047244,0.3467657812844251,9.580663532242216
14260,0.9119842536458954,0.5194842775762487,9.842724860138723
14280,0.6210242769101756,0.13013847498959208,9.89274628869306
14300,0.11636881206308464,0.23042123946664203,9.441032983372738
14320,-0.5235858277337692,-0.2728928896174803,9.748407611349842
14340,-0.8009029346027564,-0.4885438124527063,9.82678555878975
14360,-1.0205013877350197,-0.5988628533046056,9.786691924626021
14380,-0.7017609636575358,-0.12743915061236696,9.89918174618489
14400,-0.19666899952349304,0.048441778083317205,9.656896460719233
14420,0.6365469311148909,0.2768439781206361,9.89203860166696
14440,0.7985759450783549,0.4553208568148138,9.978066034039715
14460,0.8665109816235607,0.27551849261270356,9.709629781807273
14480,0.7215570770166971,0.4451897731555042,9.905239401025677
14500,-0.05428975265915638,0.04918369863836108,9.828253929259668
14520,-0.5524411862874433,-0.267018904129492,9.79512776638004
14540,-0.8775866712383398,-0.42021949001976183,9.53017313470878
14560,-1.2579587221843476,-0.41364669594411674,10.074882225970757
14580,-0.6864891364315793,-0.24813402381616867,10.08631446262464
14600,-0.15484529422080964,-0.039312316023896905,9.764929083619428
14620,0.5005849876938762,0.23380927994499204,9.858218842630514
14640,1.2699640332502584,0.6714964555687819,9.521298803563292
14660,1.05831206637745,0.5016975350019179,9.966300163912514
14680,0.6519575251477988,0.187783473136604,9.536633429189523
14700,0.2361159940204645,0.0631534762641577,9.980116656786757
14720,-0.5306771589430671,-0.26365024550241273,9.632217870996119
14740,-0.8235992244168523,-0.7401776198575418,9.770449237803662
14760,-1.0689912145516272,-0.4104531976774008,9.586441475489297
14780,-0.7146394124084035,-0.44457875599254354,9.886010183869752
14800,0.09799452508395001,0.012009413328329546,9.869183809265841
14820,0.44387977466385026,0.46351395477090973,9.793573241260932
14840,1.0460230170122353,0.7326674288627806,9.866159191725627
14860,1.0626198796782795,0.7577576841584548,9.97010893010031
14880,0.5250670245798142,0.22986182398930252,9.955020542059787
14900,-0.018351172281226343,0.21731624591466858,9.464907459408042
14920,-0.49904233917606067,-0.28745398547957746,9.92999593038653
14940,-1.0509108442055017,-0.41670814923854793,9.75852493400076
14960,-1.0563279168386235,-0.45398999596169004,10.074606555023928
14980,-0.590074116831537,-0.596353609151578,9.809398580079458
15000,0.00673118463497146,0.2061714218997329,10.002351134300596
15020,0.4740640903231515,0.2020526038271228,9.660499499424763
15040,0.9750112721932355,0.5757888255948374,9.632421523148935
15060,1.1343412167387352,0.8049133138584804,9.761988445995362
15080,0.36657105466007056,0.5905719029574801,9.981557423005064
15100,0.10100926540763343,0.05899468752775144,9.742310179380418
15120,-0.5086615118246411,-0.4357665364482124,9.809700138554508
15140,-1.0284946600168487,-0.5007476010093247,9.770159208783312
15160,-1.1322968470815735,-0.663400547708523,9.543366441785356
15180,-0.6451678252725324,-0.24001085476637943,9.697184394602008
15200,0.09862622715740267,-0.026562977276327723,9.628449158511058
15220,0.5893352563957603,0.4161814728038826,9.859746203386742
15240,0.8040873964128122,0.36553741997431355,9.617739129639226
15260,0.9248391432627121,0.48925666266775836,9.73901532505783
15280,0.6206810067258571,0.20079058686926526,9.87345609341766
15300,-0.055258645993190365,-0.0019437542829947266,10.192647618997002
15320,-0.5347804509719593,-0.2579959001691391,9.686724208110247
15340,-0.8784224983651235,-0.5996477763283304,9.943001985589282
15360,-1.1703377416465748,-0.619287687107928,9.745687212994504
15380,-0.46413127888973466,-0.4839426976849009,9.831399469607897
15400,-0.06205501023851407,-0.12656264526530372,9.44538851038745
15420,0.8919703255059076,0.1557138865115955,10.021374703151182
15440,0.9716367002723365,0.21028667940186996,9.93946826740094
15460,0.9195289666663241,0.6129612662811099,9.871373888212979
15480,0.6136862669331838,0.3616594298208309,9.842028404611021
15500,-0.09949056415200387,0.1161597665173651,9.818824835809776
15520,-0.5179569624631273,-0.3284553903069476,10.256771085866111
15540,-1.0607697439301826,-0.7225010500046077,9.98990544829471
15560,-1.1475109142816542,-0.6274725526392848,9.806087300867784
15580,-0.5699664522728024,-0.26893840809865727,9.789764748001346
15600,0.09870417525430776,0.08126350309198317,9.957082848888923
15620,0.6425801157882193,0.3761393262614613,10.012667137722902
15640,1.0345044262152938,0.6124738617454655,9.679220604615523
15660,0.8901327739082692,0.7403612561498994,9.81674885630273
15680,0.5207992874377403,0.3111364385796511,10.007195027937883
15700,0.14143103902547294,-0.09724459488175427,9.761496177544688
15720,-0.7320076528859558,-0.38604378939849204,9.857241279200997
15740,-1.1860067414607247,-0.5826788389724757,10.006858023935282
15760,-1.0296013261373165,-0.5982214633153847,9.656393460133755
15780,-0.7377122657581812,-0.2938214795575492,10.102025857028448
15800,0.13204017803460333,-0.005562235997395042,9.933009206718086
15820,0.3581267304267527,0.3797956576060889,9.862516392012308
15840,1.0305518139266958,0.5737074452268593,9.807002364200176
15860,0.9184710532477321,0.42486043651135885,9.676193505152229
15880,0.42635855901135955,0.45365324972697624,9.681384985351709
15900,-0.10622020733930954,-0.04319857481398179,9.934083361268657
15920,-0.6776227981803182,-0.33686070543074564,9.81853133494718
15940,-1.0071112681223249,-0.7522212420638396,9.758030369150218
15960,-1.1375990465843009,-0.46145056053293027,9.840633507112877
15980,-0.5854187922592412,-0.6013957244555633,9.855240072001871
16000,0.040100733414856364,0.09136784398953224,9.829860032762383
16020,0.7037743420210927,0.36040443497581487,9.526485699503347
16040,0.9180957357636533,0.4862255153506413,9.66499424318404
16059,0.7921534289309488,0.5616414316609587,10.027400665686944
16079,0.35475586981144086,0.4215789958683845,9.849041129756904
16100,-0.16313338018515805,0.08345681005379892,9.71306350950125
16120,-0.4995704042722209,-0.2754308433020738,9.72695288575794
16140,-0.6193222209836657,-0.627955582422926,9.560498756407215
16160,-0.8963528341200615,-0.5261445802923616,9.865634202592462
16180,-0.6791353009749722,-0.2776794004429005,9.931667498498078
16200,0.03951197158854169,0.03620470610661317,9.881262549227129
16219,0.7861882817370992,0.34842040575999533,9.99988388402431
16239,1.012008741538268,0.7260842458657019,9.91125063654837
16260,0.9045792070096825,0.6521658203760198,10.043509927928163
16280,0.4304914903762303,0.46874616712265366,9.93487979443523
16300,0.00816769815655541,-0.15517836567745388,10.114317277239595
16320,-0.4647661095597163,-0.35797755540481807,9.591330481476884
16340,-0.8220785299009018,-0.6597056830781733,9.73612243238592
16360,-0.9895507820764686,-0.5851152582166375,9.640117538835632
16379,-0.6724871625168906,-0.24833057968230732,9.835402076683712
16400,-0.0002367029757199613,-0.13512859900459323,9.677258453248337
16420,0.5719954549451934,0.28929548610787476,9.764594296926234
16440,0.9951761724718436,0.669561793260151,9.49299823373356
16460,0.8349117465284733,0.6035382204760338,9.810376764816438
16480,0.6430119639702633,0.4029117639027256,9.866140907435145
16500,0.021075132920181473,-0.12516450147375988,9.606648898163103
16520,-0.3964096864120751,-0.469188725424048,9.9363296760368
16540,-0.9734340236141781,-0.7859329968212884,9.682722237437606
16560,-1.1245080711735966,-0.6945570902951586,9.291700912430652
16580,-0.606822282532226,-0.3835774942596084,9.626344276987153
16600,0.01714395994110649,-0.16173885018077652,9.837148784856137
16620,0.7035846421140777,0.3947264219623646,9.66762751682661
16640,1.198099245289134,0.664766183477696,9.582065811348787
16660,1.0460821168465526,0.5553425120021318,9.750497763828239
16680,0.5234150072604722,0.5292942277077507,10.084369072569999
16700,0.08445870289338397,-0.16167050625217547,9.822279479909598
16720,-0.495706176471334,-0.32816716371813726,9.817025826084253
16740,-0.8447292273642384,-0.4778507249908185,9.761521069483585
16760,-0.8579066221578596,-0.7332601372307908,10.049775290919197
16780,-0.6975305554004037,-0.33835569993296555,9.85438706426677
16800,0.06557743996249069,0.041669433895335985,9.520993896581409
16820,0.5652276222706725,0.4280852046667475,9.811431467053255
16840,1.1101414830208487,0.5825706712549295,9.662015544744703
16860,1.0652958634391951,0.6003316272699295,9.958182115676228
16880,0.666839414574734,0.527002766999424,9.672406018172758
16900,0.040513145811633094,-0.05672553922056522,9.894949513117997
16920,-0.5535571879850001,-0.44756820430254945,9.654703733694307
16940,-1.1099707435841135,-0.6471039386821829,9.900879840966502
16960,-0.9819094646304412,-0.42622998330477146,9.852009539218232
16980,-0.7052447406359288,-0.34484500636497534,9.613291191507708
17000,0.07350311416511546,-0.07932478044910346,9.713364134406657
17020,0.6816931489633904,0.5202724682912109,9.950799941271196
17040,0.8912341605951807,0.5029450651210092,9.502607280551034
17060,1.051975093436834,0.41956526560431096,9.827308557744212
17080,0.6446656561478474,0.4900596664479254,10.023681974904312
17100,0.08843453091995024,-0.09187939015714305,9.765559615671288
17120,-0.6402756609381485,-0.2969889170946545,9.571127264585172
17140,-1.04151956569988,-0.5709446269930053,10.011821100170035
17160,-0.9379947543503397,-0.36339316255276327,9.799834837665939
17180,-0.5316513216407992,-0.45891219133977157,9.81855178372325
17200,0.026134947581744512,-0.11341220707221682,9.803630757684813
17220,0.6249266245583088,0.31186333137656724,9.770690602020073
17240,0.9179129983114813,0.4008427862800344,9.69723870091343
17260,0.862535707936589,0.7056571717779396,9.750182626098136
17280,0.7625072914772707,0.5642929605550104,9.817531874493733
17300,-0.06513281203658391,-0.012086935806209138,9.908680573939927
17320,-0.40403090077055814,-0.29999761749502013,9.834525028360897
17340,-1.019738467501705,-0.48183040868843235,9.668836529991161
17360,-1.0560365978058956,-0.6104988243425534,9.520823588930803
17380,-0.53718799079071,-0.12472282229208512,9.829632981416598
17400,-0.20140546119511216,0.07664559848344013,9.684637205572573
17420,0.593282957650959,0.29546983141307953,10.182587712048775
17440,0.8530562158255719,0.41405418781190684,9.78921789750947
17460,1.0143944146419863,0.44242712622858105,9.543966891970697
17480,0.4455286594922086,0.43033157074638023,9.692210628873267
17500,0.0247807311761846,-0.048620400152632144,9.637698214582114
17520,-0.7049889312243891,-0.49768531726092524,9.59015697750288
17540,-0.9064915347824841,-0.5794887279624682,9.744194270389686
17560,-0.7900971867189102,-0.6289626144813067,9.514727717754477
17580,-0.5642379646544843,-0.4167613074213209,9.757940597825606
17600,-0.10231360246520926,0.14824666023740976,9.712354644248975
17620,0.8298403862753696,0.40940682257391203,10.200029436158736
17640,0.7270288888732215,0.5040168339641874,9.80485162339156
17660,0.9442689368670847,0.4793273970924749,9.944007826880194
17680,0.6796431880321443,0.34777776091820367,9.906473548603158
17700,-0.1322213038017842,-0.07890783843057846,9.66410384734858
17720,-0.46798228984553764,-0.3768388778127636,9.565584620802351
17740,-0.9367311270841728,-0.6844664990798797,10.023628863341393
17760,-1.0042428647742447,-0.6221065733233505,10.165116781896698
17780,-0.6114395997086025,-0.3646029620127408,10.163997045985504
17800,0.11399874288622176,-0.008511701207593618,9.792734274675613
17820,0.7960760264974163,0.30254816932891654,9.95037205117878
17840,0.970810780901386,0.6091323143077304,9.705711933729434
17860,0.8641292706347982,0.5934813968955487,9.606515688219305
17880,0.6801719931484832,0.48720926253175567,9.482314574748488
17900,-0.19318653057694535,0.0351632832924088,9.970878163798881
17920,-0.471518952948562,-0.18823211118616484,9.755924106730408
17940,-0.8703751133394981,-0.6902703898051918,9.950131112606787
17960,-0.9950348258504218,-0.6447936345051396,9.593974659129472
17980,-0.5686915462369354,-0.004007413900496859,9.999529198962819
18000,-0.03848163251392173,0.0767116456486827,9.71233081827356
18020,0.7460721862112027,0.19916027492819527,9.646917712789918
18040,0.9000745918105643,0.49871053208533467,9.782235072540814
18060,1.1121809706834702,0.5732187350701791,9.716432258114255
18080,0.6622848899958794,0.3439701516519389,9.595502166749432
18100,-0.06752569305910001,-0.07470917587781259,9.755630575018829
18120,-0.6507153808641607,-0.3161347361783298,9.77726976437318
18140,-0.9254298677942936,-0.7072020460888581,9.860606327858125
18160,-0.7416904417024449,-0.39546264643930795,9.545434110696315
18180,-0.5652766154450058,-0.32115424818033567,9.76298637232562
18200,-0.04866010272730676,-0.11664782458111135,9.847479535262464
18220,0.5071832965526034,0.42120044649446425,9.67356444440243
18240,0.8156600866948811,0.6069510241336072,9.97496685260557
18260,1.0977934808118965,0.5760394765811692,10.111216197656727
18280,0.5293910537392478,0.4997807646045359,9.437975969481114
18300,-0.008837478636533141,0.021658294686020912,9.633507821951984
18320,-0.6020462877154933,-0.3258193231780634,10.309811768927688
18340,-1.2032024850183787,-0.6531340954517106,9.81480734021572
18360,-1.0313425723162368,-0.5267516666311629,9.770216881091907
18380,-0.6676520918309652,-0.2645507568260146,9.54905710856381
18400,-0.03577238223555845,0.18167277884028096,9.869076146499088
18420,0.6879518794993493,0.4629068272204913,9.676905243247214
18440,0.9031904182025945,0.6096885664057368,9.884086965472056
18460,0.9634517386673671,0.4572498999809702,10.056066225840219
18480,0.5760012406084469,0.2847805218757431,9.873333742058527
18500,-0.17925322307004865,-0.12072728682785659,9.829587552475044
18520,-0.6473798290255626,-0.24118630682332667,9.753016943737794
18540,-1.0234977053640995,-0.4915022311349595,9.60336694511411
18560,-0.8448589178747449,-0.7016156355276022,9.911928987574866
18580,-0.5641679270034723,-0.2805766783519361,9.640651300534682
18600,-0.03735339467550747,0.08108617711480219,9.940761188269477
18620,0.5471969359939262,0.48418293219685116,9.870171992446187
18640,0.9876623956621308,0.4573873788044154,9.696910870598341
18660,1.0088233570680314,0.4889192285048058,9.874337799335207
18680,0.5917317357310105,0.31359181276206033,9.698419978931481
18700,-0.27143179729477684,-0.14306594369211506,9.965038390878606
18720,-0.5168401905990766,-0.4548791306995298,9.380703241833574
18740,-0.9019810044711559,-0.32274442034768347,9.775795019687873
18760,-0.8878327727392701,-0.4965159303139767,9.727782816612397
18780,-0.6472497759578558,-0.57428675391443,9.937927974782554
18800,-0.07779043188134721,-0.11519610778010643,9.447736412790483
18820,0.43426826908782595,0.3645880088016179,9.72477093985114
18840,0.7661809531987943,0.6740896476764315,9.608689051207197
18860,0.9297943325131,0.691733731421675,9.726878646125877
18880,0.5525309559178908,0.4113052957752953,10.029142310561097
18900,0.11457379395214558,0.09532877586155303,9.86386546255059
18920,-0.6743563536318261,-0.35575112139498694,9.489599240527863
18940,-0.8514923952970603,-0.7478020324974122,9.53260819365727
18960,-0.9092796325407323,-0.6404556435606219,9.408620993741401
18980,-0.35849223038886224,-0.24032314849914188,9.8894519273822
19000,0.1367335428350661,-0.07608755243529716,9.868808216013003
19020,0.46144875958451625,0.4477072754136888,10.270365955762902
19040,0.9196752439439869,0.5116224142297661,9.848759302167426
19060,0.9994739729521077,0.5993842114525615,10.265448659406953
19080,0.5118306017474974,0.2504798289115687,10.320684563989492
19100,0.16609410578369593,-0.10857513162470316,9.66324639949101
19120,-0.45644021207240204,-0.11741261467641803,9.864051047392067
19140,-0.8788298470652044,-0.5127936775472012,10.28314955505883
19160,-0.994519938248113,-0.4045057893146009,9.606372875410152
19180,-0.6393698005818557,-0.2909499356408638,9.455603548545483
19200,0.09499578001922504,0.04493172229689733,9.80817850554911
19220,0.6557806883488982,0.4392201087528097,9.75773463229405
19240,1.1932778540724376,0.5525916646106634,9.7991226283073
19260,0.9059983137000959,0.6126282440334127,9.864334411802668
19280,0.7043139205170003,0.39443421436069287,9.861625765397806
19300,0.004116318561263079,0.0831130792348482,9.835677013736612
19320,-0.5538204078529942,-0.3162707632508871,9.80243340126636
19340,-0.9547917431069639,-0.6259295382371852,10.081062622825995
19360,-1.0577603444334205,-0.4907591267679904,10.239045172561289
19380,-0.6078052960729934,-0.58670129916763,9.675707946538987
19400,0.10676887063825308,0.06709886648849109,9.530752380677452
19420,0.7106757038198238,0.3926674454026808,10.24506121368206
19440,0.7841825226985302,0.5701691617794177,9.759733080876051
19460,0.8792515199272949,0.6012310743940806,9.558477646940274
19480,0.689660552401367,0.32009259926015576,9.63082948237309
19500,-0.07189780064983414,0.04323364841279476,10.13974201092119
19520,-0.6591242485971096,-0.31046390162974713,9.821352335982752
19540,-0.7479308846696024,-0.5749904500893893,9.53599097143531
19560,-0.8906153513999985,-0.5992358516593519,9.909749554446996
19580,-0.4594759995148397,-0.4685007083398287,9.64302450993883
19600,-0.25751346275063103,-0.0020596377895438136,9.81710216612078
19620,0.35209822475542385,0.392700482392239,9.856059525804767
19640,0.8965276690974698,0.5097091450035097,9.856853976709223
19660,1.0062159357790625,0.5992664912771841,9.560984903775392
19680,0.6490733803749561,0.3138385758443534,9.849906730762449
19700,0.014922886041898358,0.07329112203373556,10.029163604789174
19720,-0.605123520656941,-0.5600055744153437,9.82518476495929
19740,-0.891478477225912,-0.44735683710483426,9.920742976792422
19760,-0.7928553746976693,-0.7372516652041584,10.031300342473537
19780,-0.4447445703673489,-0.3486486388690223,9.968524663581267
19800,-0.053760392430980644,-0.07783594025773592,9.67245286147528
19820,0.6257239064489194,0.16185305955770332,9.736888243738784
19840,1.1669983631499292,0.678417382193067,9.694793273801164
19860,1.049258928102527,0.6207744190040723,9.6514294178639
19880,0.5880341485768773,0.5002251925198361,9.826525340971727
19900,-0.016838683259728048,-0.0884820992185295,9.760714223168991
19920,-0.6494418467320805,-0.33131929630853585,9.802004473425416
19940,-0.9033668402745983,-0.6021852678753024,9.929734209884577
19960,-0.9159726459879649,-0.4700804396704127,9.914589512580191
19980,-0.3507261200994076,-0.5353874939080652,9.778041858480359
20000,0.11488017146627716,-0.1359773209666594,9.62578218951544
20020,0.7004299161625648,0.49615226067265294,9.892515286267741
20040,1.0870055806946106,0.6233714982974251,9.867095322595283
20060,0.898473807801024,0.6418959286676004,9.689931815407144
20080,0.8238792535896207,0.3000124713646713,9.993702480519918
20100,0.06452623972934801,-0.04300259613081435,9.74486295857316
20120,-0.5066969972964056,-0.3192125398311872,9.62750701220134
20140,-0.9839459161803321,-0.6440827353112344,9.684164716061748
20160,-1.0214763791823456,-0.4695112595587515,9.963021502422798
20180,-0.6526786603798724,-0.2876382639905041,9.685863901681175
20200,-0.1877108121265851,-0.06742535817306243,9.803423573220392
20220,0.5359818082645008,0.3404405156970137,9.542957096334206
20240,0.7713808257451595,0.4539340381252777,9.70196390675325
20260,1.1318052993710068,0.7804047969746564,9.81923582040046
20280,0.62560353428529,0.46151610709709734,10.122258628659909
20300,-0.052184069837330434,-0.19486057120609054,9.9940903042032
20320,-0.6947999313119496,-0.45759658144485776,9.706314451075515
20340,-1.0112560017871792,-0.5693053823804693,10.10959262488774
20360,-0.7889845349902003,-0.5498342886676459,9.911259442377556
20380,-0.6218827645831313,-0.4516243876756467,9.840692058456922
20400,0.05701433697407476,0.11478631918536952,10.011892355360049
20420,0.4255951354837656,0.3504573889118883,9.97609500809465
20440,0.9845217759156452,0.43953871386604926,9.93542488764657
20460,1.0434924636844007,0.5067241795287781,9.324057006525788
20480,0.5351773187080038,0.26999467189165083,9.85648335336747
20500,-0.16925288428298224,-0.07293536468594906,9.91776844763041
20520,-0.7414783127493109,-0.27959625576141356,10.010686877271693
20540,-1.1239284576483513,-0.5570830350797346,10.33744658120801
20560,-1.0490255575853982,-0.5712489019764156,9.905626232380525
20580,-0.4041646725505148,-0.42103775763727563,9.64918017148163
20600,-0.03210184309257273,-0.08450369097613152,9.80507153915841
20620,0.48721362114441313,0.3886307129290863,9.88628244946467
20640,1.0383597913710887,0.5616358447660323,9.77831713686283
20660,0.9080054663387888,0.6576571257546504,10.142339683843032
20680,0.5876499076628311,0.5207135999044414,9.5208820312318
20700,-0.03826658438330225,-0.17472733118276504,9.737208287065604
20720,-0.7220957672611535,-0.35605192978035255,9.611512576217645
20740,-1.0843366834783317,-0.5637911680629217,9.640919280260688
20760,-1.1096329700310972,-0.44914399889306017,9.6913998050065
20780,-0.5997452282309582,-0.5638365712884493,9.858565878716425
20800,0.04017585626268271,-0.0230957515669199,9.819949810858164
20820,0.7580863326770431,0.3453800801883525,10.199211482219246
20840,0.8494488202173136,0.5959966315914128,9.805766158412561
20860,0.8124297336236239,0.4327809584100396,9.74702129620852
20880,0.7762001877090857,0.25761141717779557,9.635183738212717
20900,-0.09844207083770147,0.18449095313191913,9.845701193802489
20920,-0.7419323198504124,-0.35303423705693315,9.78021257549464
20940,-1.0379958081763947,-0.35871137985738766,9.950576167841913
20960,-1.1212339873543264,-0.6336499172730281,9.990333911535458
20980,-0.48333140389463036,-0.255114602469613,9.702244360021139
21000,0.11615447079992854,-0.1008673391136485,9.519471829525758
21020,0.6587084949555821,0.28112214230779975,10.057086662426649
21040,0.9203740762623384,0.5379034276338803,9.73630853525696
21060,1.0747252741499853,0.482640648587367,9.547876542634217
21080,0.6049238937204504,0.3584364500596178,9.72081315769588
21100,-0.049342381328760634,0.032998729662115873,9.654405145847488
21120,-0.5532436901350156,-0.21047407540775936,9.75645631827284
21140,-0.9203390968826183,-0.5155222563297894,9.62177232094285
21160,-0.8029651521109142,-0.719618486501039,9.920002453019368
21180,-0.7626062681643533,-0.3144676795327952,9.89319225493186
21200,-0.06388903421847004,0.057173407759042214,9.96957782162991
21220,0.4966381504103251,0.3196219950884885,10.092562483424583
21240,0.9800790381074196,0.6954226666348038,9.492468649574386
21260,1.1341519595176204,0.4133488137644872,9.735634055701635
21280,0.5656638069620976,0.2283852221815278,9.626878221177902
21300,-0.021114647195216427,-0.08843076776083718,9.84584123088492
21320,-0.7489778555190976,-0.3582209890857468,9.728896902128037
21340,-1.0814987080020602,-0.5349917785056935,9.842362030575071
21360,-0.8514231766922753,-0.3695595459752495,9.920326917155618
21380,-0.7556400062934463,-0.5072185234106058,9.806620469288612
21400,0.0440366494523288,-0.16561721343006103,9.780383227830942
21420,0.881399870946371,0.3584067073738482,9.641224124105054
21440,1.0306047941766945,0.5984210750781518,9.934450036498053
21460,0.9898560710392652,0.8091199915508546,10.305367278880338
21480,0.5687130566381714,0.2905471935759877,9.520187942859511
21500,0.11174241133681849,-0.25139381405594824,9.661510767666833
21520,-0.7561430119094,-0.30120388604109194,9.517877121468285
21540,-0.7319881306315411,-0.7806909866781773,9.71719478400034
21560,-0.687675077310623,-0.5076764314795164,9.573001648384507
21580,-0.5046307743546915,-0.3554387718661335,9.839816133532658
21600,-0.15691966863112514,-0.08106909443005576,10.209426832237833
21620,0.46662635343174974,0.3088984076121457,9.849601751081519
21640,0.8011124996723322,0.505314621747778,9.996328804698141
21660,0.976829750545114,0.6067250149064338,9.728421767691357
21680,0.6586284838389211,0.3466165872177134,9.77588351566774
21700,-0.0021566908137992838,-0.079743529654149,9.813829420604783
21720,-0.43084589337952905,-0.28587139390457095,10.103359821318275
21740,-1.027326503512683,-0.3461240194346103,9.7243257665859
21760,-0.8080418595281487,-0.6929782994390955,9.641998952046771
21780,-0.8612559324246427,-0.4476766369391485,9.647532543386975
21800,0.19591746282712547,-0.05692967065252384,9.872210584436202
21820,0.5406836015165222,0.3569223070577374,9.981361231013146
21840,1.1816116226771174,0.5142543772814734,9.894080426362896
21860,0.905236185955778,0.5141485483414967,9.893497732353724
21880,0.6019882903115157,0.38588124057641915,9.922312048725217
21900,-0.15281979635364032,-0.0896945001026958,9.653103006091467
21920,-0.6757451831848187,-0.2528771640700468,9.517235511523152
21940,-1.0278029610762691,-0.5266547615804602,9.961211595201071
21960,-0.8775615302158594,-0.6398779881851154,10.089354265672657
21980,-0.6540177903139605,-0.39686514557560026,9.728027307943181
22000,-0.009763778900498463,-0.05158917747443245,9.920333053193312
22020,0.5937647801337734,0.4898767343199145,9.683368888209655
22040,1.0882947766435556,0.554006461395826,9.607230435498835
22060,0.95425347326988,0.508950304248904,9.585487739784103
22080,0.7210849707283994,0.42182396765221886,10.027814167601452
22100,-0.2599683146487657,-0.14154797493329133,9.652609840744171
22120,-0.5921710672074513,-0.24688334965665718,9.994431542245286
22140,-0.8709081008074304,-0.5272729141858001,9.905113592515312
22160,-0.8128320689854004,-0.3751582769853872,9.736588074488349
22180,-0.6709735266707394,-0.2841753180623034,10.121846562674097
22200,0.11514796919864548,0.016466761785522675,9.889500762593086
22220,0.4994178152158567,0.30404413392566454,9.830426497639715
22240,0.9989743267103421,0.7477990653148999,9.719376330251473
22260,0.8375981036305954,0.4227972418422571,9.58688493303564
22280,0.5543843614439096,0.5954040954931077,9.597231173704923
22300,-0.10244001489706743,0.03548680998113471,10.232587453133146
22320,-0.5702523347069266,-0.3050950266487815,9.680006699813019
22340,-1.0249003089854716,-0.6179168478213214,9.791041641438639
22360,-1.0436109626303973,-0.5232653885057048,10.105893711690317
22380,-0.3525309540104442,-0.46487457518064046,9.883502194199702
22400,0.2015645071576184,0.01161965702755631,10.00873397169099
22420,0.6559173721336827,0.5410856340346762,9.864214281469778
22440,0.8268366228165243,0.5465979243571484,9.40938057012531
22460,1.0765950185389932,0.5795102638232118,9.519048999339791
22480,0.4459785576474403,0.4057487824614462,9.907987866865287
22500,-0.09368838840813448,0.05971250244847027,9.443759101813301
22520,-0.6411361560559563,-0.37326101847450277,9.758024464936446
22540,-1.0424256214744387,-0.7466819225118717,9.743521313817586
22560,-0.9957536704502242,-0.5864118188746434,9.739572227631431
22580,-0.4922153980141747,-0.1799582927377948,9.899396743933348
22600,-0.07203096055683093,-0.01598417462405659,9.896713270177468
22620,0.5526910271982501,0.23322391106408696,9.937070281977403
22640,0.9654094702907271,0.48226705357759336,9.775105066648903
22660,1.0029435315427773,0.5795561572866569,9.814471828596721
22680,0.4699083114195385,0.4720869677974031,9.271371994283825
22700,0.05369423539414827,-0.0726534528735605,9.737975433309696
22720,-0.7776575670335997,-0.30997035615350244,9.799150915109594
22740,-1.0704273551511387,-0.6486209103501267,10.01620168193603
22760,-1.2449117863265275,-0.4299234753792349,9.53249832588687
22780,-0.6746691969793008,-0.39405185697652123,9.75516054235794
22800,-0.09476004976841546,-0.10870672412415115,9.871636161961362
22820,0.6794774830691177,0.5739478256478578,9.724625158823349
22840,0.8880887789796769,0.5433888376611737,9.705708621234205
22860,0.8873027985263645,0.708060325249976,9.472833950680984
22880,0.7822074682837599,0.1239655119192006,10.005941228305101
22900,-0.0899220074641318,0.10919100312584615,9.645591736731594
22920,-0.46393179086608627,-0.08081438308732308,10.039850609764914
22940,-1.0846120196576596,-0.6789195475268908,9.779195300869619
22960,-0.9457763861506404,-0.3515840909105449,9.88022842773956
22980,-0.4942637223088641,-0.677614946910063,9.959599784653284
23000,-0.12537128041628207,-0.03282043648193456,9.805047936438621
23020,0.628355654030816,0.37312351225880735,9.756113190381067
23040,0.9736771901867141,0.7057293216942307,9.761925961952535
23060,0.822456010814284,0.3460870150216441,9.877778453014384
23080,0.4723132612221952,0.3162090965862411,9.893735802718263
23100,0.09417949255575245,0.1469271082840259,9.828851395107229
23120,-0.4932051320431612,-0.41790029192141687,9.542535566970672
23140,-1.0842030402745513,-0.7168320969824565,10.126021689028375
23160,-0.9697558229147554,-0.5115088207605724,9.831331585928064
23180,-0.7107958683704791,-0.05784909761752771,9.89545353748504
23200,-0.2828430343188697,0.08805061968007655,9.788803822531515
23220,0.529962271063982,0.3881331315630066,9.868207048967868
23240,1.028391814282863,0.4117924646129256,9.661236141559803
23260,1.0072103051655228,0.5583137941756964,9.966073541049663
23280,0.485354039153642,0.24217014642610135,9.704542209912647
23300,0.0501275622743065,0.015683378275282735,9.917836206331039
23320,-0.2856569646316921,-0.43572176851682676,9.722930557232697
23340,-0.924881016328198,-0.502496703887644,9.988423139447649
23360,-1.0318122154180065,-0.8483281214514025,9.976490151564908
23380,-0.6465049078262467,-0.1334110363640655,9.723773863395072
23400,-0.13968501473231315,-0.07599588935827364,9.710582124753694
23420,0.592767288303505,0.2430258002623345,9.56669142663399
23440,0.8479991426714346,0.49965402421215,9.922359578437394
23460,0.9602665679021747,0.8003926987009558,9.98270115767538
23480,0.5054841048884682,0.41678385673096996,9.82279950627151
23500,0.13117400029255954,0.03172133303900759,9.911577764752263
23520,-0.621926038700647,-0.43713475298889676,9.210759948535093
23540,-1.0433660805049767,-0.6695978513978688,9.838427693832314
23560,-0.9144883795544654,-0.4937652565008472,9.352842659991413
23580,-0.5599894976359066,-0.09961596282899776,9.422676968767755
23600,0.06611976619685432,-0.07684757310932272,9.779521909496179
23620,0.4073190723864362,0.23511681594475559,9.909807651403696
23640,0.7335886074530523,0.7278118848079329,9.796094524154892
23660,0.8394378124053508,0.43171707740723764,10.15108472849913
23680,0.7185635132075862,0.37315668214595665,9.808598997589883
23700,0.021122191920293614,0.15021801682896957,9.653494554106995
23720,-0.5998502507664267,-0.3928703177571495,9.572539210604136
23740,-1.025732629020267,-0.6732376674678127,9.831909262224812
23760,-0.7860297222653602,-0.8060839202142952,9.959874663087502
23780,-0.47332173676543454,-0.6127530476182492,10.20875062628999
23800,0.1686110719386287,0.05588022149159643,9.569841360418783
23820,0.5445061285318222,0.1953608709447333,9.414593631160743
23840,1.0783374140182833,0.619767251000272,9.836294273145214
23860,1.033551321006209,0.4891696391140694,9.457948055574695
23880,0.5443824146533353,0.3444787677598693,9.805819554985334
23900,0.0026336748413429275,-0.06186370395443593,10.21846321525672
23920,-0.6252053083521678,-0.20545484896905045,10.043541114889393
23940,-0.8375729489121109,-0.4663123656240399,10.049821511396235
23960,-0.8581593467721488,-0.47011629267942545,9.74702708819967
23980,-0.554142126176692,-0.17285227909249568,9.597674358583303
24000,0.07369954376682877,-0.19345783663717486,9.600938416250292
24020,0.6427837063450691,0.49907798136930803,9.735484019178468
24040,0.9453803727022128,0.3734381614633633,9.748295414883055
24060,1.001427165095534,0.68563156438762,9.721112212924405
24080,0.7351287184344016,0.38262335711323264,9.92293293046383
24100,0.04665380637475251,-0.0026765691024461745,10.033483836896988
24120,-0.6466371326100216,-0.09421896934732821,9.922770634183784
24140,-1.0360319057491885,-0.6614287224290245,9.791032183710321
24160,-1.0028789207974298,-0.5174397274557381,9.762758034295276
24180,-0.5175530997314964,-0.4625363299882769,9.62351944566016
24200,-0.028435405784335573,0.008238535529138941,9.9722975601727
24220,0.6340110788660392,0.11557105577418969,9.749072321275403
24240,1.0320959563155043,0.407943395203452,9.929317594719144
24260,0.7838077907667776,0.7819567514065632,9.8237116736851
24280,0.6670190325171872,0.22081645566176908,9.8315369698121
24300,0.022940241908668123,-0.05177962597821706,9.802616387016245
24320,-0.7942624023170586,-0.4943349241483538,9.74347323978547
24340,-0.9626618483256228,-0.5345093031885237,9.928409359301554
24360,-0.9660239216080116,-0.46262075300589606,9.774402535585766
24380,-0.8545047997437407,-0.20214976718481242,10.109263837055874
24400,-0.0652190005741003,0.17948543736461328,9.620361123324276
24420,0.5468649620720373,0.14383092652332657,9.501530670723271
24440,1.1704241218879394,0.5858824492927719,9.71084791702982
24460,0.9988974015462386,0.5664305260318285,9.975761858681905
24480,0.4375807928451759,0.30821471071807666,9.974019176804966
24500,0.03162559101448235,-0.19069917931629138,9.791065415988433
24520,-0.7114165120911752,-0.4608802136459292,9.930763178882906
24540,-1.0408533292956736,-0.5171267093872594,9.7158031849042
24560,-1.0446217944878442,-0.4886472361635349,9.677278550933945
24580,-0.6112005238937458,-0.28589158055543284,9.77172749777031
24600,-0.13687433670014515,-0.01195638510402324,9.886598513645966
24620,0.5893895939964301,0.22687386786880706,9.980722176469534
24640,0.9436189882926326,0.5974309656337051,10.043141153025035
24660,1.0932349566367792,0.5462648259648124,9.784993157732659
24680,0.37651500383009157,0.5486519324969382,9.709868482003548
24700,-0.08076386432022502,0.10406476096216451,9.681899281487926
24720,-0.7275240068767476,-0.13752562823289474,9.829075389758941
24740,-0.8434086902068818,-0.5493961794691408,9.760476880330168
24760,-0.8004238599931611,-0.4960274722691862,9.70580664389232
24780,-0.5678526712591905,-0.28082730367375386,9.682233115228202
24800,-0.12409959474421264,-0.09821488017699777,9.751214245458117
24820,0.6786690796787417,0.1725997651859273,9.851587356486002
24840,0.9742116713237493,0.5190337419360352,9.951631622449147
24860,0.757926989360924,0.6877860245500758,9.805877715515836
24880,0.37096612935516127,0.2412054030935713,9.400725232907309
24900,-0.003967785685148178,-0.06468400024135204,9.86102263574601
24920,-0.6916572007824486,-0.35219593209207134,10.129556524714795
24940,-0.7884144664882717,-0.42042961675064705,9.57293113325318
24960,-1.0283689461861425,-0.6721112387588509,9.480914995352999
24980,-0.4741560534086606,-0.34065735923908086,9.769706175580904
25000,-0.23234505646132728,-0.09822633185851322,9.53106644385891
25020,0.5830489533102494,0.3496277843227599,9.366337915519956
25040,0.9560209829692471,0.7007300557692446,10.150036917903842
25060,0.854162665879558,0.4532527342568537,9.697204972052646
25080,0.5537268989568247,0.4755121425190457,9.908245237967273
25100,0.13806226519957646,0.14871967859167048,9.893306643696157
25120,-0.5327398218922096,-0.4815993905211984,9.764796765102249
25140,-0.906530688122242,-0.625072639231554,10.113357400778902
25160,-1.0635138623279516,-0.6370982721707432,9.467324271610764
25180,-0.6613215028098902,-0.1928213896216538,10.18712642154615
25200,-0.026880679485237955,0.10226486153863742,9.743621325372347
25220,0.5580910593279601,0.15624690519037945,9.822169969130892
25240,0.9604022090131645,0.5301497269862285,9.694442730243582
25260,0.8602048339513346,0.6070083575620592,10.139153511719279
25280,0.4807003967397441,0.40515619793555685,9.995638065843629
25300,-0.08630178422633061,-0.07446290376202247,9.672143624284825
25320,-0.5399946210249154,-0.45724657745711494,9.964028156226117
25340,-0.9290965713222379,-0.6214866721829119,9.56637224045517
25360,-1.024971697336439,-0.43836813217320136,9.51670044199986
25380,-0.47129852885826656,-0.4477437801625869,9.873829773730689
25400,0.18691356800856265,-0.23151650245433364,9.82572198926229
25420,0.5114838953161668,0.36825942407457696,9.816802321122346
25440,0.8403162407584168,0.5142999283811652,9.918593459935567
25460,1.0177144218124983,0.6252436335216659,9.863569442334615
25480,0.5287913532991536,0.4231940263893772,9.592300855853129
25500,-0.18955253260653426,-0.03968831388515226,9.909421381742359
25520,-0.35053189622429104,-0.2580710476723699,9.93720329878226
25540,-0.862102280469142,-0.7484133795091539,9.92535832572469
25560,-1.0852438352841036,-0.6615988032165565,9.771209919685393
25580,-0.5369113816754922,-0.2522390689291151,9.914863928120589
25600,0.13590679182886028,-0.15183597567866758,9.946422919882908
25620,0.4785946431780448,0.22083476723431172,9.352006305874232
25640,0.8364752356299507,0.6423742095500464,9.610559575660048
25660,1.1172673154451114,0.43502709367394976,9.70551478630383
25680,0.5885978591571644,0.3990201233346149,9.924101015582664
25700,-0.039490097809106256,-0.0945505781300476,10.145970009487435
25720,-0.7363156524852889,-0.3976629364208,9.451362308687893
25740,-0.9121983515661624,-0.5966952878739634,10.122008552402463
25760,-0.7250622626234832,-0.6708293526226586,9.591803235177474
25780,-0.46705613899111487,-0.3176812641276631,9.97751496988055
25800,0.17548731896357841,-0.1915762987951041,9.876766136945868
25820,0.5054836486341927,0.17610055939828018,10.015575124773415
25840,1.0280837721907656,0.602545075019076,9.73087380711724
25860,0.9636080094903678,0.6010637522581826,9.875784600594706
25880,0.5747716496552664,0.34199575595922366,10.052632736653607
25900,0.03563406981654328,-0.07156293759633454,10.056244885338373
25920,-0.5449857641857216,-0.5680081927118167,9.74951649655644
25940,-1.045008129424005,-0.48683263124053044,9.77388036738699
25960,-1.200160772928667,-0.5886784328910102,9.943142877759158
25980,-0.5134561189862599,-0.38961605975291635,9.84165717176565
26000,0.053264344922290874,0.08720180033327347,10.203977259414199
26020,0.6256172247647038,0.4346420194982771,9.820502237722135
26040,1.1431586648941017,0.6243396248906682,9.617835272499995
26060,1.0302025806507864,0.5654310264580528,9.707576746373691
26080,0.5986514290806265,0.21344065636101467,9.764318660037716
26100,0.16329438674726907,-0.041225347016966174,9.785290488683296
26120,-0.7255794185829385,-0.41050091585809645,10.17275418725486
26140,-1.0485960744747995,-0.5650016380800337,9.49489829663028
26160,-0.85079383145658,-0.6045709566801357,9.484962839057763
26180,-0.6260744769247281,-0.3074259270740967,10.027175833762714
26200,0.050262628647439994,0.046471297000130474,10.061244520777764
26220,0.5621956395380077,0.20406809195554088,9.71908162671083
26240,1.039752999446451,0.8222869273821818,9.474996293195906
26260,1.077861396104347,0.44563546009366367,9.729441682344738
26280,0.6788588147506895,0.41371811987782303,9.475293428097569
26300,-0.05585391511420668,0.009677700071118674,9.670921507237411
26320,-0.6049084122102284,-0.26772829231177964,9.75283027521678
26340,-0.8760287539233391,-0.541021150760917,9.817925109210043
26360,-0.9489669008397104,-0.49404140438507393,10.137166573760728
26380,-0.8298258723336973,-0.4328881725779308,9.733719313027622
26400,-0.009889180306152079,-0.0939640312083859,9.605329379300969
26420,0.6976118322820314,0.4863814516030408,9.845842619542038
26440,0.8637347184596119,0.47395193233562233,10.076982622810222
26460,0.8936769075392146,0.29530489037052704,9.723291810661474
26480,0.42649319745648595,0.3656741475692185,9.739280620636759
26500,-0.017613209483885596,-0.014382629893603307,9.790743227469632
26520,-0.4512345636503405,-0.5705547057007905,9.915102285456584
26540,-1.0724972857617074,-0.6618594132875861,9.489301876471078
26560,-0.9887379123901626,-0.6381935509505235,10.179576059453765
26580,-0.5622725128911036,-0.3526797775518991,9.541396484352134
26600,0.068389519551813,0.06620531497951589,9.88765666137251
26620,0.5779984127510261,0.5216056587323734,9.558015538695743
26640,0.8773783786528363,0.5700038065922529,10.088309271484412
26660,1.1619114923642042,0.49780526895457683,9.802422969086548
26680,0.689649998639381,0.1668449519736495,9.84789782884483
26700,-0.04456362668352735,-0.10975219742359298,9.721967397028678
26720,-0.6502204348848226,-0.3175720173115939,9.740932865660843
26740,-0.9856973797575651,-0.3373689538744543,9.76411369793733
26760,-0.879544207334293,-0.569693751324087,9.877787981737086
26780,-0.41695336335845845,-0.7318334469606504,9.90857389083438
26800,-0.11220779398998534,0.038824420006660906,9.63385158349374
26820,0.4622245591046756,0.2311900817644256,9.736695119031873
26840,0.9770670424629512,0.5579572790414473,9.533831155531391
26860,0.7994167417895242,0.49735337510108735,9.626279391317995
26880,0.49105906063210114,0.13601485948766762,10.043847058323362
26900,0.12698080280842153,-0.04844343650669537,9.791296363118098
26920,-0.5336027505129342,-0.5302631685822063,9.808478587881627
26940,-0.9480667503106404,-0.5024812559446891,9.838719637214433
26960,-0.7629090570509626,-0.3368646448409539,9.536608127026495
26980,-0.5656511247375489,-0.2531855177581288,9.964651904536467
27000,0.06491358774354315,-0.16183004402203738,9.629969728413704
27020,0.4358434116339826,0.23531509840991915,9.673998313042524
27040,1.002822341932285,0.5238658952173801,9.738138514258736
27060,0.9897132673376544,0.39633587277735294,9.714479278577487
27080,0.49208414452777477,0.39318171794250073,9.622660109881052
27100,-0.01695147968865267,-0.23292684715240747,9.856915609780415
27120,-0.6232442052892191,-0.28643086878710483,9.854129295675898
27140,-0.7888027798923244,-0.49294244493808803,9.97682678516346
27160,-1.0305377751473679,-0.4982696187004957,9.695608423440047
27180,-0.5282938630354393,-0.43510840610261936,9.858443304732363
27200,0.015067149373455567,-0.14724478977299185,10.180169694707574
27220,0.6157837052922158,0.44604104896217045,9.781822516166528
27240,0.8811427550345176,0.4864594034267302,9.958092181661518
27260,1.146437112268057,0.6572099772927359,9.926260995343839
27280,0.4200485005222751,0.43878166397751767,9.964450538104291
27300,-0.04571850851932641,-0.07328817037916657,9.898894552087729
27320,-0.5941676935584842,-0.4291526746572953,9.79502603873052
27340,-0.9914857699967365,-0.6129552460800395,10.079488901972965
27360,-0.9643185162114272,-0.578303571568786,9.695652549033406
27380,-0.6237586931067371,-0.4351187772574164,9.834370571237475
27400,0.14463443557330216,0.0156725079157235,9.798578740392268
27420,0.6259512163141326,0.6074763875017362,9.884499469217838
27440,1.0799599627367982,0.5185314625964954,9.594146937364323
27460,0.9365373026224535,0.5335537554675607,10.268624613995232
27480,0.6798620769682271,0.38728173467095883,9.810155157661367
27500,0.11981371372051358,0.04130993726694091,9.582918545225585
27520,-0.45184719362441184,-0.11771663421814613,9.775439310355262
27540,-1.050867582513404,-0.7112754728885462,9.743919817925965
27560,-0.7221787529732864,-0.5918057414933153,9.86400924135789
27580,-0.6336901511965641,-0.2908010596087987,9.950014365009402
27600,-0.11346012778972377,-0.10127996882554206,10.01169741175915
27620,0.5222627037637304,0.41977422834694955,9.807332969888785
27640,1.1179119779809739,0.5502215504252552,9.487687525244164
27660,0.9155312557502273,0.5101315484126174,9.60616727216062
27680,0.48079501064182656,0.30896120530969917,9.736196360417052
27700,-0.14655054092166822,-0.1404628285649113,9.836307403140756
27720,-0.6317767592629595,-0.24596503694406235,9.960186134596384
27740,-1.0325244581636663,-0.5755616506764405,9.884636765909839
27760,-0.9011805854936831,-0.6832978458564277,9.697853317652827
27780,-0.6287405819536415,-0.5209003362129285,9.771417809907469
27800,-0.0886237311621975,0.09768927916542669,9.667990615980237
27820,0.6485153312216244,0.42554584403241597,9.834287967994998
27840,1.0945836779868028,0.46385534707671583,9.611471130535156
27860,0.956123157162182,0.46909129285763157,9.707324372215904
27880,0.4119927092904339,0.24213495059828966,9.742951912759702
27900,-0.14613159515851892,0.024100985084074333,9.673864133687642
27920,-0.5604879011448956,-0.5088254566681191,9.721799846309509
27940,-1.0055752944995764,-0.7235419215089842,9.787074120937383
27960,-1.1434091437178036,-0.6206604338859981,9.996979175609031
27980,-0.40581938828839503,-0.12157164429672435,9.710233140857758
28000,0.000899809853300106,-0.02942053987837002,9.531615525253638
28020,0.6595596519624495,0.4796349821781258,10.323116489259478
28040,1.0313413619585359,0.5469272877464283,10.03726591341068
28060,1.0409096084616039,0.7328202121304201,9.674879482270999
28080,0.5581585922425896,0.42044670778052073,10.172111928068166
28100,0.06362881666023651,-0.0687081047660522,9.920201903831849
28120,-0.5733074404501122,-0.4084579326981609,10.185034176060986
28140,-1.0062813050137764,-0.5994056262783839,9.96649010226151
28160,-0.9977716357098025,-0.6703794281221355,9.864485862760525
28180,-0.5855044327881211,-0.14348543692198604,10.252608355675484
28200,-0.13465387353843666,0.09126237230384154,9.830821336713402
28220,0.506757782433221,0.08291291601460732,9.857130684527377
28240,1.223945130926944,0.570978088076326,9.985855517109739
28260,0.9989389842481208,0.6470526715048132,9.878194188961439
28280,0.6185397398681295,0.34706042384825986,9.699359817534399
28300,0.05849153458975601,0.05018370306843835,9.4690885068995
28320,-0.5366998913671309,-0.5590752495663249,9.416740617046086
28340,-1.2401431667527905,-0.4905237953572655,9.920757196424173
28360,-1.0822470991835924,-0.5558618272238396,9.763680902459134
28380,-0.5650320718154087,-0.30592229042671987,9.787635435327902
28400,-0.037505780290040515,-0.1564900994462762,9.668270010520136
28420,0.49576334883583584,0.3528491991458606,9.689398003147005
28440,0.9629681975217618,0.36403344881897204,9.666496540967533
28460,1.0407515130619434,0.3919266976797402,10.208385377400946
28480,0.3451866538376691,0.3207913779216872,9.638488527997055
28500,0.18113518230810888,0.1019689952319556,10.033935926917843
28520,-0.5770601540427585,-0.4520836143514829,9.926408591771988
28540,-0.8364834959268621,-0.24502862552837595,10.102111065790234
28560,-1.0103767583457435,-0.6441536132636154,9.735550441458773
28580,-0.5719616261360206,-0.2716778211692036,9.759599858289072
28600,-0.0820930707767914,-0.018188182664730313,9.560934978550971
28620,0.494460016408669,0.4748783750575259,9.991523498100483
28640,1.012411405465029,0.7066903493701537,9.791007759535864
28660,0.9883861568443454,0.6891760639567865,9.81682648599882
28680,0.5392622702410755,0.34303768324452366,9.923024863592929
28700,-0.021040270683086802,0.049312134310472905,9.513050844888763
28720,-0.3949819466605371,-0.33566753942826516,9.572374513194596
28740,-0.8336929243021911,-0.3252377709038339,9.689314529643383
28760,-1.1227214876797178,-0.5291880638527571,9.970253762818718
28780,-0.32438310086769534,-0.41737486513470123,9.891020480758748
28800,-0.12519203293265055,0.07968891811091378,9.752270027917216
28820,0.6459658292234329,0.3580969443142411,9.709872988749735
28840,0.9430334967067351,0.523292743812176,9.919748641950148
28860,0.8141113506848852,0.5555503265049655,9.565767492781216
28880,0.4657030087686467,0.27365068962136624,9.757326794703376
28900,-0.04904045763674543,0.02741219572520564,9.621409745100053
28920,-0.8317439850375625,-0.3862211324082333,9.784891607372462
28940,-0.7201318806802373,-0.6713404100277465,9.79623455167999
28960,-0.9152994927308788,-0.3769180400399432,9.858565502363666
28980,-0.5670594263385695,-0.36158269834617013,10.06684417113592
29000,0.2045459705435415,0.1255112371264919,9.83033641575217
29020,0.4988422640414684,0.5327611747849493,10.087859604610884
29040,0.9219122510560672,0.37697720727665573,9.689333418818261
29060,0.9406257022658518,0.6587940257131643,10.040705302431961
29080,0.6476809228322105,0.5645535766839971,9.60541668952759
29100,-0.19479895023244867,0.13029182068475562,9.90772948449408
29120,-0.6726322238794114,-0.31380297913713323,9.746944754541843
29140,-0.9456511710433072,-0.5911439349110459,9.770119283914072
29160,-1.125593477167415,-0.48388225212967284,9.833935782009874
29180,-0.5825328677869037,-0.5580778326490624,9.664151805691429
29200,0.026779983350688298,0.056610311191428196,10.0469264774745
29220,0.5070441619050777,0.23138114101938884,9.692797659268633
29240,0.9137071509489731,0.5532380815961514,9.514831862535061
29260,0.8547671394116543,0.572605546541818,9.807939383952007
29280,0.49695500615931704,0.355973487969182,9.842454437815539
29300,-0.019361121509138896,-0.12059133371234712,9.672477710566662
29320,-0.8794412372269385,-0.2506199519143039,9.766446560205715
29340,-0.9621360019821624,-0.5298572689162483,9.49993401921941
29360,-0.9424885735046482,-0.5366171298655555,9.802491102140165
29380,-0.5975628322262054,-0.28059390424102015,9.934177867876544
29400,0.07746388874339356,-0.022655122817475993,9.630996651762645
29420,0.5995551105533928,0.3143197945754524,9.78516402233624
29440,0.9108456442010453,0.6323653541602264,9.935621995028667
29460,0.9817420338669515,0.44908248670669065,10.002544419125469
29480,0.7176858749552171,0.176330227940267,9.700016635466435
29500,0.13148004459445117,0.1407090090403396,9.585886589152922
29520,-0.496971010253776,-0.39817827847547055,10.129964577289359
29540,-1.0050472657077438,-0.5582455477273215,9.480700960706042
29560,-1.2118061198895225,-0.5965021074313503,9.973938361918439
29580,-0.6535796804939993,-0.26574885681551846,9.802774916401436
29600,-0.04880003749975527,0.04746607603304424,9.683425556771029
29620,0.4315184218680424,0.31253366961909046,10.094435409147552
29640,0.9391504622696609,0.7519058764894236,9.978860705150115
29660,0.9022591248580631,0.5679975917776139,9.913965803318844
29680,0.4937467273693613,0.3689817743467343,9.626117223577456
29700,-0.3040641524651462,-0.14484905696392672,9.756762299252228
29720,-0.6437929086605974,-0.4461107547060713,9.773894440778513
29740,-0.900946624928744,-0.7140912484575641,10.064170225538065
29760,-0.8540530705407259,-0.6162624849310487,9.975547371892288
29780,-0.5063430049761074,-0.46140502976455056,9.683979004356775
29800,-0.13420009187162804,-0.024363312371047986,10.01868485732846
29820,0.6167076065832036,0.3931682906132232,9.86490098551545
29840,0.9508574475747765,0.7189727255188583,9.680288136510756
29860,0.9338473868954031,0.5149665806537697,9.858672666567234
29880,0.39915424181066084,0.38159051256326926,9.595987823391361
29900,-0.08776256110732482,0.0005637055815993088,9.822008982274506
29920,-0.60442107012417,-0.4113571768138085,10.041384956282569
29940,-1.2415943732717492,-0.5291552455915354,9.904688959436196
29960,-0.9482041596969691,-0.5692559070714397,9.817979313805942
29980,-0.5993212579036626,-0.2999614621783615,9.554664947834102
30000,-0.025713134782362937,0.13220718394242362,9.776431423232607
30020,0.37124442418879033,0.3393243641573389,9.948542799136323
30040,0.6887405991391033,0.4755271790631503,9.706371501101657
30060,1.0052174544960397,0.7966401650414663,9.60636772507127
30080,0.5919501048116637,0.3947448192907196,10.03255968675221
30100,-0.03053426746265019,0.1300177845842677,9.482485616476447
30120,-0.5350943676910714,-0.1606086381907293,9.491845901814875
30140,-1.0280815794963654,-0.5009764403557382,9.878764102956785
30160,-1.085209054313483,-0.37128052608841866,9.885794499988277
30180,-0.7961640748659168,-0.3872035378970068,9.795515173422704
30200,0.13868602821425274,-0.05808756655878551,9.553399208557364
30220,0.5972575797336905,0.4064189459879399,9.863212699596803
30240,0.8009393136267526,0.466608618925755,9.404630658526774
30260,0.7958597263722057,0.6832821107560709,9.517558074587637
30280,0.5143357044814456,0.27362821168817886,9.599186852046943
30300,0.00517311633245826,-0.014218517321669183,9.5349543049237
30320,-0.6124841439059304,-0.05128761786235131,9.450127010815256
30340,-0.8689441259721821,-0.47265525066131286,9.731311704992146
30360,-0.9072206417136006,-0.534335852831516,9.580753650815039
30380,-0.7307201923313964,-0.3838643577023425,9.971234657738158
30400,-0.20906917413192563,-0.11798501702969275,9.678943352188426
30420,0.7269229941176483,0.2417372115119537,9.876918939967034
30440,0.990442771220742,0.6650826778111735,10.124318272843372
30460,0.736782449528506,0.6715290384980066,10.012287229561817
30480,0.4930198133932585,0.2931505844116163,9.804913193007668
30500,0.011856642525474612,-0.008940063828752357,9.978124190582278
30520,-0.5809974779372523,-0.4544120709650815,10.071486494728498
30540,-0.9474909722215898,-0.8288307003867712,9.606572127923378
30560,-0.9183475011049617,-0.6032074881538343,9.781015168049352
30580,-0.598787180090271,-0.5330576388914895,9.695014994833532
30600,0.15139857377056218,0.108881240979396,9.96014145477755
30620,0.5824831761829466,0.42117653682646894,9.958696481344743
30640,0.9663562308536728,0.4160975686584839,9.838795821589803
30660,0.7596272365085256,0.47307801545770956,9.7618093389641
30680,0.7161192207004241,0.28404758458832424,9.795660606897151
30700,0.04841798461154474,-0.11849759537520849,9.79526518503307
30720,-0.5662150749548159,-0.5622396180599334,9.875167617168675
30740,-0.8222695980733667,-0.5796095572962405,9.650574199538047
30760,-0.9590254225820853,-0.419372321245155,9.547492525523984
30780,-0.5823865371705581,-0.4437424640277875,9.761177289476445
30800,-0.10808346207996658,0.08409889017560682,9.971306689071326
30820,0.5877683406785964,0.4679083298250725,10.038119039533022
30840,0.9741921004024521,0.7015951031720282,9.85485093571448
30860,1.0528988238648462,0.5347781986208155,9.895770446964807
30880,0.6697867983005021,0.27568405369812127,10.233562791397027
30900,0.05358027181303253,0.20233706155274875,9.800809017257897
30920,-0.7333441986899811,-0.23212357766724018,10.015619374027482
30940,-1.0067778163451102,-0.45710874717300076,9.745325440889868
30960,-0.9206946815199267,-0.585030988573886,9.753603372270604
30980,-0.5928880783418174,-0.3415578123027709,9.723137867781867
31000,-0.15831230219233294,0.06183515979620313,9.949954559718797
31020,0.8495935725054472,0.2033954627759369,9.643244089023273
31040,1.029539547257302,0.5166612053284202,10.004947737435081
31060,1.0941732534989521,0.5538130851568731,10.000956310950746
31080,0.8334763869824638,0.2545539228740601,10.155756705622013
31100,0.03795392233492819,0.0253154254944135,9.759095869802046
31120,-0.6316780272911636,-0.2958541044735731,9.821741300684753
31140,-0.8494358079975042,-0.6288834061042673,9.76454543173878
31160,-0.8227624113367376,-0.5885243957671054,9.97129611914208
31180,-0.5492306900180159,-0.39491069964741315,10.129149585349237
31200,-0.05419829309425209,-0.19666963355856107,9.753610192531928
31220,0.5363884743489408,0.38507849924316645,9.522062490665935
31240,0.8884712739157106,0.4267526391815911,10.04318978957525
31260,0.7471105556906769,0.4976301038268899,9.775720684527979
31280,0.6253081586447016,0.31330630323801684,9.981335135700137
31300,-0.06788599410441012,-0.1559817519843056,9.822595818227546
31320,-0.6301558379104826,-0.31879619709165985,9.76258718129175
31340,-0.878306160640916,-0.6333277090785348,9.880203981545229
31360,-1.0590688136186073,-0.595006060165159,9.7969986161171
31380,-0.5884224418523273,-0.37155066699384787,9.9914269976673
31400,-0.09022041796414655,0.2425380678249573,9.678570196599777
31420,0.42544341382431294,0.28535432405823313,9.670149955823042
31440,0.8922293235000986,0.6756332936694228,9.853829591307363
31460,1.086270711360444,0.3950045302288139,9.822204660211874
31480,0.6069275267587037,0.613113892056578,9.696640510703117
31500,0.14129587657922893,-0.06733124185534328,9.851229388555904
31520,-0.5146682847021118,-0.5227805699607395,9.797027408690564
31540,-0.7588173264552422,-0.45356584081817647,9.591763668745585
31560,-0.9560257899007392,-0.6153720394054275,9.91278174375065
31580,-0.37723875369423354,-0.2647596084442064,9.90460583068787
31600,0.15316526457875415,0.020302116119676934,9.934843366786723
31620,0.7044421746452982,0.35415383265236977,9.527737025327367
31640,1.1421227302184294,0.5518507099616152,9.980168224354921
31660,1.1599787742208325,0.5699696388652626,9.894363466054
31680,0.6680736311161686,0.39581154748806846,9.844861388569791
31700,-0.16782549682048775,0.1674388596547822,9.809462789887707
31720,-0.7133061569603286,-0.4598487591235435,9.73447580311962
31740,-1.1170229621889067,-0.5731927639401719,9.526865102953574
31760,-1.0201145817453894,-0.5947587733411416,9.922270035042855
31780,-0.43268401740926193,-0.29528772293838446,9.760838363694015
31800,0.06254443647350613,-0.008258362082135874,9.65661180115672
31820,0.7848332285356184,0.47954118042937816,9.741912817304817
31840,0.8356829703239751,0.8167388169651902,9.837656937116936
31860,0.8904810576276451,0.5972847187042946,10.109537800873005
31880,0.5582070739434138,0.3645422705827034,9.786378601495153
31900,-0.2156171856083898,0.07813870369544168,9.707567199998014
31920,-0.6311221897288678,-0.500424126172608,10.04257361684108
31940,-0.8613220776920042,-0.553907599824837,9.660589721389112
31960,-0.7902069014543287,-0.5247765542797755,9.94487008490186
31980,-0.5933026605630272,-0.27412399934265413,9.796193773708874
32000,-0.03198944785979439,-0.0987082347669559,9.457440819470424
32020,0.6767618165296361,0.3692443843776161,9.804833558860135
32040,1.0369514842935872,0.5063645231675944,9.62667475413653
32060,0.9976843566540616,0.5191412091152295,9.804434226454966
32080,0.6622068924437278,0.3795426721042759,9.655129646980413
32100,0.14149284534990228,0.0800925922114194,9.926678296960965
32119,-0.4690634728655724,-0.3944793622899953,9.697982138737395
32140,-0.7785299021413259,-0.492866506010478,9.696360334615349
32159,-1.0242866858016346,-0.4692214569267091,9.738134748549973
32180,-0.5346778825060983,-0.2938107987028372,9.78995155268919
32200,0.029190563417764142,-0.06102735575266919,10.061001486395053
32220,0.7953134741444066,0.6162935165878334,10.014530029067911
32240,0.9426068722431866,0.7226497878141341,9.564719125628232
32259,1.087889885274208,0.5793957519378433,9.928237454646759
32280,0.4574143470834679,0.1375166549394273,9.78677954805499
32299,0.14504895166427925,-0.05824619235385322,9.882225641655175
32320,-0.7196458610024205,-0.49618006379517604,9.96866176183796
32340,-0.8686843911755401,-0.5349869388446788,9.877209428124702
32360,-0.9208137872014662,-0.5283113425200858,9.914644660208786
32380,-0.6992465654223092,-0.15825054579442013,9.63632170319394
32400,0.05801325287581616,0.031947066324866144,9.732320734535486
32420,0.554738341229701,0.2646386344885962,10.024109449891695
32439,0.9758175280076519,0.6715216609594338,9.915379239193467
32460,0.7169525524508877,0.5206871042942038,9.628172806363981
32479,0.48054508258862905,0.44403323162575015,10.118398966525868
32500,-0.12454847561468978,0.01331270498206931,9.72840551881841
32520,-0.6076717479891277,-0.4145616894419649,10.034123160057705
32540,-0.9035034890947042,-0.44496304002301335,9.889463919022
32560,-0.9253934839594833,-0.5657595159898641,10.055690880137602
32580,-0.6833874033047596,-0.23563776749782273,9.958229933563953
32600,0.10293354078113696,-0.13544954239407103,9.664466292483262
32619,0.4701826398239451,0.21034863796995432,9.510196171745996
32640,1.059526205004104,0.34061959756074417,9.815041482387386
32659,1.178331159628717,0.6628719395813631,10.026740199437587
32680,0.829396175456546,0.37395742790501607,9.869522695676043
32700,-0.04943760664981536,-0.15320627624355457,9.739890980051243
32720,-0.6617367375006779,-0.42108251110436046,10.276934346110558
32740,-0.9264951293060834,-0.4644254209173242,10.020893927573606
32759,-1.104847979966791,-0.5735825157648882,10.0140355191738
32780,-0.7604933893910586,-0.29394732350548475,10.016442148437227
32800,-0.02880943451813923,-0.08522834000723999,9.966100447417247
32820,0.5780852500676202,0.21916950730498597,9.458650715743307
32840,0.9553556272798498,0.45283688174257253,9.644678135929455
32860,0.8032170068930908,0.48205844440575485,10.085356330572038
32880,0.6425634401965379,0.17223904472819437,9.840480284450619
32900,0.21165426821757705,0.0468594742333396,9.604090637791884
32920,-0.710557847189579,-0.2846069425035393,9.47915634898414
32940,-0.9205923833283299,-0.6676019184464395,9.854388041293168
32960,-0.8570036844821803,-0.5618779490492322,9.702619856374177
32980,-0.5989877457151815,-0.32275801871063686,9.564751769661058
33000,0.1985173307046939,-0.06372270379089524,9.757391811831575
33020,0.6204670739209567,0.457073223521846,9.974363708725566
33040,0.8787417503899299,0.5575778883495376,9.857606781404657
33060,1.1126903973845848,0.7779249430195587,10.236851121871817
33080,0.5369372811544734,0.3296811252721878,9.708074187493262
33100,0.12698413808695935,-0.15303492667158283,9.51927579232292
33120,-0.44085934704222396,-0.08786134322923372,9.720534790487077
33140,-0.8763464780900049,-0.43661089947198084,9.733521299886933
33160,-0.9178739992599001,-0.6729847328959918,10.04380124110999
33180,-0.5039237672566944,-0.27133173664633076,10.154730483064716
33200,-0.25924629948710204,0.08953062471417284,9.471579340202812
33220,0.5533845106630162,0.41617785186506573,9.642702385940465
33240,0.8943538960925217,0.43267231081662827,9.629910055613545
33260,0.9160639675804976,0.5262370260875444,9.869907125458493
33280,0.5844451657004021,0.35252451498726434,9.811912731309151
33300,-0.021504020772029325,-0.04907835190777884,9.721422172190335
33320,-0.6248592373647192,-0.17571967047492942,10.01353248914446
33340,-0.9025166241377145,-0.5247603143425839,9.648165289517959
33360,-1.1194049842126939,-0.5521300295883795,9.762124193105393
33380,-0.6805795112410031,-0.5314054289551602,9.901537140399268
33400,-0.006837713488199601,-0.0495834783107505,9.897035620954886
33420,0.6384392616848572,0.1627818922432776,9.586343040368336
33440,1.0545950922208374,0.6408299720198596,9.978800173610615
33460,1.065060703794489,0.6381013481624517,9.8247256245746
33480,0.3505599715718894,0.229861511490132,9.794281461396164
33500,0.05855185325144719,0.022084522841456875,9.789587514998047
33520,-0.7291681667932987,-0.3475190018192755,9.704259925942024
33540,-1.0366304181832895,-0.5867761778891569,9.906471069693602
33560,-0.79068330918533,-0.5573202085017588,9.823181444667656
33580,-0.6881006957043567,-0.3576615855977701,9.876073430090669
33600,-0.04703758802747001,-0.20450415301093466,9.582613782151714
33620,0.6271889536631541,0.3573684028785111,9.687906930186168
33640,0.7451213193610959,0.5076709021300085,9.85824826603011
33660,1.1958246148819829,0.39460024632658497,9.832496131121538
33680,0.7032032791114882,0.306277976680021,9.874974001935975
33700,-0.03309710645138028,-0.11323411519415116,9.563917816366015
33720,-0.5796167987140485,-0.32000175787713314,9.982801040975897
33740,-0.9588560052650035,-0.5862980327146591,9.557493644048112
33760,-0.7848655549703872,-0.4864438803455195,10.064784669114818
33780,-0.4774721273949438,-0.456409504467683,9.752262134278686
33800,0.09059528863841979,-0.018414239460420815,9.777856309981974
33820,0.7876284564437497,0.16050057574886648,9.984762404374557
33840,1.0641474124249228,0.592482657763824,9.971867856365892
33860,0.7893595817483158,0.6013723095666066,9.79289277665104
33880,0.7345500205586778,0.40113463792861304,9.815530989155972
33900,-0.10464635641718839,0.033525230353703854,9.606299406211967
33920,-0.6664984902859459,-0.4082886467700475,9.640653262119997
33940,-0.9140705269345463,-0.34532837174792386,9.62461671768169
33960,-0.9760744409437327,-0.7239847873071104,9.57652663938155
33980,-0.6551687322686279,-0.2913901619171863,9.805743477283295
34000,-0.06670387845550801,0.04121587584604125,10.018549403318124
34020,0.5333936236787269,0.3825234507611199,9.785413612318147
34040,1.0285062853600226,0.6444977109952618,9.616903886209306
34060,0.9827976405959364,0.44573117445659716,9.86519651292267
34080,0.7716269007106795,0.2923859528761761,9.857409926805518
34100,-0.14629130284678166,-0.22138735430660603,9.788371834527707
34120,-0.5740630099028392,-0.5008628670289446,10.07461788757569
34140,-1.0083728431090784,-0.4472764270579136,9.771563465332452
34160,-1.1148456989565436,-0.6532006227813456,9.845185634172989
34180,-0.8997832266232786,-0.19907615370066636,9.620127552739055
34200,0.03395955536273957,-0.20615289110152604,9.46617421036158
34220,0.566898654414103,0.32997401902218226,9.918705888480899
34240,1.139581888300348,0.5528098653127967,9.684239544873757
34260,0.967334527777982,0.3989711925920812,9.797334340826671
34280,0.7448248312383967,0.596705354148398,9.752242128991586
34300,-0.009001785679253561,-0.10313118855978785,9.78081539750779
34320,-0.5465477258550714,-0.1421378914521038,9.762335962090546
34340,-0.9068543801341515,-0.39753822562998453,9.685085095934772
34360,-0.8506875946391885,-0.5739700456850001,9.700790253738216
34380,-0.7222935968809474,-0.24106933158032395,9.659489281061944
34400,0.072831408230901,0.11138259446804182,10.006705334012912
34420,0.5648953876143664,0.4244170887804904,9.49426862046137
34440,0.9531505868123532,0.627426808962127,9.927051239878153
34460,1.0608296166489422,0.6249770104828327,9.770264437253417
34480,0.6799433275735565,0.40047169768423846,9.733214640451598
34500,0.1592408083530173,-0.053337871706570235,9.730260401520052
34520,-0.6103124863798042,-0.37596979145768616,10.006071411313954
34540,-0.876051140580488,-0.6462253751892211,9.870772461992228
34560,-0.9511959130799506,-0.6577845567036116,9.795576800051867
34580,-0.641107759841382,-0.6986895436557137,9.680177977062952
34600,-0.051376639212047964,0.11766207169620829,9.69993779924013
34620,0.6663246999287679,0.12036519864869166,9.833356597813726
34640,1.0177024087117794,0.5056927064520516,9.735801072410428
34660,0.9193003815803774,0.6912272945586202,9.590303859220793
34680,0.6407341214171036,0.36235158083861285,9.843499845324716
34700,-0.022800165722835553,0.31808761485035686,9.609796922681054
34720,-0.6679819929493185,-0.2814138093099888,9.608048888412306
34740,-1.0144253305915811,-0.5465150113214408,9.79784636151738
34760,-1.096421883104421,-0.6270882580804853,9.60806494551793
34780,-0.47023828974333826,-0.30311057954691434,9.570863333693742
34800,-0.004446496410624053,0.08761146688639787,9.889595761615421
34820,0.5696574257594942,0.29134250023240077,9.817975968848735
34840,0.9192432265761664,0.6019964744900486,9.622866974681099
34860,0.9180910935021521,0.7314192513377453,9.794188522659462
34880,0.6779503696713345,0.3432422464662716,9.585471958463273
34900,0.13887652328974912,-0.01766761504133758,10.08708189226368
34920,-0.6012413631382931,-0.27731401414538415,9.805456380603411
34940,-0.8972156116111533,-0.5530012151067759,9.4095462355422
34960,-0.8791529747319419,-0.6249016299134441,9.688652910502185
34980,-0.8214467000396937,-0.3936124499611594,9.659007195592032
35000,0.34808207030110244,-0.14908569574111596,9.923228449459856
35020,0.9516929260213698,0.5352942275565021,10.133721898946016
35040,0.8194031259107923,0.5149104928252911,10.216422372738366
35060,0.9841738422808587,0.7550057134230337,9.661258162137198
35080,0.725226100724264,0.3122612171895443,9.886179117988123
35100,0.05723249261383142,-0.01697435897867307,9.783616435130881
35120,-0.5696149871978253,-0.37178253177625054,9.772143546243438
35140,-1.0399608639539963,-0.467214771186389,9.775891231908359
35160,-1.182819715617712,-0.4635710293042581,10.02083182363236
35180,-0.49240810162553533,-0.4125687215254606,9.694439681827367
35200,0.224735156631932,-0.16745120986637813,9.550753305375363
35220,0.6868845512271385,0.26531422216873857,9.788973993911565
35240,0.9764598866219298,0.8597576045249811,9.851279742179072
35260,0.9878927730372744,0.49490851391696344,9.876884949936688
35280,0.6630465886398514,0.38934102677100424,10.144219374985285
35300,0.10497199389873349,-0.1513534790849816,10.053123898131222
35320,-0.36172249353661945,-0.6209583107420886,9.484965208635547
35340,-1.0448485379790062,-0.5752293094740476,9.696205273145544
35360,-0.8369054070214761,-0.7892055535151741,9.709691997051008
35380,-0.6769265716018972,-0.46934171729111407,9.802328290777883
35400,0.14227830963133545,0.03886061947687756,9.89130514000023
35420,0.6459554910958564,0.25794116950441903,9.686638771579243
35440,1.080844197250667,0.8778029028171616,10.069341813597706
35460,0.9742311732093477,0.493708479114162,9.923565414245754
35480,0.7610016678749438,0.28589278650270256,9.98788966400866
35500,0.2708391232231249,-0.04410492298021201,9.973417735864825
35520,-0.40164683281898006,-0.18751599753020184,9.773731928726864
35540,-0.9382921558433598,-0.6081869200823833,9.60314214539228
35560,-1.0387315815169282,-0.6090316468770994,9.805912668325417
35580,-0.46959101229389993,-0.29067737336774796,9.961485749106991
35600,0.02144179012538379,-0.042342017815121126,9.650484407465626
35620,0.5386181710420416,0.16470608214609947,9.789979679617225
35640,1.1435661442405918,0.8076551704156547,9.583776732830378
35660,0.9195385682541395,0.5776450146934263,9.657464388655853
35680,0.86631610533602,0.49450751879583077,9.866294039081147
35700,0.09272009932274698,-0.22750073049102085,9.973285406040253
35720,-0.6127631931668927,-0.32315155748290153,9.924879493934935
35740,-1.0188557962247007,-0.49739392909022084,9.437075859163574
35760,-1.0274748415837756,-0.71928587135392,9.44276348426513
35780,-0.652343632765441,-0.24519279027955398,9.510554912804372
35800,-0.09839340855582067,0.08164574376978893,9.982582881200676
35820,0.7134606949523277,0.3388528141034634,9.70929338368454
35840,0.855094772734875,0.5535403648615181,10.005484031533376
35860,1.0269107111923002,0.6306629925029267,9.491152427437916
35880,0.5138803457018597,0.1881611629122216,9.572063799128783
35900,0.052057035290625074,0.062265984636463226,9.943249981752656
35920,-0.5698622515734391,-0.42609325364831907,9.788933895937603
35940,-0.8752559852399124,-0.5164415992079069,9.84777617045465
35960,-0.9397419395253006,-0.47632694325287095,9.867115586736722
35980,-0.7042027404781551,-0.2882106587301878,9.923218520146698
36000,0.08862519304328005,0.03278343140133237,9.619189762364405
36020,0.5576198617601027,0.11625513876232318,9.542588785574218
36040,0.8548962982200122,0.5315498937073387,9.557084055162946
36060,0.8318623152109837,0.6129176494312201,9.522482418813059
36080,0.3683955256659591,0.32326982376694013,9.815833967373633
36100,-0.03064828351521849,0.062434808160482885,9.572388378410281
36120,-0.6690852879133113,-0.5508492535451377,9.823723620739434
36140,-0.8103201927733149,-0.6244978521536783,9.588202050369242
36160,-0.8513644949104233,-0.6409786162776502,9.994557614041753
36180,-0.6801436021080269,-0.31496894607719594,10.026429178984603
36200,-0.05876208981648578,0.2240116635350577,9.590041472031743
36220,0.5014558778473508,0.28011310300359527,9.47053299824235
36240,0.9273611983128937,0.46822761763855525,9.669752306566256
36260,0.8593583873668587,0.6151822986039907,9.652270552923236
36280,0.64399826659275,0.3835941631431681,9.811803050721846
36300,-0.14032075100959654,-0.04420507316684882,9.46465097398932
36320,-0.5540977928489058,-0.38689836174930486,9.783546475767148
36340,-0.8612208165660701,-0.4046170098467728,9.893978615984759
36360,-0.892435601285108,-0.6332647893631859,9.94174131682098
36380,-0.47047009490615055,-0.3392788556139075,9.603932370766872
36400,-0.048350654395021425,0.03056770588684842,9.738736574890158
36420,0.5297684490904859,0.3500794050089481,9.784024600001086
36440,1.0757996464942898,0.4970483827973802,9.57119757382295
36460,1.0593295748004912,0.5904196120348861,9.810060241123567
36480,0.6418532000312104,0.20778376996979322,9.943375383398756
36500,0.12915864920262926,-0.023768817317534965,10.058641794454791
36520,-0.7030459081180895,-0.26280469050165706,9.868173567268316
36540,-1.0006260607534974,-0.7463710069210658,9.917547367833054
36560,-0.9915511337927646,-0.5195181173104684,9.815177294044563
36580,-0.48295840803309076,-0.31924842634932077,10.154837614649818
36600,-0.12351046555304189,-0.17080141060770787,9.906962935223108
36620,0.45837057321214236,0.1507065963365131,9.734374029024838
36640,0.7761287379211472,0.5122856243838595,9.897443781612164
36660,0.9354958722841581,0.6364608446478155,9.7249462427978
36680,0.6232013017564438,0.08465856076719963,9.56460781228453
36700,0.07468958444067895,0.005232818223260376,10.17409227356194
36720,-0.558304203123997,-0.2631016544735576,10.108200617042959
36740,-1.100724784593439,-0.39282561436498326,9.478991415914916
36760,-1.0616835661380573,-0.5896030232048205,9.826089794336811
36780,-0.5795855349532631,-0.4233392953715708,10.026193755316308
36800,-0.09655659198494347,0.22513820683059965,9.885359383177583
36820,0.652574486730717,0.47956647116454687,10.006755719596805
36840,1.0583244374975185,0.5003915996293685,9.623158521700326
36860,1.1043343055954038,0.6399866182083107,9.50707688618206
36880,0.681210345189573,0.46252449838753185,9.76071372218165
36900,0.2626201545135872,0.003119223412245519,9.786848708117304
36920,-0.542292492559325,-0.27816956231969525,9.756397564723155
36940,-1.0060751301825364,-0.5845613190960688,9.697362683987325
36960,-0.6774493011975355,-0.6574398968350434,10.06536900494051
36980,-0.6320805207621712,-0.06595285861068151,9.834955722754199
37000,0.08975023634117181,0.006872076646998035,9.723137017373626
37020,0.4552573332171644,0.2818745275602384,9.66015906118775
37040,0.8492572586418208,0.4352659827061368,9.519850421564527
37060,0.8880697274354135,0.37998031220767536,9.653823386610819
37080,0.4565450405126823,0.4193974445774033,9.738675173115723
37100,0.054657842290520856,0.11698762790229385,9.919590318234157
37120,-0.5710123769590304,-0.47931735499360895,9.650110705418793
37140,-0.7875280415643865,-0.7545914634643774,9.608231699571299
37160,-1.0120011763725807,-0.45443909439933006,9.884809486561501
37180,-0.582283910033511,-0.45405277041534076,10.104926348840687
37200,-0.004534882194778072,0.045758972097683946,10.122385105706098
37220,0.5437118517656797,0.3483197006810595,9.813970220953694
37240,1.0471376183296106,0.548026274672687,10.17668255568347
37260,0.9678989427338496,0.4467811385130661,9.85404308095584
37280,0.4125493787898422,0.3127581309162549,9.725104420075107
37300,-0.06472364734403067,0.09752898619439818,9.55727641310105
37320,-0.802071108900634,-0.4207260096773102,9.774595575370476
37340,-0.9910978908987432,-0.385000665203881,9.547596027136768
37360,-0.9167705299458371,-0.5608886799948056,9.875570230507115
37380,-0.5740670300276886,-0.5251242184275198,9.607894781489655
37400,0.23341096282644574,-0.03680440762489104,9.809668210050878
37420,0.4619499351778954,0.3397318965827295,9.940313283311186
37440,0.8612368174093122,0.8122102917269844,9.771085669075214
37460,0.9948855381837324,0.6263877289156677,9.922125572486207
37480,0.6042931593593016,0.41924901219683275,9.984908430649716
37500,-0.13659914249928432,-0.10420955620657121,10.166079045205443
37520,-0.7294064611530151,-0.2942165059904995,9.806274355299255
37540,-0.9264074056713717,-0.6952070545979128,9.723986390878105
37560,-0.9582354743447076,-0.6374847966551483,9.618081422585446
37580,-0.17631390027549143,-0.36788896884140865,9.609484207461394
37600,0.02779196380622182,0.19061570632715652,9.476292049367043
37620,0.5054946291085202,0.3451502812031622,9.664978125155127
37640,1.128172249248716,0.4664363864812555,10.130538944380467
37660,0.9791190718768764,0.4875022368393095,9.709239143893898
37680,0.607122457448572,0.24290093195071466,9.685883382457869
37700,-0.07260082056428878,-0.05323209969861537,9.853621998010025
37720,-0.46813975239924555,-0.3548787482380375,9.795790256089816
37740,-1.031190474579776,-0.5602154882406725,9.913542940757575
37760,-0.9734981130720285,-0.610283353615841,9.664129030028533
37780,-0.5415083488397436,-0.48985881559212674,10.017315190120355
37800,-0.02307812494333503,0.22008546022737394,9.624173531157783
37820,0.44667824605463324,0.30190068924015956,9.734203590414864
37840,1.1552770694809606,0.6321131859774447,10.054505394558305
37860,1.0610917811411726,0.6708813547185462,9.8064100362684
37880,0.9317264400659623,0.40156873593617187,9.682817365174941
37900,-0.21816751997568526,0.05306330128317115,9.805052876735987
37920,-0.914401191514419,-0.22383463155964223,9.839197960590813
37940,-1.0609702371023035,-0.4879835970747674,9.734198580163834
37960,-1.0277065028415258,-0.5729659320884491,9.952962725442287
37980,-0.6615799047209335,-0.32676542084370563,9.95623174294745
38000,-0.16444986513643375,-0.04218390071115654,9.711339814005234
38020,0.5863585037973736,0.28847027505464196,9.857421381090457
38040,0.947886726799922,0.4367244347883597,10.096536329971633
38060,0.7322213969618256,0.4593030744489848,9.831249491434496
38080,0.4526894406206213,0.2959125130918345,9.794612481283172
38100,0.06550552594470412,-0.06313626290345864,9.682392346065843
38120,-0.5850100760624433,-0.3425416140526913,9.757643352257043
38140,-0.7545127269196501,-0.6378505013004284,9.829259289775587
38160,-0.9993362454429262,-0.638083441233435,9.469714018375015
38180,-0.48957415464252174,-0.4003845993393994,9.259648566142669
38200,-0.084549815071555,0.12266443583390425,9.860133652639083
38220,0.7595989242499753,0.2507924877398273,10.173812500093879
38240,1.0045872882328615,0.4407250955715285,9.584836839048624
38260,0.9109062161604669,0.4335847724866485,9.57146077739126
38280,0.589843138578088,0.4880932213857495,9.84881619775771
38300,-0.14128310750936293,-0.022524489625571645,9.89532832460593
38320,-0.4797229988378206,-0.18751111892382907,9.454823660855686
38340,-1.0744804123341583,-0.7662740088871658,9.901541027164972
38360,-0.994084056545125,-0.7055443793288764,9.519700543994208
38380,-0.6057217243802335,-0.28864733948408083,10.011984673976087
38400,0.11338536195682047,0.09679779282212492,9.941954524507262
38420,0.5572479173795615,0.31213777739806897,9.828225571107543
38440,1.054568742407617,0.38373442613373465,9.892785467645183
38460,0.974029460846268,0.7251274435419244,9.45773828633233
38480,0.5054157019716905,0.2722642579974027,9.629158380172436
38500,-0.06103763869454495,-0.13556921166149627,10.065723839091218
38520,-0.5297298042158385,-0.25007345859098584,9.857319438767275
38540,-0.8088202973948313,-0.6087378053831561,9.888864335620594
38560,-0.8519227122774437,-0.8027374252003834,9.910974123775736
38580,-0.6088597573912858,-0.10155991407040238,9.828873383159205
38600,0.11847162418215414,-0.06577438235098153,9.697588895350751
38620,0.4402303698071611,0.40467059763065655,9.943180842909545
38640,0.7610368453098368,0.5850127458116046,10.078688993630344
38660,0.9830411129934458,0.41965509119606637,9.627128583527877
38680,0.9206709695766477,0.1331152468689525,10.257691294240047
38700,0.0229690156097322,-0.18496967337669412,10.027252442949075
38720,-0.6861729897209077,-0.2075623954491234,9.966393155148834
38740,-0.7782563825593292,-0.6461635830231707,9.659782461894595
38760,-0.9496338678295042,-0.5847955731781046,9.560720161270966
38780,-0.7105458739707199,-0.3818946543828601,9.824659922129065
38800,-0.009720606003409023,-0.024201134684889103,9.933193876243594
38820,0.47753650084025623,0.0957307894929485,9.920632257570768
38840,1.1713114936207236,0.581257608703905,9.935003393223353
38860,0.7403190368370862,0.5088146614718423,9.69915000776638
38880,0.7805226152457853,0.6001214478368713,9.556899013998098
38900,0.005529257697493707,0.06334470368956852,9.65273968976858
38920,-0.4334820400188115,-0.3451306958821967,9.803447726192976
38940,-0.8766088490434512,-0.34987903922098507,9.81133290615976
38960,-1.039987706660753,-0.6587505370405861,9.71223280588342
38980,-0.34645649921059696,-0.3693477142601663,9.753531310655063
39000,0.0750539337338744,-0.10411004546221693,9.817111224444549
39020,0.5450787906459269,0.3931095975401956,10.25740693223422
39040,0.9344591840968361,0.6360637541706758,9.927622341393862
39060,0.8688684119043542,0.5895190548210469,9.683269295907133
39080,0.4272391491117221,0.22523340574258985,10.08469877672914
39100,-0.18049826602391353,0.2021210368302207,9.970551923090714
39120,-0.7933694400389473,-0.448157264170154,10.000441686583823
39140,-0.8235049193664773,-0.737601105043971,9.978537334059762
39160,-0.7760379798964188,-0.7044976545691406,9.884282043840917
39180,-0.28846604126279024,-0.24256960933431243,9.620970645214118
39200,-0.2355916227273591,-0.10931078185377253,9.915308060454844
39220,0.2639940505200755,0.1890903141935781,9.850981275778265
39240,0.7397743444214542,0.46236920175324386,9.71581399276999
39260,1.043012012081821,0.728517229369432,9.9885706847409
39280,0.46240248491507874,0.34477381000446694,9.877976589598084
39300,0.02217752204938745,0.04731282094932068,9.696515844438736
39320,-0.6290801818723964,-0.48740861774578254,9.81067223191278
39340,-0.9818000783477452,-0.6860670331494165,9.803803985571383
39360,-1.0968527142694422,-0.4911549161466168,9.58898278704512
39380,-0.5939156221561501,-0.3922572406714529,9.532141131886798
39400,-0.009973008478979773,-0.026117535939165496,9.83413153327803
39420,0.3871296443385877,0.2119772940207999,9.914623412233766
39440,1.092504802779048,0.7449008770173561,9.842760686819496
39460,0.9587878469040008,0.2975644797309817,10.203690783050053
39480,0.681386944431007,0.31121040512386067,9.883566192955653
39500,0.12170357819367175,-0.1000896863067881,9.655478940041556
39520,-0.6719234166640421,-0.38314543781836835,9.549810217838175
39540,-1.023899385406003,-0.7927060511400862,9.725524696996233
39560,-0.8409182022866627,-0.7130133556000487,9.864147659584342
39580,-0.6415641125426033,-0.5050439299868924,9.88185691846036
39600,0.02555653434506262,-0.07327012290870621,9.6214135756771
39620,0.665992113957711,0.5680383568994998,9.943992226758885
39640,0.9514753258634846,0.7867000857971244,9.95262271579842
39660,0.9822268057134469,0.5257025912722538,9.86783601093377
39680,0.4867774228259964,0.48809454212510506,9.964473810466727
39700,-0.13512882542624344,-0.04561690656698349,9.737533015378352
39720,-0.6024004090387562,-0.39795016736311345,9.740102772290921
39740,-1.0078983988743082,-0.5383151477967762,10.000021068205346
39760,-1.0166662188391444,-0.801947839974288,10.049185470348984
39780,-0.3754160454882471,-0.32243950584292497,9.630228149287174
39800,-0.12909403393036273,0.057374287351466165,9.757255965884731
39820,0.6879224194667336,0.18690239779224993,9.95947282632983
39840,0.7576495060806177,0.6589945900039824,9.733220598646945
39860,0.9282298929954651,0.40022728632293,9.973386937090392
39880,0.3729472092473034,0.36896997191285297,9.597071374367607
39900,-0.021906118485683135,0.03968361940646191,9.865704085145873
39920,-0.5357674566806774,-0.5168323667425312,9.751772049979307
39940,-0.7361421058217368,-0.39263011376139867,9.719946721485005
39960,-1.076166672927286,-0.4037459389943686,9.748913429653253
39980,-0.5917882087849584,-0.2161189011745873,9.688670769331942
40000,-0.20333067140264946,0.029470498937756655,9.672883117483497
40020,0.5337285975505256,0.2637441158144334,9.784591056452326
40040,0.8839052172354168,0.5330803164140139,10.011466726949571
40060,0.8515576551089384,0.4803170239245655,9.907970314485729
40080,0.7349866729706587,0.28075656417326567,10.001393924427711
40100,0.13501556665444958,0.0115930285835669,9.919295134200482
40120,-0.5406602938780202,-0.419165110325358,9.766690002233299
40140,-0.9919260182526775,-0.42863205180024144,10.000384611005709
40160,-0.9629561546319639,-0.5913262832513361,9.409397689827765
40180,-0.40261695105020096,-0.035104786197636184,9.522407968816045
40200,-0.17008781781001842,-0.11117007772261836,9.607576880650413
40220,0.4673005132522821,0.18856710520251732,9.788505156139355
40240,0.930774746200394,0.6355072896704916,9.94727440629101
40260,0.9174680984775315,0.6326163378395396,9.773804834967285
40280,0.5638699098129494,0.23483921654038764,9.837659698837111
40300,0.07082586691030902,-0.18292407769290261,10.168237682735137
40320,-0.6349175470062178,-0.40352945477595653,9.948071843992908
40340,-0.903888612534113,-0.6423999628198014,9.88382850494745
40360,-0.8953253060640946,-0.5477902536083256,10.12950145124049
40380,-0.7578871248846708,-0.16084478863377283,10.003185311135452
40400,-0.1478666794991635,0.06056558857300401,10.303488365740487
40420,0.689018249720006,0.4029326270875895,9.762471985767679
40440,1.129826391805434,0.4431152765319767,9.942775099250202
40460,0.8097685402586343,0.44740688381347204,9.931114204419782
40480,0.6849221386353396,0.2767845853530631,10.146929230258664
40500,-0.006351953162874644,0.0835901751623043,9.672171384345573
40520,-0.6266698328837141,-0.5176708082208488,9.928028232904172
40540,-1.150030309436285,-0.6728245995263814,9.6870595791258
40560,-0.9770622945863668,-0.6610484886175164,9.954830824235227
40580,-0.5796690901633189,-0.3574234450992391,9.925625766502277
40600,-0.058589142535430246,0.04939022895132869,9.546047906873664
40620,0.5864121993638302,0.21059226975012665,9.944435729019354
40640,0.8938126945389955,0.5108730825428938,9.991010022964742
40660,0.9657950388003891,0.746494670095,9.867554331085131
40680,0.4890237067333392,0.19283714322899398,9.649922813446265
40700,-0.05212977987362895,0.23555912482849292,9.978369319540732
40720,-0.6299121038759757,-0.32662733492399093,9.909205411799915
40740,-1.0266025074336753,-0.5573006481784872,9.621618435404562
40760,-0.9846100702956107,-0.8404093356300781,9.677750163835771
40780,-0.5568502830336501,-0.33704064569413494,9.817049036065159
40800,0.1568798494087149,-0.017396126311592767,9.838653650732784
40820,0.6609940014903106,0.5333282454128858,9.733755236041675
40840,1.0388120460384664,0.42296108534136806,9.773779848565507
40860,0.9541836183637615,0.5406609331619244,9.596356397100001
40880,0.5571640821834023,0.21670612623817734,9.588073129824986
40900,0.05252235083208789,0.0982871037164193,9.97481222454257
40920,-0.8186724572326183,-0.11026308088656103,9.786096117833916
40940,-0.9207466020359392,-0.5539592930131422,9.636620443437726
40960,-0.880795167849977,-0.5196663619962274,9.815808035940318
40980,-0.5344728509752027,-0.27471550321536964,9.749094403982928
41000,-0.04143535282547059,-0.107854332261204,9.879287306818169
41020,0.5141096912764085,0.34857770743528443,9.751210435735894
41040,1.0256635968109304,0.5304601192495122,9.781151387787718
41060,0.8651690397535037,0.462633932647438,9.83955895168352
41080,0.4539108369688525,0.5207696498015637,9.641633487507718
41100,0.04297861191259928,0.1088064298816644,9.92299045996898
41120,-0.5695011816737083,-0.3619830582738624,9.788162137061482
41140,-0.853167545247892,-0.7858343969899104,10.111089449434536
41160,-0.9267388412743732,-0.5437421811422839,9.747635806485677
41180,-0.23556865918304104,-0.36924853108748235,9.829203381025698
41200,-0.2014989645480281,0.06232559429525783,9.475742262455054
41220,0.46351350368595595,0.37057978653078527,10.177228454757643
41240,1.1875154282144178,0.6958679703895623,9.81222675116314
41260,0.9273598442301842,0.5643547594629974,9.682038898134133
41280,0.7089046679441472,0.3472631916935817,9.926699169096867
41300,-0.18504370841494677,0.03592012662242099,9.977770424289533
41320,-0.5854600374634871,-0.39565100721533936,9.852189665171217
41340,-0.8720208606484415,-0.35975815516686804,9.798176113766598
41360,-1.0661453896469109,-0.4700748546243599,9.73752099864326
41380,-0.7327214323209894,-0.32154210348801926,9.77587389987654
41400,-0.12662455892747962,-0.004281993435184531,9.973462920836958
41420,0.7745094666151217,0.46469907141638184,9.853667948977135
41440,0.9644070632489683,0.6201953622063306,9.646654360213857
41460,1.0346246972885176,0.657852546868201,9.365287535180611
41480,0.8130562841062741,0.34439188551566896,10.070058413908544
41500,-0.1713093236064659,0.023783538910707957,9.872580641869922
41520,-0.6808527864364738,-0.32655959583617616,9.586495470270826
41540,-0.9001604246872305,-0.6588409040262665,9.857717773314311
41560,-1.0610185566409422,-0.3775913717048351,9.627933646110113
41580,-0.6923731445497461,-0.1968847863013721,9.562102409393702
41600,-0.027244094429440327,-0.07475289910998985,9.92495428869464
41620,0.6467797986416254,0.4677250821752226,9.671744641904423
41640,0.928609119193487,0.7010200169238345,9.871984632054845
41660,1.1893577196035803,0.7271912846449224,9.864900700066828
41680,0.581442562164074,0.4542011155194188,9.92083575320246
41700,0.07486099885939547,0.12909846229520988,9.836339831924557
41720,-0.5250522566753657,-0.1336416164131001,9.901912547432289
41740,-0.9932464286624941,-0.8461319744416897,9.8677155345244
41760,-0.9643966035685526,-0.46685398385758464,9.711202119007119
41780,-0.9200566867232463,-0.3177292754280164,10.242494790882361
41800,-0.007021392696922606,0.033586917394316296,9.896130221576485
41820,0.6004066602204293,0.17731312912740163,10.000054381119357
41840,1.0987237204528695,0.47650473884886896,9.940806511059971
41860,0.7864366440535269,0.4384837522631426,9.674842587738322
41880,0.4468727798503016,0.26819899649451756,10.02572416041026
41900,-0.12945678103797045,-0.03071589070039137,9.505317264013172
41920,-0.38518535905221185,-0.34311492185390713,10.024928492927046
41940,-0.9893893687254132,-0.6356581936555726,9.904071052087481
41960,-0.8932093144045794,-0.4140258305997377,9.786693351282585
41980,-0.7087646435137924,-0.19309368363455792,9.622620544378483
42000,0.047749792334626846,0.1824833746184408,9.876379208518415
42020,0.6375272928834868,0.31705596698153565,9.984095837090488
42040,0.973154639417994,0.576931068813155,9.793718260730245
42060,0.907590813745728,0.595326794956536,10.035940413824555
42080,0.43678971897272423,0.4031351803180546,10.0312807484583
42100,0.10304196277449551,-0.23080572916156014,9.785855694317826
42120,-0.7791555559939108,-0.301508644057224,9.982803055715202
42140,-0.9110056808736878,-0.6503240856081608,9.807046535896664
42160,-0.9432233911313959,-0.5071815059309019,9.911276246528937
42180,-0.7321314034511075,-0.42378775200464097,9.643304576863128
42200,0.11053914604578076,-0.024614662231383724,9.857948396506242
42220,0.7875220864715736,0.39208151796104007,9.53793909551806
42240,1.1338899046611328,0.44539027971582595,9.748582835623585
42260,1.050026227101935,0.589455542770796,9.811973740993945
42280,0.41860439037998154,0.4091847988899373,9.764340225838009
42300,0.06208364342536554,-0.07714889487535813,9.844519829600747
42320,-0.8092699043360124,-0.31904111813559033,9.708291618441766
42340,-1.102252346107317,-0.45311058546711597,9.877533777332959
42360,-0.8254935184007417,-0.7693697376314528,9.769579673044992
42380,-0.6822456420530123,-0.4398154776702204,9.973118434978474
42400,0.029829109455401216,-0.0693509150941304,9.749467866872132
42420,0.5267805636377129,0.3249808789303336,9.435337780043486
42440,0.9374503835250325,0.7532045644085722,10.066857038098274
42460,1.0804441875776478,0.5686715851463983,10.0434679079076
42480,0.43520872903739294,0.26071726652617666,9.41593713784716
42500,7.828584553801916e-05,0.07881104492905577,9.711709909452669
42520,-0.6400359530530941,-0.3381161240265986,9.826451077119787
42540,-1.174225943620472,-0.5599314149151114,9.658733460125244
42560,-0.857206894563037,-0.5313366696585659,9.925966354047933
42580,-0.5529214067515745,-0.3415772085921232,9.852302009298691
42600,-0.03930850419583261,0.12044240844014466,9.54650660102023
42620,0.5074133951334137,0.31604320407171377,10.026485490370009
42640,0.9749590911839071,0.4986877235669522,9.659397767198113
42660,0.9411464160119541,0.5853821159750744,9.40065764219967
42680,0.4959175301882839,0.29542627781525227,9.818698622739893
42700,-0.009794009404548092,-0.05729831796516517,9.777935769784195
42720,-0.6815237001842898,-0.274422403184673,9.686057486954969
42740,-0.9644665658650252,-0.5643809670264457,9.600543231488592
42760,-1.0399338534296572,-0.5856177882021176,10.043061950785821
42780,-0.8084088631658756,-0.18353171938605556,10.067464688583463
42800,0.11441521499168932,-0.10106175164503801,9.88997685013577
42820,0.624298356938663,0.5485505383406902,9.982691580340337
42840,0.8126847657388196,0.7416874056702283,9.40623532902162
42860,1.0503677330810315,0.4841640637650574,9.91325131155328
42880,0.6870703073502942,0.5157531801550146,9.915051480911007
42900,-0.0039653042756034335,-0.11330179143657612,10.108917256565546
42920,-0.5701334792752344,-0.43476603371652184,9.471964793587025
42940,-1.0775087178275222,-0.4679041360058692,9.783486134282528
42960,-1.1116626603175266,-0.2003504201246729,10.068483236894552
42980,-0.593990805719858,-0.1481888182962795,9.665341682871137
43000,0.2761495698346554,-0.07250463315847978,9.730016585883382
43020,0.7488874812225247,0.2791571787648822,9.7533523203846
43040,0.8175802351378791,0.6213755962621765,10.040767510131142
43060,0.8918869846477953,0.38599945122224877,9.754215568338315
43080,0.6453186886048888,0.3522415869670415,10.156708710409971
43100,-0.06500270223924846,0.10167962360012198,9.898570017030584
43120,-0.6605012683911161,-0.35426470000591587,9.552682747593611
43140,-1.1449902187885876,-0.5285132438873075,9.996235825521397
43160,-1.0684954689637263,-0.5184251554336525,9.5789709808586
43180,-0.6612098933726217,-0.2803042705262301,9.809728007839242
43200,-0.17785421973122342,-0.031326343504168463,9.80578173155868
43220,0.5771166890730026,0.4286036971289123,9.305500461815395
43240,0.9452093864779006,0.4932259933351643,10.033637827462444
43260,1.1264451697278177,0.4633842401946265,10.038535562132846
43280,0.6754312883322043,0.45987312370831746,9.830755671699876
43300,0.09620344121955224,-0.0025382201018341348,9.919005776243045
43320,-0.4180162932684339,-0.5448449145993004,9.82716561058133
43340,-1.108176705776438,-0.5046571233473144,9.735185748924566
43360,-0.767950432023986,-0.4162070095798759,9.624347954882717
43380,-0.48148870006446076,-0.4151807188915705,9.70671909288171
43400,0.016857154499512608,0.02420856678510673,9.730978539183363
43420,0.6981165077766975,0.35687176761706096,9.886943162661456
43440,1.1450726302721317,0.48886011526306283,9.77995896429929
43460,0.7049419491862732,0.4261001781270681,9.899920425313738
43480,0.5092722269476258,0.2287639735752223,9.688320782807745
43500,-0.01388876762713325,0.007319618013562058,9.969402948255757
43520,-0.30943078941010066,-0.31416488311392854,10.096212985680324
43540,-0.9482149798195495,-0.532481249487675,9.84483981083248
43560,-0.8591047403288161,-0.4538272556223242,10.06157980077019
43580,-0.7716301628122025,-0.43291034005991086,9.817070566153657
43600,0.13455005632517777,0.05438380070238751,9.686022423788781
43620,0.47159181820686924,0.3538584551062751,9.6216324465064
43640,1.0586807745630935,0.44350487802150157,9.86210512754032
43660,1.0082952877443245,0.60087164834175,9.757896076255951
43680,0.7157726071462427,0.34571734513894953,10.140189891467713
43700,0.03514285181892342,-0.10890092525913933,9.7316224675871
43720,-0.528292229293551,-0.2455651387441672,9.788789876937699
43740,-1.1053075300962683,-0.60829210065267,9.964360962732096
43760,-1.0454936072628498,-0.4673409061020677,9.960695122679823
43780,-0.5808636391203518,-0.22189475796455677,9.597926819806297
43800,0.06344179228473269,0.1460067080011965,9.806312847237988
43820,0.8496080432618758,0.24925441206898044,9.78743870854936
43840,0.768846378817869,0.657660161071472,9.722175403510324
43860,0.9955583905096252,0.7810039494400153,9.86276174286885
43880,0.5638156794965904,0.24805147294688534,9.904419612886588
43900,-0.0363023681618272,0.014223956848367922,9.803797902969867
43920,-0.6964779603092565,-0.4054644783035031,9.55173211712859
43940,-1.119735459968129,-0.5343224293252057,9.462516615302313
43960,-0.8001350940431993,-0.5253346791291952,9.918567106083644
43980,-0.6703754177406296,-0.31849514953672714,9.7440933116665
44000,-0.0008683878697809311,0.006848103485197197,10.15924502315853
44020,0.4896854348824068,0.3670417723621132,9.74073486416787
44040,0.9847669119262836,0.5842083191720325,9.75103496050876
44060,1.1073473707448838,0.5671211776325927,10.119016953635528
44080,0.5365160372584501,0.29397142147121363,9.46637102292727
44100,0.19377202386593517,-0.25909968347889734,9.689257336597086
44120,-0.517250291272174,-0.27552216303422317,9.821048414190239
44140,-0.9792398408532922,-0.546794148602218,9.88211739361636
44160,-0.7657287076156419,-0.6470933698849336,9.815429695575528
44180,-0.5801169568081299,-0.40397604399998,10.058750166133132
44200,0.05386791381781885,-0.12978547834114817,9.7508716524257
44220,0.415670988593118,0.417530427419462,10.038068499625394
44240,0.9933473864798599,0.45232387379792804,9.61174551877169
44260,1.0674936610447938,0.3709092589717811,9.406370088859298
44280,0.4990210504966499,0.37243395462090845,9.703513447324344
44300,0.11835369660444328,0.0009518253539355642,10.025076787853695
44320,-0.6135650946243377,-0.46665881452073776,9.654498922649447
44340,-1.278874020563726,-0.7520131054834228,9.620104574110577
44360,-1.2024526525960726,-0.4559218982461429,9.617959023262989
44380,-0.7458769660312718,-0.4454781346247995,9.413513346469134
44400,0.020782647745325282,-0.175142636008081,9.844791796778667
44420,0.59116532032327,0.3680840443965287,9.710446222232331
44440,0.9995092261762092,0.5292135283790248,9.854594005501834
44460,0.9523205540383463,0.6374297593747875,10.048001795155404
44480,0.7124045738755309,0.2637230296089531,9.58684090333398
44500,0.005337193005007782,-0.02232484839948113,9.47988625141632
44520,-0.6126113723084151,-0.26039504336237035,10.14477143715969
44540,-0.8231338465800725,-0.7310868415971988,9.810254235451039
44560,-0.7304098673702855,-0.7550977015252828,9.614079248058495
44580,-0.6619768556482514,-0.321503782993984,9.882351296517491
44600,-0.10480981600264637,-0.02622544207630443,9.477356950378494
44620,0.6865805330053414,0.2079405972081511,9.726149583422487
44640,1.1073922990816505,0.56814322097077,9.692269627498757
44660,0.8952542700212105,0.5299064478206548,9.440629289671278
44680,0.9254210284349709,0.4033139504585426,9.756883953651915
44700,-0.12273223495134372,-0.035762023862721884,10.003696780651797
44720,-0.6457211649002205,-0.4412133015130484,10.265700178965846
44740,-0.7220806346765873,-0.47743488414256635,9.903845938847345
44760,-0.94239900418002,-0.7280636941422369,9.860867194259889
44780,-0.6280117589299464,-0.3042711406328868,9.871392255542037
44800,0.21973758064587923,-0.1760847589954118,9.684431167141415
44820,0.6802086040433645,0.4440305137069901,10.094585062580794
44840,0.7678914126859195,0.5463354751835283,10.021251449582161
44860,1.2015435465413407,0.34112437174024635,9.663664934975039
44880,0.5848074290355373,0.33378243959555626,9.537151473220169
44900,0.060256381715597905,0.1312702289473204,9.632899283172447
44920,-0.37999906911369724,-0.4652551801547342,10.013639348394275
44940,-1.1408512874655747,-0.42127353998170475,9.868788949621914
44960,-1.1442227586460225,-0.5531881381950778,9.638336792315119
44980,-0.580900188843578,-0.2870347158267541,9.71893598727653
45000,0.016325688704609733,0.16063241124977526,9.483894672946692
45020,0.6443615873910964,0.4434840130206653,9.8382893073513
45040,0.9882986651426633,0.5184196038645044,9.95500139283161
45060,1.038603070494266,0.5745732618348203,9.973888771649026
45080,0.412683106012253,0.4271166398505817,9.767943681960283
45100,0.1056161280771602,0.06284448421816591,9.71642584365779
45120,-0.7141673442099533,-0.38837529303210155,9.753808694046782
45140,-0.8245035338983521,-0.6512033471028268,9.508720271356943
45160,-0.9754127137023857,-0.6807341942623818,9.804927825350005
45180,-0.5051139474232808,-0.3256485154578881,10.341765869822513
45200,0.002504074740182146,-0.1129446670226201,9.847977613675026
45220,0.5813099650447904,0.43380151809373724,9.615454920396044
45240,0.805521430962068,0.7154217504590873,9.636866772322001
45260,0.852594700130698,0.5247229356070003,9.55276195868159
45280,0.45975683690198416,0.2815600015787467,9.73385813616844
45300,-0.13692497051183286,0.017465214791849416,10.020468684721415
45320,-0.4966524607723529,-0.20822694711189632,9.728196394496196
45340,-1.0195381578703198,-0.4659607284129746,9.827847173226315
45360,-0.7571414139890993,-0.5144059113237961,10.019951931188341
45380,-0.7392822046588536,-0.4827730320519652,9.812214296469154
45400,-0.044719393445470865,-0.041579563625053294,9.86467367488437
45420,0.6993207530197263,0.3935929065168752,9.99301516088514
45440,1.2016491495796338,0.45640321097067166,9.528565051770146
45460,0.9859356927844692,0.6408320233487761,9.795227967182235
45480,0.5258788310235274,0.41866909467830216,9.722475194056454
45500,-0.01777436962681408,0.07252132772139012,9.575796379786514
45520,-0.6186207443916732,-0.5468987475977598,10.020001479844172
45540,-1.153528124067059,-0.45002656220018067,9.857150644148117
45560,-0.881148837274445,-0.44576781876083316,9.821485688875853
45580,-0.4747840146292394,-0.4512265817503385,9.963506764733518
45600,-0.10305954044303696,0.16993102389675124,9.470741128006084
45620,0.48091315809676266,0.18214551123684392,9.766921131604109
45640,0.8879130579932458,0.5467022111176123,9.871391626667274
45660,1.0804798122079915,0.6448307364357305,9.845194307725261
45680,0.6075077275766136,0.06652768929510955,10.093057601826386
45700,0.0581192462834111,0.15845934833699984,9.50391249816759
45720,-0.7123173583672763,-0.2435026948257095,9.668612119402114
45740,-0.8488433293984486,-0.777860433016172,9.235487093335637
45760,-1.0977565726030016,-0.5468761109759172,9.848924223269366
45780,-0.5610974901088175,-0.462260033402787,9.658659916770883
45800,-0.1158588850066382,-0.16790492943988697,9.637055543879965
45820,0.554845201929905,0.28328883615724176,9.54428060552501
45840,1.1635972440967832,0.3287241855108267,9.870314673465316
45860,0.7994217588450321,0.4537816901741989,9.939890746767771
45880,0.48122816634186577,0.4891817552758393,9.637627323769731
45900,0.21146373937383825,-0.07559536832249848,9.762432703303725
45920,-0.4255117960618843,-0.2952665761568339,9.885371435314148
45940,-0.9885849080402909,-0.5926840961692286,9.839267789594881
45960,-0.7945838692040332,-0.5422836162994519,9.548585573273893
45980,-0.543963580904848,-0.34396239515746274,9.74193223025628
46000,0.12807976968366486,-0.016203191331187066,9.67070926096229
46020,0.594201244872266,0.5029322602394766,9.878419379065196
46040,1.1515541649502303,0.49720087791176265,9.82083294743014
46060,0.6107118902193998,0.5209080687320816,9.644228840661226
46080,0.5317245829854895,0.39496641904534874,9.65976801338791
46100,-0.07751057349148319,0.1733502527002687,9.72889137383325
46120,-0.6908120914997322,-0.41691409526049367,9.916042279340875
46140,-1.073354956284879,-0.6126827575343806,9.9695040112673
46160,-0.6984310319262117,-0.4637458068830237,10.093045141027048
46180,-0.7145974521341104,-0.35219644810011014,9.524656270233464
46200,0.26513632568068474,0.016840776552285434,10.026936647345112
46220,0.5736852374548513,0.43857635303636683,9.645793276286133
46240,0.9347915182689952,0.5916939519609625,9.854244387772976
46260,0.8317661190777315,0.7454887443122603,9.972005062824802
46280,1.06248177761332,0.4681402220231048,9.891753604331463
46300,-0.1083237136327471,-0.07737645090934694,9.763739799347823
46320,-0.662376116386915,-0.25085365182974056,9.825449240177548
46340,-0.9433818407631909,-0.8425857116070632,9.592298664489999
46360,-1.0695550922270847,-0.5074427988757384,9.53629571296128
46380,-0.5246109873067906,-0.38754909670194787,9.865412624452876
46400,-0.03344436704184864,-0.01822381849327859,9.896989321503701
46420,0.6445747886880191,0.24746900408384648,9.78866945476212
46440,1.1317873233993372,0.5316358044413511,10.102118142615625
46460,0.674385126025707,0.3771026144691295,9.613459221398122
46480,0.6854152005963151,0.37749025358061744,9.847152788525788
46500,0.30865834021223554,0.019222151429451967,9.509172100041122
46520,-0.6618390874862583,-0.35966670149442587,9.684128852360343
46540,-1.0994709695424987,-0.6033272491918672,9.61761755514061
46560,-1.0028422794449487,-0.6647146513888168,9.819815792441059
46580,-0.6820647415105909,-0.19321001965974385,9.750854934157813
46600,0.08704821853996922,-0.08697038711887685,9.883317127713783
46620,0.6694724819980014,0.22785539958453768,9.752629107110051
46640,1.000094227274843,0.4710958050270443,9.966159183836426
46660,0.9026684255085102,0.4049959096074581,9.807626656226144
46680,0.3488277636248626,0.2869865445080959,9.91010521920185
46700,-0.03838859758435919,0.09205022179560911,9.702519715143774
46720,-0.6357057153001422,-0.16257580234302046,9.850813229828713
46740,-0.9285194418534057,-0.8796169492816572,9.722493177609119
46760,-0.9912494010748993,-0.6076031039570908,9.779673383168566
46780,-0.4906863863123958,-0.34511545602591065,10.009089569097219
46800,-0.05237080518905638,0.06145343200936799,10.212356961718312
46820,0.8191852277399447,0.32014621284929995,9.75463110936996
46840,0.8015331074502718,0.2767991091174212,10.087555006449083
46860,0.9079465484141083,0.504292363747548,9.843671095471962
46880,0.5387665153518767,0.39908704655755917,9.797090732152956
46900,-0.01113247096581184,-0.22949354667119712,9.664577560771589
46920,-0.7407989958183546,-0.49895005317107266,10.180141501735845
46940,-1.0567644467786945,-0.6006610923782827,10.078062112499357
46960,-0.9309483054429255,-0.4684113899415316,10.190062979618116
46980,-0.5140265507140259,-0.027917043366702643,9.569346028721423
47000,-0.020468271531578437,0.03685353788280033,9.771358329973062
47020,0.5068678358447933,0.4571752223898057,10.191811851112996
47040,1.0325113253015956,0.5324335998351463,10.03561002271459
47060,0.9759172655431028,0.49756809778429256,9.809690611426861
47080,0.7735818150887123,0.5611026634217222,9.961687687910883
47100,0.13883575336597467,-0.07629662579920592,9.887768788366417
47120,-0.49327831265973754,-0.37316725195154626,9.854881036780421
47140,-0.9121761012899224,-0.43272723223043974,9.85709330146904
47160,-0.8312822280275869,-0.6204873542046426,9.650382905516487
47180,-0.7020129157331262,-0.46047237908926714,9.700733054996098
47200,-0.10563433424852357,-0.09024309193660261,9.922007201699683
47220,0.5090445697991163,0.5037869729731492,9.920866554798671
47240,1.1103901857077,0.5448412237285029,9.882006977542346
47260,0.8742329443145764,0.6078232026046889,9.839852048364826
47280,0.417638555774699,0.438210475879589,9.713588748728316
47300,-0.03670302665348249,-0.20089846808054646,10.134120067126496
47320,-0.8739232094936052,-0.35288650556303636,9.868895176779054
47340,-0.9160000569551549,-0.5594517018885036,9.904470918841639
47360,-1.067128398170929,-0.41087794072320305,9.5579861497819
47380,-0.8428187222408723,-0.42718131882190663,9.710092338759134
47400,0.1768380321945186,0.06896784762490103,9.736544504774141
47420,0.6475314512521694,0.5765775325819915,9.537746441528116
47440,0.8705658145404334,0.6465058797001189,9.919171987848504
47460,1.1581129043578078,0.5590687853921424,10.0780159611859
47480,0.5467844203711708,0.3017157084913706,10.113210950392563
47500,0.21026188446449431,0.07262088641589243,10.252444554536458
47520,-0.4878146476661876,-0.3537263014804761,9.46564553240336
47540,-1.1173910045213837,-0.6609615236055495,9.501571668301372
47560,-0.9767198699162493,-0.6232511007640547,9.548148438026285
47580,-0.7069831082345528,-0.5830576930486745,9.769859672761775
47600,-0.14473522227794064,0.03360972674479437,9.730133505395653
47620,0.5323003007236599,-0.014893059624698501,9.934835836806934
47640,1.0773764621641695,0.8655444384568526,9.725359904229748
47660,0.8644346095023867,0.46417151114467914,9.737758641891524
47680,0.5548212937523375,0.47210819223273987,9.906854907894795
47700,-0.042363915386276575,-0.1813690110197303,9.656483293721857
47720,-0.5054728176411972,-0.5532283972117406,9.649113919089162
47740,-1.0047985619856594,-0.37131406011761986,9.97184127781383
47760,-0.8271525597089855,-0.4775578231299974,10.111985702855547
47780,-0.7585718291027232,-0.3920988060112693,9.93501216299982
47800,0.18849330653770496,0.11752260687813287,9.632192528979603
47820,0.51762572418607,0.44763557794048947,9.329252600335101
47840,0.9869406079164977,0.542005855010669,9.983960079931212
47860,0.9733414405893037,0.5449632424583113,9.69787099137475
47880,0.45832527809402546,0.35133146714323077,9.796828147699042
47900,-0.010801296789767857,-0.015960708298896693,9.887052031992646
47920,-0.6482682386558939,-0.38069152224673436,9.917382592459232
47940,-0.9288461359147795,-0.5296181370573649,9.906778632440375
47960,-0.9907840366204762,-0.5616515929902538,10.28774647450086
47980,-0.5331529810753818,-0.29593708840588606,9.771699107086063
48000,0.2854314087970754,0.04609262463405605,9.936416462276274
48020,0.5267348392838656,0.34333519179918615,9.978316710279106
48040,0.9758510449772503,0.6427507911281052,10.088743410667334
48060,1.1320313202488606,0.5616642487628836,9.743057886772357
48080,0.6240929659351335,0.3741340818313991,10.057057500574734
48100,0.2500278298664539,0.16751995516369034,9.758671494339149
48120,-0.41015140538202577,-0.37067047168571793,9.809595123652544
48140,-0.8216261481010326,-0.3803892970888756,9.544775725836034
48160,-0.9446517318068757,-0.6810002085540673,9.684458954706367
48180,-0.46484819908414404,-0.47374824448248687,9.960919778175155
48200,0.1939679083411593,0.21567351559016715,9.911212471046944
48220,0.6533962691329996,0.1342091411030796,9.679493665112316
48240,0.7684656349554888,0.8221668151503863,9.979840022299264
48260,0.9505620437080256,0.6413395780121693,9.895955254904669
48280,0.6096249856449238,0.31269545675218047,9.655121146230018
48300,0.14719355976853837,0.28465222013202135,9.733170791334091
48320,-0.6613516688723533,-0.3453244140053317,9.38324088038622
48340,-0.7774483652744264,-0.5278430964316301,9.650737407704781
48360,-0.9801168676128209,-0.6890858686558023,9.683743947281256
48380,-0.5082404444817347,-0.27028020732327057,9.74085303708944
48400,0.16266325092639328,-0.06638894601434396,9.714701944390667
48420,0.4603810444256833,0.5170407221142317,9.874772783319449
48440,0.908213854261168,0.7518201388624907,9.765031169142214
48460,0.8854334831973193,0.6097922090325287,9.739583195105084
48480,0.4724337450132085,0.37573325165776394,9.689890363164027
48500,-0.010263178414450536,0.1438027000257944,9.629928511454688
48520,-0.5985096952136485,-0.31362071412410825,9.852975329913454
48540,-1.0284621872591084,-0.6967359798754779,9.658205924342885
48560,-1.0006274146597123,-0.5803882241617117,9.710821945279553
48580,-0.5712953544659822,-0.38031763075983865,9.738998771191149
48600,-0.14298347542859105,0.10762267171697978,9.718045799014197
48620,0.6363699138006708,0.3400893444605902,10.03150449941279
48640,0.8035165665816678,0.8067029269230725,9.611982656476275
48660,0.8910525167273001,0.3948388164711278,9.662238526348045
48680,0.6477579926712552,0.22965266567456072,9.93424661270821
48700,-0.06762199359418804,-0.04242793463903958,9.852967699749305
48720,-0.5286677068559916,-0.2920042071673879,9.842591861961896
48740,-0.9074234691321839,-0.5096043397802817,9.882689531862146
48760,-1.0204652988218872,-0.5448011103418102,9.959842314213054
48780,-0.511291569955436,-0.6060281910635431,9.797862129815941
48800,-0.11022595413800002,-0.010399052549263682,9.557024603678903
48820,0.6667619649995659,0.26062098399974776,10.019458427751292
48840,1.1612504446170822,0.5079733422294164,9.584612163539381
48860,0.9077896399442609,0.6516301694627169,9.968428405230538
48880,0.6677514374838016,0.23029325313555074,9.958280975892174
48900,0.11671202049558972,0.08758872776487966,9.933808104575501
48920,-0.39306452991750107,-0.32976448744227865,9.73901147987711
48940,-0.9260406405336136,-0.507685253368077,9.846383868412373
48960,-0.8493178555707572,-0.5606548241707504,9.828709210525805
48980,-0.5676432943703444,-0.1972562787089543,9.8382464281065
49000,0.05362963931474045,0.038738669035426915,9.831048039592087
49020,0.5339252490281328,0.18650732269116455,10.084699254937085
49040,0.9010996953057089,0.7280952512291121,9.770190127446845
49060,0.8086889387979522,0.5993422686055715,9.750789813163076
49080,0.8897924297054345,-0.05514715662136721,9.893404598309248
49100,0.0861863217126179,-0.06206151938227622,9.681235627330741
49120,-0.7046386161386574,-0.6902839585336735,9.79964857222524
49140,-0.9070310649901953,-0.5205063707378712,10.04772860671836
49160,-0.8685370010676379,-0.403461962935555,9.61422363225592
49180,-0.6979684918519349,-0.4351307388138169,9.409424482681338
49200,0.1419582171571379,0.1372690685476081,10.168247616257215
49220,0.7317723853138063,0.31212281918498513,9.834691538475141
49240,0.995527019487372,0.6976165824982938,9.946436203795754
49260,0.7906188284012357,0.3976605266534334,9.653481892803212
49280,0.4806649283147114,0.2366355477046433,9.665395000835886
49300,-0.2809107045317049,0.08678078799005845,9.840154901112259
49320,-0.527315772481588,-0.20735222330881894,9.57175558987297
49340,-0.9812790090958452,-0.2263502521628944,9.490879080296951
49360,-0.9122622190737503,-0.580484188743884,9.678406502027359
49380,-0.6829323395136974,-0.4998186661848535,9.829579990886176
49400,0.18354480689460045,0.1396946760573098,9.9530627278804
49420,0.6410765263467284,0.2792737948776923,9.696233507387179
49440,0.9956120525768276,0.5740390584598412,9.44685536765056
49460,0.7652202993529492,0.5905390321943275,9.96567304124503
49480,0.5479297674521151,0.18953642096741039,9.823258226506338
49500,0.1068031206563972,-0.1499670558110622,9.705149897033893
49520,-0.7622174672772725,-0.23905082858776203,9.73981309394766
49540,-1.0220828992710898,-0.3015709435723791,9.893602421373222
49560,-1.1546714135183278,-0.5931125634453294,9.910175233429674
49580,-0.5064710037539463,-0.4360612428737126,9.865751471424883
49600,0.08006830552107912,0.02534079041082333,9.874661749838555
49620,0.663281434775776,0.4230525008856319,10.184048947411098
49640,1.0650043449240496,0.614312532672717,9.693520922431277
49660,0.9681355858099279,0.7088721181926128,9.945182490003921
49680,0.6778993517875932,0.3856259225124985,9.83919437095068
49700,0.0625129642254269,0.12864635959409715,9.674838589762869
49720,-0.7413047214761276,-0.4682272644360033,9.936264277828217
49740,-0.9900845750923681,-0.6038702263361504,9.906880377814916
49760,-0.9678647099494909,-0.5007052381486978,9.936885779173954
49780,-0.4565548308797788,-0.4573031652712992,9.939305097663269
49800,0.11605377235239876,-0.004193940756608168,10.020594377516609
49820,0.7998746190810762,0.39641397833687914,9.65320801610143
49840,0.9652863674606442,0.5719691860416316,9.834522702018507
49860,0.8129489474528363,0.5626801180219846,9.607772981208292
49880,0.5418158126846709,0.3093111448748177,9.483433635712837
49900,0.20555904436775158,0.04371241908592838,9.750412006239772
49920,-0.6537004717038324,-0.130003362791068,10.27224360883475
49940,-0.9628556249911315,-0.5654903303129705,9.902109473743314
49960,-0.7983321935637534,-0.6924349700620405,9.894177080072877
49980,-0.5615601542673765,-0.3665961960251245,9.945344749771674
50000,-0.061001353785025234,0.003192021083999081,9.645158033392207
50020,0.5396100523121348,0.3462027354303617,9.579253755602037
50040,1.008713985031819,0.6970339348062802,10.022323100092235
50060,0.871135350441931,0.4810344300856494,9.880626896471117
50080,0.8181824314413505,0.32692245192119196,9.894795056363895
50100,-0.10838504405968197,0.15166873340604417,9.692920748216201
50120,-0.48620032090547616,-0.4773617422194244,9.635610402345344
50140,-1.1986424154255364,-0.6962881686160801,9.913338235589123
50160,-0.9222022460250097,-0.7134677131988163,9.927198679561172
50180,-0.5643101505565985,-0.5644351774599368,9.7363190553314
50200,0.07813315653406985,0.14042333304801874,9.671723467779755
50220,0.6293784437347473,0.43703426101100507,9.507726772822876
50240,0.9840364737127381,0.6572175696193503,10.038370138210198
50260,0.9590261255924145,0.5552148842660545,9.780037163431246
50280,0.40489039348454925,0.30996512489375994,9.856654361295055
50300,-0.1997580806505596,0.10128328990339515,9.553433885141358
50320,-0.5478496017845366,-0.5874940521332995,9.895820739802124
50340,-1.1246502780505931,-0.5663546623753947,9.628048151910598
50360,-0.9347977984712775,-0.6389768092086198,10.081500883265836
50380,-0.7802633930430125,-0.39307006133935335,9.582696264974638
50400,-0.022533801998277744,0.06474881077839523,9.717327973410018
50420,0.7209099457848737,0.3460739896417482,9.599685176999932
50440,1.0110843634029132,0.7285789436076864,9.773199329313048
50460,1.0206366891802174,0.48151361156969386,9.97655226002595
50480,0.555106304365958,0.43355695012031065,9.892127613116253
50500,0.02145060316801694,-0.16570929008416319,9.910643659039506
50520,-0.7432203310792383,-0.2583877552350178,9.708914750888713
50540,-0.9817533433755157,-0.4457259544474594,9.586641010329384
50560,-1.0996405380482261,-0.4585164378293642,9.641450507091704
50580,-0.5550223121368848,-0.4417927490586921,10.050095866936243
50600,0.11683255211827809,-0.16636257624804518,9.869294342825622
50620,0.5625188553334703,0.3571687035184585,9.731403464980575
50640,0.8460817358775793,0.6887966103482283,9.840093530739397
50660,1.0133107813233755,0.5657855368435957,9.66454024632094
50680,0.4082059969716304,0.5512830691901873,9.770883577776194
50700,-0.003996512645991901,0.017915087541719832,9.79371160912518
50720,-0.5729725093935083,-0.34232537653099104,9.640462291537329
50740,-0.8460766342937341,-0.5552528234260414,9.867822132070595
50760,-0.9570987070823983,-0.46724742120016327,9.622471367150933
50780,-0.5040665269587181,-0.4638030733869315,9.936231630524869
50800,0.05382483035192709,-0.005418001424753122,9.795107175425185
50820,0.3628851344379795,0.4453090074297009,9.90586997827295
50840,0.7980525884722531,0.49859364226971703,9.571184123799046
50860,0.8718999942003313,0.7527541155993988,9.846152763566725
50880,0.5094572843421553,0.3427116622974582,9.672702327439898
50900,0.08562538429132929,-0.019220357874380648,9.854030476850882
50920,-0.5306645372333753,-0.42950373049137763,9.695700810867079
50940,-0.9137597818892282,-0.6523558684742397,9.875306239271909
50960,-0.8105668538453922,-0.502308510025586,9.655743257065838
50980,-0.6767486298807054,-0.29805888993701146,9.594752538399723
51000,-0.14415901017812388,0.09452173829244118,10.041919589956706
51020,0.7847160379578353,0.42488308992448726,10.294147915755648
51040,0.867239312701422,0.5733134333250209,9.797711986914729
51060,0.8898034444607678,0.3955514937772467,9.693414197190199
51080,0.6103949833072573,0.403869667531092,9.713130130721908
51100,0.015337378593327166,-0.116713209480793,9.408235294542092
51120,-0.34394539795374035,-0.15739239180642925,9.887674103934138
51140,-0.9041051615177279,-0.5633760643487664,9.771808639604751
51160,-1.0590624867316727,-0.6083278044847416,10.025029332623756
51180,-0.5028688999485034,-0.45124017723339893,9.826154754740742
51200,0.018144036703876817,0.06921087325114729,9.808489636422017
51220,0.6092002713257412,0.240491388661952,9.684665850088027
51240,0.9917303728173238,0.4200535880467141,9.927043374456662
51260,0.9166514387211886,0.47384260224011665,9.587599563315518
51280,0.5445682027506241,0.48236099987055187,10.120235323834804
51300,0.06856012830090269,-0.039216635143684564,9.674264795960294
51320,-0.8973511812469164,-0.44033888980059016,9.880875926459751
51340,-0.7217188650861567,-0.7866773276098804,9.99902272961021
51360,-0.8772382008702754,-0.4394875083711688,9.673413410296522
51380,-0.573966010597181,-0.27650715050865493,9.76441485056379
51400,0.03987369504980894,0.14985461397429217,9.900953294389712
51420,0.6525921616421462,0.34393171994135036,9.75596763992642
51440,0.8981156202603232,0.4922178535817081,9.947749323046386
51460,0.9717770092852477,0.5707511165210302,9.771044842589477
51480,0.7047898205638348,0.3583571926328219,9.750709236076577
51500,-0.03210410088918402,0.06261962110442443,9.648863737731673
51520,-0.48891270149344546,-0.29705749162268374,9.615148849821232
51540,-0.8530431328598479,-0.6238446517227957,9.66321327638547
51560,-0.8464191215009613,-0.5363272188713781,9.856144900516114
51580,-0.5371220940958058,-0.6177202340561435,9.741145913152524
51600,-0.2044413748185006,0.018643708185911684,9.620748532877629
51620,0.5651811444780851,0.3942602703211725,9.907776568489568
51640,0.9857646093563428,0.22808784646536595,9.937593547291376
51660,0.8159042745415319,0.3732313193387034,9.90117292191735
51680,0.5747929823856874,0.24158308952864466,9.62890178596703
51700,0.005198381510195511,-0.1298319279313543,9.96697850015553
51720,-0.5783861041151805,-0.41990033231261004,10.064946603618525
51740,-0.902633033842805,-0.6192271621742628,9.812707566530433
51760,-0.9337703626946983,-0.44022238716453305,9.558843270186413
51780,-0.7216572944205843,-0.44672491458781755,9.622119174237515
51800,0.035858595341928826,-0.004897628552438577,9.86405139653018
51820,0.5121460770273263,0.4728588482341914,9.982898003390915
51840,1.2126058179572947,0.5997396015232146,9.695903942364632
51860,0.8827706032817383,0.34707934657608874,9.793135903456456
51880,0.4866060620525816,0.2228422192592845,9.685294004784195
51900,-0.07314384623626419,0.04873431628332751,9.577611241335951
51920,-0.6518163120346017,-0.3471064254771801,9.73736965746854
51940,-1.085546227360023,-0.5519972203620549,9.906956397704322
51960,-0.8163516614235031,-0.3801766432587721,9.644847212514696
51980,-0.6146628660355892,-0.32006108511600984,10.024130712270676
52000,-0.020489175401047232,0.08866988719710993,9.969574508458509
52020,0.5284137178306374,0.39058265997762903,9.591689082062251
52040,1.1907090117071444,0.6221650436713929,10.064202409203483
52060,1.1644079693042404,0.6885869276990105,9.883766486533798
52080,0.42968087254431026,0.1557307816608499,9.846388112966684
52100,-0.04760481007398357,0.1268879889573563,9.579607487178523
52120,-0.500455536205715,-0.3775279249972986,9.845037110663824
52140,-0.860221282692445,-0.7889438185615281,9.76625794420004
52160,-0.8400195867207808,-0.6023766158513792,9.872385240640508
52180,-0.7063653104406682,-0.4544050260577738,9.93422312153807
52200,-0.27748304769689885,0.20182491953237186,9.868318734269751
52220,0.6999407534810193,0.2651019552707555,9.790680676212773
52240,0.847771951123085,0.5317661013977215,9.761873520867077
52260,0.8884276240080843,0.4938186025358594,9.793991765950656
52280,0.5785680297002025,0.384804515215431,9.585465003768942
52300,0.025376436149594905,0.2882520984751852,9.908230007576684
52320,-0.7658407000638952,-0.37978473269254454,9.680155878384525
52340,-0.939238236050955,-0.6184891393308333,9.940754244746255
52360,-0.6266517860450891,-0.48623237225254484,10.064972773750988
52380,-0.585419028988315,-0.2646137268036881,9.82222547994223
52400,-0.020320426922930096,0.015557852036886692,9.644591888922946
52420,0.5174238600363525,0.3547969300727941,9.937982758178197
52440,0.9728032741912875,0.6517315357136356,9.444273943948602
52460,1.2326760094959908,0.33728981375004596,10.156009968787922
52480,0.7174337973329366,0.37055048608763147,9.610891097136399
52500,-0.11060446032754094,-0.08378961044697666,9.829806313617699
52520,-0.5452333744312041,-0.21683454357308737,9.931028374168916
52540,-0.9380200469114496,-0.5463978497316784,9.659576666028315
52560,-1.0955998229938637,-0.38445835861417316,10.014245158952535
52580,-0.3718311712265861,-0.28845405167665383,9.893620289586254
52600,-0.04640293684950068,0.021339698392362688,9.667171693900917
52620,0.6510820726628832,0.3229786801895207,9.960058711236929
52640,1.0459413294121092,0.5336753981194404,9.876326842075901
52660,0.8593826965072688,0.6544587984605299,9.7626351135347
52680,0.5225854740365117,0.4654442669687691,9.890565268431711
52700,0.10608230824110258,-0.12303616892280321,10.052162013590237
52720,-0.7505859293454644,-0.29606095330913185,9.738485660288521
52740,-0.8980848587218279,-0.538680955672187,9.847136564948716
52760,-1.1297630923077993,-0.28171969276642783,9.848557561981961
52780,-0.532985618992006,-0.3882437441997054,10.04539760456685
52800,-0.16313852782706387,0.021265725827768152,9.744958167099858
52820,0.5327296398424497,0.3201680049984566,9.810995848656049
52840,0.9677779859723381,0.37695529105018427,9.817548720779065
52860,0.903541646670217,0.4370128990576686,9.779373151535745
52880,0.6332812667212061,0.1747459595244961,9.929847305351661
52900,0.09881301399182622,0.045260411683520435,9.646868022797117
52920,-0.6198376458942654,-0.3789390724754881,9.698295959018296
52940,-0.9352292877705598,-0.44673327444442,9.49936726992847
52960,-0.8627141083433656,-0.48487505896403443,9.731059155395918
52980,-0.7509941106279814,-0.42184366220612185,10.018064594411227
53000,-0.1370073246629564,0.014828432119132942,9.62268330915693
53020,0.51740741255447,0.2565569964874759,9.694203492118168
53040,1.0490549644937261,0.4382352784258512,9.835792162194803
53060,0.9072906071395833,0.5275902876177614,9.71439869095081
53080,0.4129096209466819,0.2788851572053169,9.931518432582346
53100,0.2484715222491763,0.10052461883108547,9.677782471863226
53120,-0.7484529481584274,-0.6324627366309385,9.675938950164818
53140,-0.7437751785775858,-0.6398816755068787,9.819681580557841
53160,-0.9186497356506895,-0.5959294615710834,9.87722415913182
53180,-0.4192170698101579,-0.5594774906198731,9.822184235969551
53200,-0.15123773527253967,-0.2314519586753329,10.14997992483306
53220,0.7853722494503812,0.5363881288986541,9.87530244091521
53240,0.8287385608280078,0.49745349294679353,9.818512102111157
53260,0.9426542501259897,0.4928226351310379,9.638395357975657
53280,0.6511661799675353,0.26967314573738416,10.00099540596076
53300,-0.09317756087531756,-0.04900395492402922,10.089116304746923
53320,-0.6914138541484174,-0.3498538994570034,9.735829029962682
53340,-0.9862359625695816,-0.41426344801257886,9.976896675914409
53360,-0.9277527806449166,-0.5427943688639212,9.86375492620544
53380,-0.5975222086278832,-0.3751207374081826,9.860187053649433
53400,0.024705545390840085,0.0608405715935244,9.730276989434381
53420,0.5195320896395447,0.3330071681275798,9.7117684904603
53440,1.02133025109864,0.46060210242335564,9.940992954870994
53460,0.9150302209721644,0.2849688093919506,9.70832250696761
53480,0.5865976504014212,0.35215578092400535,9.578105879805525
53500,-0.19403683673842526,-0.00032287277923281606,9.739256651906157
53520,-0.49186362541053463,-0.3633974754145994,9.91244166118122
53540,-0.8201984128557086,-0.6091770388650904,9.899778531754404
53560,-0.953119228849627,-0.3405444845568475,10.051687895029307
53580,-0.7566287614132419,-0.15666085237251032,9.815512148480295
53600,-0.08487568771026777,0.07748515856613875,9.516503855965967
53620,0.5761091683361497,0.2391248840799905,9.859193813107238
53640,0.9056607302644218,0.5082975982639929,9.414004036860767
53660,0.9517742015657096,0.48316489088585124,10.270827678886375
53680,0.5423562859268192,0.12265055678065659,9.640396300544836
53700,-0.04805726069061432,-0.07612380209506171,9.734301840473131
53720,-0.45136676562429257,-0.3434183314360625,9.939674506635805
53740,-0.9974170029001351,-0.585664242179093,9.71740359864093
53760,-1.0150760566774675,-0.7464900433120922,9.636467270246511
53780,-0.45938387937306846,-0.2863489982095525,10.047548984389378
53800,-0.17672699538738412,-0.013861656471939657,10.12111457454836
53820,0.6713163129341762,0.35591586140718,9.705976627543022
53840,1.1324973003575751,0.7882904377983542,9.18821555790664
53860,0.9150900891011852,0.7795375623793586,9.55989841099243
53880,0.5842586074263908,0.19240707764141307,9.71573045285186
53900,-0.04068747076481701,-0.1774125203791083,9.918352457458667
53920,-0.43515130828919735,-0.3449832761584547,9.984807089145406
53940,-0.9775739736811676,-0.7946937554681548,9.839605051732848
53960,-1.054528224366109,-0.4410250360991635,9.745822149715867
53980,-0.4283409888737345,-0.19866783030851545,10.006117771730576
54000,-0.080974259170449,0.2836717656057139,9.671969519932954
54020,0.5988251586414975,0.45589733006711863,9.762209671871409
54040,0.890323366657216,0.5717418989092556,9.76709525145251
54060,1.0954210888384144,0.31369269126461535,9.757836253590316
54080,0.7405946518833406,0.443482562093366,9.723250401180703
54100,0.015520991758341025,0.11980565692697812,9.81064065800485
54120,-0.5606263492713321,-0.4079670766404585,9.931451167060061
54140,-0.8993481675518595,-0.3993743375893089,9.752780726970038
54160,-0.8957063736073222,-0.424596342960462,9.805794481790532
54180,-0.5663823309408962,-0.07651093283410804,9.828376755852243
54200,-0.047974956521872114,0.10389626801506224,9.75936884703421
54220,0.6150540510826722,0.4470400987766856,9.779885083258028
54240,0.8938496339595261,0.6236656554199237,9.933448808398346
54260,1.0274304228732158,0.5015299510453881,9.6553169203083
54280,0.7388109644529117,0.25871985401554076,9.696943216433894
54300,0.16372469704481846,-0.02207233058090002,9.67460960541208
54320,-0.49944221470210004,-0.4647440159798695,9.58817207460392
54340,-0.8654305019076813,-0.5534619212579148,9.549213336898887
54360,-0.9143427488397947,-0.5124980903859416,9.874240672806737
54380,-0.4034305962737817,-0.216232705802633,9.742799745313846
54400,-0.07567198483776903,-0.04028818442158162,9.63362764706344
54420,0.6460979540386537,0.39662279367776593,9.862598950309428
54440,0.8186722893482944,0.6192798409738998,9.949321853121138
54460,0.935299557986825,0.5309345334162895,9.748643702487987
54480,0.4879902589712455,0.3905119520559455,9.953189532745002
54500,0.2290142676610112,-0.03997176309499482,9.939234543274024
54520,-0.4404889985516023,-0.33240461272373373,9.82093967791978
54540,-1.0502642335785437,-0.5786287028100909,9.772496913814248
54560,-0.7710234844696428,-0.7149817083334223,9.562939640030741
54580,-0.6548870633115145,-0.6407977090014819,10.002027223262441
54600,-0.07269228090100284,0.09827517026920504,9.842302115417993
54620,0.5067904338789764,0.33503743824731574,10.25798697007625
54640,0.987914992586819,0.4319674083450368,9.962439558568812
54660,0.8975509287893041,0.601948058756698,9.730337063803475
54680,0.6017851975529076,0.21933884806483214,9.737980399091116
54700,0.014489049698874547,0.2392875976668595,9.80440618338081
54720,-0.31028439959420506,-0.3751970479054076,10.044967870898159
54740,-0.9407253531774803,-0.2434066650248214,9.772616058249401
54760,-0.7770961203358375,-0.2484126926022484,9.918207330485275
54780,-0.7194628626481753,-0.5946114156880323,9.58654125903356
54800,-0.24275291547763253,0.033758905530311474,9.545014231301462
54820,0.7193639967008878,0.3622986973308194,9.919165569801134
54840,0.9932396013379364,0.34194396110349035,9.709618317062217
54860,0.9355324426803769,0.52280556489833,9.812927729016323
54880,0.6636557125856689,0.3323568963619392,10.143640088504702
54900,0.24776334158728758,-0.0644911346371689,9.844630440511848
54920,-0.8329471847728723,-0.3383899419356449,9.835031071658879
54940,-1.1271034289157749,-0.5725050699878167,10.123797689395778
54960,-1.113349715855664,-0.5926427576839864,9.822572236716082
54980,-0.6130989345054924,-0.5611944404770288,9.723578802085783
55000,-0.06712427808359148,0.11221847968039497,10.10577804010496
55020,0.4691711481665514,0.3036289482153991,9.636324814426342
55040,0.925325482700437,0.5939088948166286,9.631188066897854
55060,1.0717452418586344,0.5284806558523872,9.667260253772778
55080,0.7108251583713144,0.5336759995720697,9.639507092368298
55100,0.07452474536257281,-0.019736800817387063,9.686410758072228
55120,-0.6511927419886205,-0.49689966966409793,9.746910819001618
55140,-0.8294322905584637,-0.28008582491955425,9.612605970351202
55160,-0.9135991948756126,-0.4130925996247101,9.623574798006354
55180,-0.5928914700421565,-0.07112267300274466,9.829215525602349
55200,-0.21491616414984258,0.1714993904763727,9.43354674405301
55220,0.652370957100506,0.45709191557497625,9.448164873861082
55240,0.8216230155826819,0.4850928804491104,10.1266918423871
55260,0.9289466344689882,0.6121416621731433,9.69904391626125
55280,0.9235136042246148,0.5084807674663016,9.914243851900137
55300,0.011614397913486079,0.15399066189526078,9.811936021153635
55320,-0.5704750797652894,-0.3042233380832538,9.787425910547997
55340,-0.9274226760204909,-0.6800217158440575,9.780888402088916
55360,-0.8255167872870179,-0.5192602651080528,9.88287207485879
55380,-0.5625367906360073,-0.28348975511720287,9.702242204470922
55400,0.04454116674051533,-0.01802170947798405,10.378410406908943
55420,0.5720092185178987,0.32141391556648985,9.898211292554203
55440,1.0038859474204094,0.5999570228876626,9.789566189025958
55460,0.8828580811208495,0.7647190705995741,9.69399649313928
55480,0.5519981875656014,0.3413725552441914,9.664528442709283
55500,0.034711394251847084,0.025210993648608352,9.95306033916621
55520,-0.4763085825005669,-0.4295058455425561,9.617579902676889
55540,-0.9970682570781179,-0.5457864079058177,9.874125249715417
55560,-0.9358741242325382,-0.5620804453786424,10.025025214840221
55580,-0.5716958488832699,-0.41898662313102436,9.86684906141664
55600,0.15042316034420322,0.04839501663659671,10.145774700487948
55620,0.569583144331583,0.16754616097935637,9.456597992224765
55640,0.8771945283577675,0.4412913457886938,9.741590841747463
55660,0.9416905458744287,0.6658263320937085,9.67141214617316
55680,0.6346714509827435,0.40284440797676185,10.326746666307425
55700,-0.00037141535466517114,0.11650696698564839,9.638368573217358
55720,-0.37577186138838153,-0.5261651090349291,9.99218710257497
55740,-0.8318889044911898,-0.40412551929239166,9.508706971499631
55760,-0.8118109474897778,-0.6761546539592926,9.770638996792782
55780,-0.7343365889597329,-0.4490558822463805,9.755816036948003
55800,-0.14172161009365578,0.02507368064370535,9.624904540715628
55820,0.7468902582006969,0.19113268095374705,9.801515592891803
55840,1.0871004287016675,0.7139117938202849,9.383692606274852
55860,0.9318647394286231,0.4168399132291002,9.482620784955
55880,0.4951735888762292,0.3528399594991823,9.912376580390523
55900,-0.1638447260887727,-0.05591894267452769,10.000133360241904
55920,-0.5642395238224559,-0.35846611473949136,9.589796881101888
55940,-1.0784486466784013,-0.5945642891171009,9.581484539837563
55960,-0.9135834058853204,-0.7783837540890222,9.578858952018102
55980,-0.6527896605802274,-0.38738212472065936,9.776836644913296
56000,0.08890348988948406,0.08068864162440252,9.792865529028395
56020,0.5851033937115878,0.3038375449437105,9.834438026816695
56040,0.8450192223519617,0.5473505994109755,10.05168163994572
56060,0.9314997500811769,0.4245833877781866,9.88555642392963
56080,0.46620588689505055,0.418621772392731,9.648394526698974
56100,0.2028303422956529,-0.019801273610142327,9.932296915064748
56120,-0.5325512757151216,-0.467597763314454,9.682865267292943
56140,-0.85066846165722,-0.5538005503805028,9.802017084091016
56160,-0.7378741557022495,-0.7018975737288669,9.846370471207234
56180,-0.6811097818323674,-0.20029319107039087,9.738901378119847
56200,-0.18616864183648518,0.0761349182678916,9.644661864310406
56220,0.5544142160291342,0.44912559142428915,9.831586161868064
56240,0.8516747439145651,0.6313544133345961,9.647127056265024
56260,0.9655754859644909,0.33938851825631733,9.78733260796938
56280,0.5428256647280953,0.3973663932034764,9.731346805747236
56300,-0.19091659174758802,-0.04898638004136178,9.5889171533588
56320,-0.44090252690947584,-0.4706508281040559,9.902328519831046
56340,-1.1444951267939218,-0.7092631804384039,9.886755676042506
56360,-1.071775182601606,-0.6089930744892108,9.590426068139527
56380,-0.46073603052220236,-0.5047139946177955,9.680625441976526
56400,0.025885671576572872,-0.10711164377782147,9.783271263349217
56420,0.5706341277840765,0.43297105729271446,10.009601902177488
56440,0.9571069668870474,0.7713662730820114,9.38669392231563
56460,0.88556968553573,0.49339089331247254,9.983183519716725
56480,0.5400418450402518,0.2266046570964133,9.7131123706587
56500,0.01216690236850229,0.09957872548430131,9.833048420785955
56520,-0.4993784923783321,-0.4879980983641824,9.866318544171625
56540,-1.1115964866718548,-0.3213006851197717,9.704537954395054
56560,-1.0311600257331075,-0.6042551532116505,9.816557769386963
56580,-0.6671470760022788,-0.3240720303078725,9.681337474388751
56600,0.007465568035437392,-0.0005080536333075341,10.103360575560881
56620,0.5427119059652569,0.3786803625122364,9.8197754930161
56640,0.8053033349515484,0.7612854031769314,9.799650427646991
56660,0.8182405085895391,0.7509677394929435,9.902471702640643
56680,0.7932906811827884,0.17643153294705102,9.738601960728314
56700,-0.3130836788493657,0.1378679082803263,9.92513226682424
56720,-0.6173332969007918,-0.4589549683997616,9.698825268226082
56740,-1.0467991699966386,-0.4330147385809751,9.581262438115617
56760,-0.9623370205538456,-0.4867194436231907,9.51309306335538
56780,-0.5629987028037317,-0.3479831911537317,9.50497520499072
56800,0.2807342123771638,0.1535418193441708,10.11937427758367
56820,0.5673628125144362,0.37032826538475844,9.675729488178833
56840,0.9614854920341127,0.38412627615035705,9.944500392513131
56860,1.096788661441893,0.6770989927435829,9.828842923751102
56880,0.4691352595449806,0.4019787328006343,9.842563568688448
56900,0.06438314944168372,-0.04641669677444795,9.686380928332143
56920,-0.6442228405356204,-0.31958577835674523,9.805089867046954
56940,-0.9988983281569161,-0.500978441309534,10.02326855137993
56960,-0.8085682991333826,-0.5030916776388108,10.024704031467612
56980,-0.5566962632024297,-0.3888593836977772,10.059748243019804
57000,-0.20846298639957456,-0.009681115013395896,9.70554289690687
57020,0.4010451089664961,0.19068858667547656,9.798643662916884
57040,1.1265074458330258,0.7151488990768118,9.662365502509191
57060,0.9973994665713595,0.6401660202521361,9.97837812203516
57080,0.681717808912297,0.3285862472064233,9.759612552809058
57100,0.0053008433082956065,-0.19028493837712654,10.192870641824324
57120,-0.5299417543154678,-0.5009654124997289,9.71029705447112
57140,-0.8770992856042431,-0.448966039596962,9.561621115272466
57160,-1.135858280020446,-0.43485403089090524,9.953453498899796
57180,-0.5008753454938237,-0.21403497785228762,9.566128216952121
57200,0.04062327128814196,-0.06051485569962077,9.865684743194759
57220,0.5496398498569833,0.3261936508074661,9.946858248730267
57240,0.8813857664651078,0.4013578173943394,9.813837563304414
57260,1.0723635147471506,0.38896251322420783,9.97885109816134
57280,0.4795504408247292,0.4390975448810259,9.504083015971126
57300,-0.022472611010209073,0.10293517893875725,9.769806180955054
57320,-0.8076445097567685,-0.2953736958293355,9.72241770605826
57340,-1.15293649693225,-0.8100489097374423,9.963868601361781
57360,-0.8941847523544032,-0.3297154087878851,9.93007139656634
57380,-0.6424504184198978,-0.4486225251261684,9.986186007079754
57400,0.008448607505074741,-0.1312854585937477,9.91194415970595
57420,0.5856441787902307,0.5097108320535746,9.700857678009958
57440,0.710612564509999,0.2883146246836898,9.688983535490165
57460,0.972554329969093,0.7570482675004763,9.625821978023472
57480,0.4936978036985327,0.32849172499165175,9.57528773745151
57500,0.04603941570223912,-0.22299209609225176,9.525380825195771
57520,-0.4844975942251934,-0.2509063812251609,9.658413186548152
57540,-1.11390696955278,-0.7271317928380605,9.931475935025663
57560,-0.8296886380482444,-0.6590187207345491,9.757086493006128
57580,-0.5497825047499582,-0.29129838321375967,10.183072871782755
57600,-0.03586681470997283,-0.08251959366645117,10.102217383292134
57620,0.5741892597761697,0.1757057988135123,9.769389486427439
57640,0.9249234375275278,0.7911229352574387,9.72040821366285
57660,1.0902232674369545,0.4996731777922574,10.11464584132373
57680,0.32683148261130796,0.364381740784767,9.844021270988247
57700,0.027842395158022823,-0.011385173640589778,9.943335524621995
57720,-0.2986297574496683,-0.2830733425243398,9.78644828992735
57740,-1.0416125632850155,-0.49060346419962464,9.65001435809181
57760,-1.047720130082493,-0.6006216147276524,9.956623600694765
57780,-0.47941556491029413,-0.25220193904683014,9.739485421682431
57800,-0.19105431410894763,-0.009442538344749006,9.556378132484259
57820,0.45954193779559543,0.28590445317511287,9.720494263427689
57840,0.9089586584880067,0.28225134111968286,9.825028410063304
57860,0.8726790689549645,0.5922829593108431,9.945879018868014
57880,0.37304591980981927,0.514613290781365,9.648899822712487
57900,0.033816373141416965,0.08407540081262484,9.842217233084453
57920,-0.49506116294792735,-0.41972007717216586,9.513311989168892
57940,-1.067328077704288,-0.4288959681660551,10.014221185143855
57960,-1.0184207667093845,-0.7041638291084736,9.956278631740409
57980,-0.5907235319103007,-0.40061905805246767,9.678903530393248
58000,-0.0002817034750853629,0.025913475259949408,9.71184557282519
58020,0.7563027553515579,0.10998655445717664,10.092429288128454
58040,0.7944559483336362,0.7594326237210894,9.842967143050613
58060,1.0495599178106896,0.6000691682658162,9.843423818900876
58080,0.6818261768798256,0.26267654279131664,9.887211760278586
58100,-0.26561160757440666,0.006142213027908833,9.754175003001341
58120,-0.674061869261809,-0.4528694816759013,9.842380651931162
58140,-0.9534143862272805,-0.6402440173654986,9.738002091532294
58160,-1.0784629162189623,-0.7153491075604215,10.022414058214512
58180,-0.6668491139544513,-0.23192861592380037,9.448930122175845
58200,0.08207393622076475,0.02173430194955913,9.702543852426112
58220,0.7705081853829739,0.2780125713228381,9.857747203223612
58240,1.1255981315251278,0.5096975433019558,9.921261519513735
58260,1.0451293052187058,0.5091832173060316,9.90989293547088
58280,0.8858992852347283,0.5143877888138102,9.748145466713186
58300,-0.02949907834479793,-0.05695338711806685,9.606267959207216
58320,-0.8361273037791501,-0.1841175890820251,9.507870310306549
58340,-1.2721176545456458,-0.520279314333641,10.038707423108768
58360,-0.8874967090523664,-0.6956364906190484,9.69691516700771
58380,-0.7872589414539347,-0.41191395635488937,9.905635425663098
58400,0.19065401672149504,0.08306283447232894,9.989297332009748
58420,0.6721672962536938,0.35040229552845925,9.887507135689908
58440,0.6472403042091581,0.5618918519255124,9.548395445368989
58460,1.215910295046391,0.5202684924923902,9.66345119808577
58480,0.7948473628160584,0.34471956644542306,9.342246399287035
58500,0.015173968810530078,0.15198733910267387,9.550822279248003
58520,-0.640230490241373,-0.5517029089649512,9.76649148577214
58540,-1.004547755036674,-0.4874462354817815,9.964224868035238
58560,-0.751105888261497,-0.4491002678607492,10.068398191355165
58580,-0.4421257529002492,-0.40455251972031553,9.772899493261177
58600,-0.05392603454367605,-0.21344246114915397,9.512317092176422
58620,0.5223590641798918,0.3259790632957003,9.645791033478432
58640,0.939869049800152,0.5138996078723956,9.639179601783775
58660,0.8733094728250249,0.5747232495864524,9.80380755819731
58680,0.5813381489072462,0.35509601153357284,9.952599085240672
58700,0.13685155196436036,0.10136442524919807,9.579020506738049
58720,-0.6181839209844866,-0.4045160962267127,9.746487686397868
58740,-0.9005877522966806,-0.6425153342349366,9.851400853368418
58760,-0.964653683388255,-0.7124572896987001,9.825789195252614
58780,-0.4895861023385367,-0.35185243239625086,9.861183842680052
58800,-0.32765975367530764,-0.17295268718556553,10.028514324780078
58820,0.45923248398681404,0.010522623889277383,9.646941073942244
58840,0.9088553107205299,0.6692054742087888,9.967201939999118
58860,1.1154326482726606,0.7579298040986648,9.739739482814445
58880,0.7310369936435794,0.2779511956509412,9.71152160746772
58900,-0.06268340427180563,0.03856571861136367,9.564520049337405
58920,-0.6430963212527578,-0.39147142237427485,9.644242529760495
58940,-0.8551102334656079,-0.34218006590367306,9.73041298156123
58960,-1.0280268396521295,-0.7510058232320068,9.97061504776672
58980,-0.5175583421901935,-0.42555444578465107,9.95956764199592
59000,-0.02897321340460875,-0.10356649316244088,9.758938501041385
59020,0.6072959880003589,0.23220783374212156,9.774373669613677
59040,0.8360229826807427,0.6440702213614707,9.770449802245322
59060,1.0997685097135728,0.5127329410188484,9.795031107494667
59080,0.8170001609718818,0.24493173137825114,9.750016725460164
59100,0.20295864514031586,0.05118187787799479,9.721494828568531
59120,-0.4705101139415838,-0.43343016165287296,9.75064743546695
59140,-0.8681773425091849,-0.6690580058509049,10.131610642341444
59160,-1.0009974367003798,-0.6274479388443943,9.484681036520437
59180,-0.5650574523146596,-0.31064774477377455,9.677495888797226
59200,0.05700016935798808,0.028593036388975732,9.603914612255284
59220,0.6511364645799596,0.22266786930873345,9.639717691956024
59240,0.7985765265960562,0.6415097884488608,9.394810168395862
59260,0.8762832972435882,0.38268758222899235,10.04880379736315
59280,0.4026652183951636,-0.08027631298947219,9.750960644030853
59300,-0.08833730509798146,-0.023438200653842278,9.506168732705538
59320,-0.4830412063854088,-0.35921614069378016,9.927903905335196
59340,-0.9873310782254516,-0.507579086286508,9.665527744575076
59360,-0.8261050384025643,-0.5803575592320358,9.857136627123781
59380,-0.6886981106128742,-0.2734280889126698,9.830911873247215
59400,0.001587419809090847,0.01035825905974445,9.943332205624984
59420,0.7397423002331363,0.3364455893504433,9.73306597546807
59440,0.9493701484390891,0.47127122742884764,9.674491598279833
59460,0.8015723587116677,0.7560946232819489,9.918685349608484
59480,0.39610552706580565,0.39821330603998467,9.905528858996483
59500,-0.0981352678707105,-0.030375925965624988,9.58282137721099
59520,-0.6576873381338871,-0.2416181911592582,9.71413960616335
59540,-0.9313278948827641,-0.521411518173008,9.570339342209184
59560,-0.9602986290794094,-0.5550228172057851,10.070996506880576
59580,-0.6238275398599055,-0.23549790217960337,9.756157838925706
59600,0.07888300417646271,-0.02274255977557126,9.830354117044552
59620,0.6031641431889918,0.41778582016081683,10.238600649595632
59640,0.9742820358424459,0.5036524136330645,9.850187843864498
59660,0.981101840479553,0.7679018163129467,9.804179039888812
59680,0.6552748937861822,0.2921473287493254,9.79115384048874
59700,-0.03457229228822665,-0.0770262890373559,10.124060847656342
59720,-0.2904281610397798,-0.4562675064376539,10.559388457506554
59740,-0.8131388310758991,-0.5351111123307499,9.867392687325045
59760,-0.9304029535372009,-0.4896247890732698,9.77425098072184
59780,-0.5167375993174362,-0.48409480965581464,9.539282060347578
59800,0.043200787505220495,-0.03322471806582866,9.86650748509288
59820,0.6154338603405163,0.42777740252590235,9.789076699603287
59840,1.133237304782794,0.6297839381401813,9.749798642481153
59860,1.0110743623078293,0.5805093031340111,9.895194670656187
59880,0.37687818699248166,0.29368726615482377,9.904124444352659
59900,0.10765771188450092,0.15780030481916404,9.704429878208146
59920,-0.607937362711243,-0.29729029569029874,9.875607069418855
59940,-1.0713004925052876,-0.691472822596944,9.974081383742963
59960,-1.0547432305537208,-0.562456455282868,9.65057101223518
59980,-0.8228280850410841,-0.2590960064977804,9.856799520860935
