t_ms,ax,ay,az
0,-0.23805734739616316,-0.007439898501408463,10.159285547761254
20,0.8350280446598627,0.4583289318874564,9.801371634600818
40,1.0422978188522602,0.7868006196280974,9.83260294770954
60,0.934464929726997,0.521070642527533,9.630171842290993
80,-0.03714810177217337,-0.03439254645022723,10.256243653437608
100,-0.8689000914061547,-0.2629176568190068,9.458053628406015
120,-1.1650457541401031,-0.892761107028162,9.984037552392728
140,-0.994499634686085,-0.5738444566326569,9.848573006351106
160,-0.27480269144119335,-0.030000278778117756,9.37499537104161
180,0.5824609168084578,0.0970861404379191,9.906861658351872
200,1.0459492266067298,0.9420314683204926,10.051702173701123
220,1.0340515714846146,0.3264975905731882,9.550915730260549
240,0.2723447293438796,0.2920189216290353,9.824219088965854
260,-0.40981598992704205,0.042246289439163254,9.984463466540697
280,-0.8591177959119118,-0.6536088351948712,9.70625183280135
300,-1.1001515587046122,-0.7423814720535458,9.547300884034604
320,-0.6789702881563361,-0.5115287227155775,9.804491405864185
340,0.10826631478236251,0.2671076499686508,9.68477240048169
360,1.0850450539029222,0.6075626389850052,9.86054446629623
380,1.4183919249659747,0.7439864271558714,9.377087443958823
400,0.6984384913383654,0.15112886558922195,9.869675661755043
420,-0.13625354176784288,0.2170559089334625,9.939902140382689
440,-0.9326417645886665,-0.34369812242714876,9.651939146168207
460,-1.361462279086517,-0.463741762329162,9.83836625947883
480,-0.7414836354248697,-0.5705071796863063,9.554479004199438
500,-0.3890715104310971,0.1325263237771598,9.66817787582118
520,0.7577106999982616,0.2629849846999799,9.744121957314334
540,1.190349710182908,0.8351253290508612,9.610168409609457
560,0.6947104008677517,0.4488764367128475,9.65006845053988
580,-0.11188899684408932,0.11358836244005246,9.80115524923605
600,-0.7590242612503726,-0.6103388893014869,9.488614242980823
620,-1.017227630394728,-0.7136354114419423,9.898725266880385
640,-0.9896238545953046,-0.5367777233120428,9.981373720027428
660,-0.2845937455301006,-0.37139863042385113,9.992450252992274
680,0.9613052396399747,0.3248759759015086,9.939219148788242
700,1.082499660142953,0.7671241465467143,10.000930608883747
720,1.184730973091085,0.6498386680045813,10.325448608858043
740,0.4754082852419379,0.4065144793324361,10.31325876319856
760,-0.26447795892250925,0.12580834294013754,9.4556514228268
780,-1.2328043328523983,-0.6342260954354463,9.875100456012737
800,-1.317121294421108,-0.5554383036450016,10.176080023307629
820,-0.5108972665844662,-0.5097309328350795,9.726851006263793
840,0.18521895336920735,0.30177071222830815,9.789102997331137
860,1.0774056419502478,0.5588451455737102,9.912580239155643
880,1.168234422097025,0.3585771569823695,10.1712724853981
900,0.8633016436104191,0.26755197657235663,10.156573266535991
920,-0.19932670362267635,-0.05030184203856637,9.669516483476247
940,-1.0856595013340038,-0.7677347798159506,10.281526137428816
960,-1.457401967580489,-0.7355528870311054,9.568590987771014
980,-0.7876276593025124,-0.2010281297750724,9.7183178351176
1000,-0.3141335259867001,-0.13272560254761698,9.434896422595974
1020,0.9604327225927337,0.5976490176234565,9.739680335787886
1040,0.9905521553400825,0.8285871040444498,10.17646324433689
1060,0.8303075067573531,0.7729571720713608,10.00021051725314
1080,0.14182295375205636,0.31219473346877863,9.595100995591688
1100,-0.7490293586070025,-0.3738370086517102,9.768533101949682
1120,-1.0179967485464876,-0.7252612754705389,10.186348328627616
1140,-1.110724456871599,-0.9179074708650606,10.061600082231136
1160,-0.14741165711843757,-0.29096133158432347,9.768852544819184
1180,0.5224448888063413,0.44057817798911336,9.899125448082657
1200,1.1941216051201602,0.6354680265348697,9.73782786540331
1220,1.2044214086791123,0.5683868139735094,9.765166008503506
1240,0.3595674111961445,0.35331904598685415,9.502050091820305
1260,-0.5180888930813278,-0.2601654064869433,9.703642714665596
1280,-1.181907415322389,-0.7208025617301429,9.96682597677982
1300,-0.8863794828696574,-0.6176533723705897,9.957392475028579
1320,-0.3724349512116504,-0.619284086141999,10.055729145783294
1340,0.26284195291942086,0.3104715050398572,9.870223747259955
1360,1.0912323971119724,0.549309253471107,9.947158903564674
1380,1.1362072552778277,0.8127311102091153,10.152129599708307
1400,1.0375209214172003,0.35453914659261687,9.540592630921994
1420,-0.3243929503567571,0.02031169261988701,9.959698330164324
1440,-1.0715072041197127,-0.6450170079122517,9.742393370913806
1460,-1.3402262813855428,-0.7601039057961598,9.803269586369524
1480,-0.6821470969388943,-0.562706127088791,9.991554471161116
1500,-0.08102210303214358,0.2522259381998259,9.91049221596365
1520,1.0519555254791093,0.45590848327347483,9.823342840240771
1540,1.3114155313025169,0.9894492349756187,10.042608815855289
1560,1.039394761899765,0.6101533407323803,9.60040237457714
1580,-0.13326810062274114,0.2069219376693045,9.604638248619857
1600,-0.8504593306503188,-0.38592928540235155,9.892562336354251
1620,-1.0012537477427503,-0.6594983991717476,10.080014862144965
1640,-0.7533371771777682,-0.7352836640923299,10.104427895410344
1660,-0.3144538930298048,-0.297010873474995,10.319018927041563
1680,0.7160575112872813,0.13320369573210644,9.558134727363342
1700,1.044898387656345,0.9198738405155196,9.866833057856658
1720,1.210128266056972,0.8137984261448673,9.856382749867931
1740,0.2952631047172548,0.06107997612115415,10.142071820725992
1760,-0.5111012132176114,-0.08338303994157062,9.53859250428686
1780,-1.2414365467179367,-0.7982227410947921,9.804678539827167
1800,-0.9108149930235722,-0.7187374229100614,10.298080169392769
1820,-0.6113526399889387,-0.5000643794356172,9.848368655221323
1840,0.04619904307120276,0.2964982282995666,9.996145569478944
1860,0.7041307548404946,0.7859122680690658,9.99580834853187
1880,1.3292474843276685,0.8478674000208177,9.973684861058446
1900,0.6502415677998495,0.7031598369275519,10.011365414461622
1920,-0.295850648769707,-0.2889745173405891,9.591368621922413
1940,-0.9297062260305152,-0.2811694665987077,9.681688364100664
1960,-1.1622944739628909,-0.8244285485734756,9.998680333599419
1980,-0.8179741008280732,-0.5758916776611422,10.173464908554998
2000,0.0658272271448435,0.24043997547882096,10.221024008285593
2020,1.0627990790416182,0.4015819399457372,9.534605819913544
2040,1.123768428251299,0.600376278760628,9.723561217190813
2060,1.0342135161246624,0.7644298647224288,9.453781730463708
2080,0.022436751794747606,-0.05553384874999544,9.833908151921502
2100,-0.5772280646504329,-0.4473256253064095,9.962732099506585
2120,-1.3499651109478903,-0.7247827154278828,9.980634543027918
2140,-1.2443528013497689,-0.8042218008975467,9.52977270477398
2160,-0.3200391763558385,-0.37097337668730607,9.842336226218592
2180,0.5154381928068846,0.2722730240807451,9.750373840560837
2200,1.0960557500619053,0.6776470400983645,9.810313271621977
2220,0.9935842644648875,0.6666590932973547,9.57723171788995
2240,0.46548458036260176,0.33514088213437376,9.781830157206578
2260,-0.6446640507815508,-0.14089871115112385,9.67386312772107
2280,-0.926451847065338,-0.6144012948873395,9.87389358034035
2300,-1.1014298542801042,-0.5162276523948304,9.899967426021664
2320,-0.3553747324944736,-0.2963457246309785,9.820402422377764
2340,0.1878388535083328,0.04825065402265458,9.845605149344294
2360,1.059193166151084,0.5787324575191619,9.912257719807942
2380,1.3481295932531725,0.5535493704583152,9.684782464022588
2400,0.6674932043099153,0.3617198951532025,9.55797643341926
2420,0.02220132483367601,0.16159070630759076,9.778467459018806
2440,-0.7040160319518423,-0.36855880971647736,9.934984269366007
2460,-0.9239876331626604,-0.6764225437480007,9.990464999451058
2480,-1.048632927061358,-0.6807169143415036,10.05730957651414
2500,-0.021876523193360742,0.20042128312310703,9.875115677816632
2520,0.7121250118213189,0.36808235186717,9.890098202481607
2540,1.4277824030348087,0.8054180775726691,9.28524536179062
2560,0.8388832992202817,0.7137559894519376,9.351689129394781
2580,0.2878924400235616,0.2377228731157252,9.468297657918976
2600,-0.5773718964735075,-0.6184501828768834,9.474706203388086
2620,-1.0270414786558593,-0.7287287292386497,9.980196626556216
2640,-0.9068124416801248,-0.9041546515896506,9.60063027945406
2660,-0.3524256494597254,-0.07580738522055454,9.577949062981991
2680,0.6791904781243139,0.21065853782588714,10.213355920433909
2700,1.1471359277844682,0.5256376881031035,9.827431599809884
2720,0.9714819516743406,0.5139633773226585,9.94455463434463
2740,0.7031238891552607,0.33840873961087153,9.471855938621513
2760,-0.2562710026339422,-0.1780910339999049,9.611252055309768
2780,-1.0710549459757304,-0.7041498810313126,9.664391308843648
2800,-1.1171242944608992,-0.8300587868119954,9.61974565281362
2820,-0.4313305230489155,-0.3029002475555654,10.015952272653731
2840,-0.0022567788560688418,0.30781847417729236,9.898821455507566
2860,1.046419360531143,0.662558602146437,9.889348874002717
2880,1.1434821309768526,1.1058073654884992,9.974225470997048
2900,0.8786329303842131,0.4657498313532948,9.847070578226024
2920,-0.10141670650848283,-0.11485366183592256,9.83302646267163
2940,-0.6254821924546141,-0.4627051052594576,10.093302941475715
2960,-1.309758296952921,-0.7398283353356394,10.087268663831505
2980,-0.8486534985065991,-0.508547631033635,9.759598478495256
3000,0.14421954917393434,0.10443568097321486,9.720932926510613
3020,1.106504743015854,0.3647249936173893,10.093607309958227
3040,1.0579622923617438,0.8470485099292512,9.909098043542608
3060,0.8918481593913867,0.4084805255825032,9.84757957109123
3080,-0.0674887311127319,0.18000557485806576,9.853460935256267
3100,-0.8554564602806624,-0.3318939444535849,9.4441950043058
3120,-1.0579180669082384,-0.7566790052546003,10.16057684228997
3140,-0.835965267455246,-0.5202500420414253,9.390698430881624
3160,-0.33097663801812727,-0.13768058440762015,9.506572276411466
3180,0.3822713138858349,0.016731550199250655,9.686181948198133
3200,1.1747345312783015,0.42260750263679,9.642413345348693
3220,0.9178533828363834,0.5472797346919867,9.985455559968129
3240,0.5052661664861418,0.5144885213692363,10.01336702427007
3260,-0.37542582842166905,0.04492635906121428,9.515588237307856
3280,-0.972536387500313,-0.5090969757673505,9.825530756869336
3300,-0.9558188296385386,-0.7229310729249292,10.057968698733308
3320,-0.3378969152686836,-0.5850212795908671,9.958329253996736
3340,0.12453887208469952,0.08130889366138133,9.99255716613193
3360,0.9261564519553369,0.5480944790507085,10.000455326294356
3380,1.1144849061768276,0.8347035352874703,9.792411432040431
3400,0.6329694640396042,0.34753092987927403,9.801992059965455
3420,-0.4298467009345225,0.004870612608871588,9.833704202172903
3440,-0.9305921023395115,-0.67696396980306,9.660991048136308
3460,-0.9994035397634793,-0.6837658755763704,9.630717545182259
3480,-0.8140878077317666,-0.5700051256734411,10.205186740967875
3500,0.035365825145697034,0.15660036104743336,10.039229218752377
3520,0.8464359928304903,0.6042777643269651,10.109025477040381
3540,1.3264988161639681,0.6490912934627646,9.937006198458779
3560,0.8304045035399589,0.603273033268164,10.056609932524303
3580,0.10325489115726211,-0.00939286736420629,9.69149706218021
3600,-0.7109469330957917,-0.570226702612467,9.862506329572762
3620,-1.2866469384127346,-0.5136033896395671,9.800626617803715
3640,-1.0690472039341694,-0.6676267572885828,9.363930952390525
3660,-0.288949925278897,0.04539405709455119,9.640758054423262
3680,0.5922206702572763,0.1761041190456173,9.848556197431652
3700,1.3651046669281923,0.8237422076783901,9.894595113770032
3720,1.1847384513829076,0.5951781687468736,10.245887822143112
3740,0.47823801537729943,0.32758889866632585,9.73680682876047
3760,-0.5338455231173368,-0.3458401490852305,9.942113583858685
3780,-0.8843372808056899,-0.39799131949474675,9.527220668607573
3800,-1.0101478111967463,-0.7728509016661322,9.657180792746754
3820,-0.4744335020886603,-0.3614190026069421,9.530877320423528
3840,-0.0179033606973657,0.15880655296300084,9.909984140899368
3860,0.9738538424326317,0.6752566014791241,9.648973078324728
3880,1.0527526671068679,0.6154184808122632,9.524881453661603
3900,0.8607870800334747,0.4438560585421027,9.595984880917209
3920,-0.23183520668536556,-0.0307609509352978,9.450756834277637
3940,-1.0182229826285556,-0.7463770880105589,9.61720929596004
3960,-1.2770133226020015,-1.0201055876793559,9.901798026125944
3980,-0.41993471408429445,-0.6668929193082401,9.891922468218688
4000,0.0778021397530473,0.04030102704513538,9.82064325465662
4019,0.7271888855180461,0.43017773437530077,9.574413608486687
4040,1.0568747965962615,0.5516875406360794,10.055126816691471
4059,1.1573651035543824,0.5521171594403975,9.893509528332437
4080,0.0858163858759318,0.06035352466752286,9.974719879534234
4100,-0.7105303281271317,-0.4346509373127022,9.634626991329954
4120,-1.254130953452517,-0.8645986502597371,9.50290412404358
4140,-0.6452763217705741,-0.7670239022474556,9.959949282634858
4160,-0.23594915611356468,-0.17449114868021812,9.324001260478186
4180,0.6642279376653626,0.6723454128937187,9.580930926277375
4200,1.1243046315069123,0.9094794885135287,9.82645416937531
4220,0.9023637693214559,0.5832474676952394,9.727883619604878
4240,0.4782703410640753,0.35960452329618225,9.987170581832205
4260,-0.39422305541907443,-0.19304946523701524,9.801913905763286
4280,-1.0946692714193078,-0.5950332679607531,10.003425723280476
4300,-1.109340926812248,-0.5858723765756024,10.05386056877868
4320,-0.6000743062557268,-0.2503793783579482,9.416920666037507
4340,0.05099359566003339,0.009636640915261036,10.277011151821073
4360,0.7739239066645531,0.6781398311161887,9.378485515410869
4380,1.1803181231569009,0.7894291589630056,9.202439012606048
4400,0.6175876562583871,0.24795742180072183,9.672583371349917
4420,-0.2122853107288996,-0.26237355351316705,9.826945638870102
4440,-0.9991363226637421,-0.4141580798434701,9.647639221892652
4460,-1.2391814568926853,-0.7673275149454517,9.886920714185496
4480,-0.53157305461848,-0.7699715179753391,9.658845700480164
4500,-0.17429760201441014,0.2864781844127838,9.998946528986858
4520,0.7839138587883409,0.4627638058720081,9.606452251372755
4540,1.3572546413027127,0.8145279383372104,9.676588831750651
4560,1.3331003085597681,0.3257077986591475,9.631361907797668
4580,0.13751922441189987,-0.005212035449753669,9.66182868030869
4600,-0.6172487098095839,-0.404922681143686,9.981394166187197
4620,-1.2709961105400922,-0.7000498803723866,9.743448743190893
4640,-1.1091727573504173,-0.5940980656996647,9.913937142087123
4660,-0.2401399417732312,-0.22909018317640611,9.910502772685977
4680,0.4603815340081201,0.5091391519363581,9.746378482696905
4700,1.2740372291904292,0.8084601183649622,10.120291870854746
4720,1.0612769803366757,0.382921950980052,10.049816806447726
4740,0.2947370474295493,0.48782843749634697,9.156254915270752
4760,-0.43007604138924116,-0.4951606436419282,9.98582458599382
4780,-0.9560828673885331,-0.7220969717879808,9.875051608216944
4800,-1.186986411696265,-0.615165413545217,9.962520185410726
4820,-0.6040675663067763,-0.3346790510143605,9.748116180022514
4840,0.22191919532767285,0.18592392045686737,9.691244485006271
4860,1.067665437742146,0.6251771462653436,10.075689169581995
4880,1.2027978106053732,1.063992681077646,10.00162005793889
4900,0.8294066456185788,0.18988947544072787,9.956337436093195
4920,-0.408064054535913,0.007630443729872316,10.343126671271287
4940,-1.1600785434421959,-0.5599107888864924,9.97904217472407
4960,-1.2466412994118101,-0.8758852729311845,9.799359512189843
4980,-0.7653050725548309,-0.3270102807631492,9.535614434703223
5000,0.03567091261463199,0.16835321100492923,9.619450425379696
5020,0.5882140442212215,0.679974941574673,9.72218490285946
5040,1.2707602982783064,0.9445931056694091,9.703563114596943
5060,0.8877126500364008,0.8091849472678729,10.051462877992593
5080,0.2960022799251746,-0.009446219689883892,9.871364432985656
5100,-0.7782637205292976,-0.4067369629024869,9.723494644688312
5120,-1.12522613418582,-0.6485742990933993,10.042475498869592
5140,-1.044263028487578,-0.5144036008973163,10.036930118067906
5160,-0.4961463695686448,-0.1907951310350165,9.773442276858383
5180,0.6491395366618771,0.3214293913021514,9.70894979789798
5200,1.0910046229662884,0.48620663842553447,9.687286644661825
5220,0.9114280468406044,0.6819345980573627,9.447559661160511
5240,0.7642116770970884,0.6043087747697856,9.731887893992573
5260,-0.2904598437255669,-0.3557253422930536,9.472723521803408
5280,-1.0356152382977275,-0.37337086459514296,9.465438638131738
5300,-1.0172271087240314,-0.7813154145324278,9.919086396835892
5320,-0.5379560867373419,-0.4054798025224443,9.859210187789872
5340,0.3759765527230086,0.04825466592141317,9.941666812991585
5360,0.9032867668902513,0.5731995925158694,9.534208836276408
5380,1.3656544975512548,0.6264450473501417,10.08568413050773
5400,0.515040554501888,1.0656763327548813,9.845597530422735
5420,-0.31972105051761857,0.08777907041685086,9.688493604201723
5440,-0.8163209659021035,-0.7256832389590013,9.924044972726145
5460,-1.2131435474574968,-0.5045956656162425,9.6610867523397
5480,-0.7516280761744647,-0.5085943498467766,9.85214027781458
5500,0.00654912649594709,0.0978324789102629,9.955104643300102
5520,0.7962759387846137,0.46474095547487015,9.520783861524018
5540,1.3489854800201464,0.6141382355934566,9.74533329723313
5560,0.7348900741307922,0.6253421215231838,9.971866116655105
5580,0.19608168678176502,0.25340964992209736,10.05330719423643
5600,-0.7515832846890272,-0.26272433479919033,9.5440462519174
5620,-0.9758078030036987,-0.641302598039951,10.273417748065777
5640,-0.9967775584327858,-0.7522012103768473,9.85059502530904
5660,-0.20882261333382912,-0.29487863775084766,10.206602247313304
5680,0.5276839289860185,0.3856924881140159,10.047596850875978
5700,1.2517155420673858,0.7013282949196593,9.619072760604633
5720,1.1333861891395263,0.8086649523055578,9.879442973661467
5740,0.16094546356199735,0.4740355757688386,9.794998729249604
5760,-0.33025196982682326,-0.472364506566345,9.838841000089255
5780,-1.1621835106994418,-0.6113200595983909,9.850664990591445
5800,-1.3049765083147489,-0.9093283853024947,9.414774004702595
5820,-0.3445942350177432,-0.27844920999654926,10.096724641885693
5840,0.5296629166033326,0.15838585945161646,9.334026738135199
5860,1.068613261740041,0.6128318332875816,10.02982780912295
5880,1.3249753621790348,0.5288151826379228,9.920100233699051
5900,0.6622285362283831,0.4464209425594441,9.973874443019884
5920,0.03763266076197297,-0.09138758620419725,9.761133682274847
5940,-0.8952949715705233,-0.6887599259747316,9.942197453053945
5960,-1.4477600203662004,-0.7665180950356318,10.0889866744802
5980,-1.0707574254503578,-0.4741282025865169,9.549968926257371
6000,-0.028480631323624054,-0.0035673819699620656,9.327862849458855
6020,0.6031422878155592,0.3544751403566776,10.133643666694468
6040,1.0284124869208582,0.9865927542390104,9.81397092904546
6060,1.1551748363520866,0.5473037087381994,9.494236845102566
6080,0.10082052899817553,0.15866697988770567,10.373082335046451
6100,-0.62041746860661,-0.49577550749935684,9.773841270475247
6120,-1.1690624456727223,-0.43539021991755966,9.791425734638656
6140,-0.9243358803102378,-0.5878886973316393,9.774468122882261
6160,-0.2916547002005669,-0.38690314774398105,9.599235715437125
6180,0.19859852238316733,0.32845550308352395,9.682733573252694
6200,1.3171796726779106,0.7714796947467383,9.552719348695152
6220,0.9189203561081306,0.5674092930003579,10.296452839852988
6240,0.37976348801944027,0.13428625365533237,9.397856993947864
6260,-0.6151692695367694,0.03943995774557968,9.8759458272948
6280,-0.8024336022368089,-0.4613028583240473,9.492330010038732
6300,-1.5878073186711155,-0.8848399704019408,9.954759915135469
6320,-0.37235704518376467,-0.28848392335322537,9.601812358000053
6340,0.398525830173053,0.12868808182068983,10.09017283528571
6360,0.952942981202049,0.6602381159392955,9.302448536927113
6380,1.1163529171523803,0.742671013898368,9.530096277487651
6400,0.9201774886875034,0.24628660911984712,9.652279658350166
6420,0.1954373248500633,-0.060904007570481256,9.930787014623844
6440,-1.020798769798287,-0.716802890594888,9.641839571997517
6460,-0.8399995387938821,-0.5878350095923307,10.135151175504102
6480,-0.8344364695439864,-0.3242285108082935,9.541446588791562
6500,-0.09699617627817254,0.41663754290187704,9.884200088359353
6520,1.1159050739392518,0.5146485320016257,9.778572472043528
6540,1.2653331361244893,0.7187183237170999,9.84123313097284
6560,0.8639808994046027,0.6586015794172886,10.271226316661977
6580,0.25883510609654437,0.0022554642937623604,9.921375419759556
6600,-0.7914730621571587,-0.4019013990735897,9.719342593211536
6620,-0.9640103711316275,-0.6581943365957494,9.832431277277763
6640,-0.9842395809435832,-0.6403836259386834,9.686721746039286
6660,-0.3562368012847376,-0.39392608525090506,9.516826626288921
6680,0.810038010726395,0.18683835631412937,9.631059882893199
6700,1.2436162083379014,0.7543478943002969,9.762273869219324
6720,0.9284803191648568,0.6200061054565627,9.596647675099366
6740,0.2748383412416602,0.4579247470890803,9.816231189982926
6760,-0.5057693069242548,-0.24594914988933872,9.604534077569621
6780,-1.0198692690263251,-0.5244444488036399,10.030599369264447
6800,-0.97776286866834,-0.7187469598994677,9.579482362554103
6820,-0.7220999782039497,-0.35436108304725406,9.710144608373028
6840,0.4280994722482738,0.2701629436369716,9.95530505161716
6860,0.8809131440181469,0.38572547167127486,9.928196546001567
6880,1.4148107043649885,0.7697351676944407,9.546663175707776
6900,0.5383875732049432,0.4866984235457239,9.864489298346049
6920,-0.13635659047885448,-0.17312881484385642,10.068452633721893
6940,-0.5699349400429659,-0.4039064662520937,9.516077645922117
6960,-1.471116553433225,-0.734450328458521,9.532669343649827
6980,-1.0441589252049654,-0.5414813299870297,9.931394064422124
7000,0.12432307317120782,0.27555397044559754,9.772454033905769
7020,0.8037379181010879,0.17423594992874764,10.161606327932555
7040,1.2835182952631445,0.8204630708279945,10.074630910476564
7060,0.9426723566952891,0.4967983913872787,9.568595177225431
7080,-0.009306858963753523,0.10266571432674762,10.090501614097743
7100,-0.769955393689163,-0.5322793030090162,9.73955314935039
7120,-1.1881184844025117,-0.8830030990310792,10.109790837381174
7140,-1.0043341218079145,-0.565370069140872,9.867787543427097
7160,-0.16560103779886343,-0.3078454535515489,10.199972126266562
7180,0.5778181149080326,0.43564138723002666,9.917517516192937
7200,0.9812852250475643,0.3756934803761656,9.742016555846392
7220,1.0125255704541654,0.7579156199308185,10.00577743906951
7240,0.3723807327139184,0.22536342543604804,9.707308447544357
7260,-0.5155140271327621,-0.06322772912232585,9.858713946452879
7280,-1.0543293186292162,-0.6394971100508342,10.140634793994876
7300,-1.2405171039907585,-0.5956334296664324,9.857768281295408
7320,-0.31721664232453234,-0.507671065135715,9.900688267766524
7340,0.3398977201492041,0.15112174629822328,10.03876195479128
7360,0.8648835758607606,0.5080758592688186,9.643386200102277
7380,1.0876389485517906,0.9514321372612368,9.780634243458538
7400,0.8105446758501823,0.4185569592901034,9.713757829346664
7420,-0.13953087725333121,-0.13510918957692533,9.493186765750703
7440,-1.1724281013479385,-0.33717643373528217,9.915389056012623
7460,-1.4918289208315723,-0.6301467142823851,9.607401034909788
7480,-0.7639402132132761,-0.5941854853780394,10.1449839082234
7500,-0.13081232202514437,-0.09499337780449281,9.853091791769476
7520,0.6584510646466047,0.4236258544720137,9.430091920349092
7540,1.155465828465629,0.7818891643839039,9.50718750386534
7560,0.7897366051896275,0.6825514333324418,10.1738291585125
7580,0.3316352486481484,0.09991756126824011,10.09637181049312
7600,-0.7622985101068197,-0.32896761508616174,9.435695107434894
7620,-1.1223511146140066,-0.8863695900561267,9.741448912983035
7640,-0.9089422900773082,-0.42550271473492274,9.602130312266343
7660,-0.3597663005106053,-0.0010811313492755936,9.634827271164424
7680,0.32967925175946555,0.46057430060002,9.953944282158943
7700,1.1168162256908514,0.598022616490044,9.966577880575343
7720,0.9122791576692942,0.7519216106387352,9.430647261725854
7740,0.4548906398226382,0.3816755583560082,9.725742767540426
7760,-0.39450844248413375,-0.16837439629927226,9.5860496801632
7780,-1.0932660897435433,-0.6567519509253817,9.751658045924682
7800,-0.9816052561354247,-0.7195709835267012,9.89682284098319
7820,-0.5824792496735353,-0.5386371162404702,10.055342122556493
7840,0.38550879251851444,-0.03440278018351581,9.84092689684459
7860,0.7896057621835827,0.5728557039403717,10.23765808327272
7880,1.0087312032028637,0.637906928055916,10.091090722030627
7900,1.058717316874862,0.412964665970792,9.7309575788164
7920,-0.043444314431438646,0.029970769496651853,9.7418749393654
7940,-1.0707080443855435,-0.4552647466073341,9.580430683638552
7960,-1.0422424216434352,-0.8969707508307658,9.621344508229598
7980,-0.8788557363105598,-0.6802322632464964,9.91864893747018
8000,0.25051692167526246,-0.009324939939051348,10.058513649103576
8020,0.6285973094091539,0.4598953033264589,9.68496278416703
8039,1.0737219112341747,0.7779583181168594,9.71888110480364
8060,1.0327657828392278,0.6792210160851989,10.039226156708299
8080,0.23615060852862474,0.08578959729738257,9.742248640579065
8100,-0.4636116855591429,-0.313557550200252,9.227659503289264
8119,-1.045916718621824,-0.6815698692601639,10.270262127801569
8140,-1.0833730626308802,-0.197603133102094,9.73272331704905
8160,-0.28546581299839063,-0.030245657670175785,9.688454284272911
8180,0.7751636473920532,0.4659439263163514,9.933173179090067
8200,1.165562200662184,0.6620233844742217,9.811124245385232
8220,0.9812433357022451,0.17980725539667747,9.555191384558727
8240,0.37658161538767043,0.09047035826593341,9.944439772288474
8260,-0.38069799920699027,-0.5490390911883881,9.871219241053314
8280,-0.8787056885758503,-0.5681630458749208,9.953206034554457
8300,-1.2935750063240226,-0.5359081738437116,9.836924604200528
8320,-0.3259228677600594,-0.4568920937172951,9.513063046912956
8340,0.5500050187941261,0.21770147203630358,9.970245354106146
8360,0.8135364013577482,0.43257126554914027,9.847556555248605
8380,1.3710260195864847,0.7964118070342912,9.761728575099623
8400,0.6710201287961566,0.43572682406582186,9.991822117612005
8420,-0.4920756443242218,0.001083379425659503,10.11446185077271
8440,-1.0885727700684134,-0.6106170635249747,9.654938636995695
8460,-1.1679060208187144,-0.9394968337652172,9.754498467529126
8480,-1.00063116723256,-0.4369472359439061,10.021688387363799
8500,0.17554992909931755,-0.09521738320003321,9.62647400893574
8520,0.8710574929766086,0.7020959412328015,9.744787515448085
8540,1.1845755250562615,0.7859346108128936,9.8992555155029
8560,0.7144055085027912,0.7157934845724678,9.902384794877987
8580,0.23132555480069095,0.022553035749716968,9.976689251389793
8600,-0.7699109361339594,-0.3134980255947328,9.56226527942206
8620,-1.2370566100983584,-0.7307606353273082,9.667899101929361
8640,-1.0209898122848593,-0.518947033993136,9.784072986035378
8660,-0.14432487987402204,0.07336834985841117,9.584322377147299
8680,0.5746682087423556,0.3761464094439244,9.95230884570574
8700,1.1176305575629275,0.6952784553493631,10.069079011180873
8720,1.0552919526361024,0.3840988925286475,10.024353635495299
8740,0.2609969265646483,0.36913662858588936,10.073476697563825
8760,-0.32192981487418204,-0.24780351400944894,9.445913887491221
8780,-1.3195237036005234,-0.4456805983230657,9.55615969710128
8800,-1.2201400498301078,-0.764345311069211,9.70565588991972
8820,-0.39824748993320414,-0.48110502964832924,9.67023427412095
8840,0.37533658543306736,0.35202097568852664,9.481916353378166
8860,1.017423522416442,0.42568455752609774,9.714285917689613
8880,1.0419429437809637,0.5879258130458569,9.696788506903797
8900,0.5290635642431365,0.3242368515752573,9.719361094368578
8920,-0.32210262490696673,-0.06491092903473843,10.309356065272986
8940,-0.9397100716066678,-0.5248605222664688,10.16858029920152
8960,-1.4721605126825479,-0.822773496766105,9.941326435855075
8980,-0.5282046134075611,-0.6070877841807623,9.793802021119118
9000,-0.029891287463677634,0.21678047323474128,9.755947719268356
9020,0.5838526518320551,0.41011738825703486,10.104672677290734
9040,1.4567113561780038,0.6590107471988508,9.651544249985426
9060,0.6624379999374905,0.7520149060398293,10.012576794978942
9080,0.27687556385574874,0.3154348232251408,9.767919462061176
9100,-0.4623336217334125,-0.6158776532818334,9.748974701388946
9120,-1.2970991420983569,-0.7046952417504249,9.707380660931786
9140,-1.1430873484168549,-0.5887710484469023,10.037699151794946
9160,-0.39104561007608696,-0.3074268643356445,10.012468283969715
9180,0.5568863031578302,0.49055352698975085,10.096607813984672
9200,1.0910235674987807,0.6843921977460354,9.44021538606768
9220,1.1328669936129832,0.8295306715206647,9.391050530777186
9240,0.2435472285571437,0.3320033491202401,9.72165569415691
9260,-0.645123323511823,-0.5643728585794312,9.686536612293304
9280,-1.2512035848916156,-0.7127815379074729,9.552093139000133
9300,-0.9448480368885777,-0.7823704739156903,9.582900409537507
9320,-0.67716038614298,-0.36052731606690236,9.902835663215045
9340,0.19638121648633805,0.38032460366901166,9.703654593396777
9360,1.1685657620105552,0.9208050835701165,9.850748334244887
9380,1.1405495491847053,0.4485111078650099,9.941288471929811
9400,0.6419443580121521,0.5148296617517144,9.667249541760139
9420,-0.10075474157845798,-0.2882518232848713,9.82014694315658
9440,-0.9383120844880505,-0.6096315711553026,10.050854038894114
9460,-1.3063235552970773,-0.5829673575463414,9.67152113940224
9480,-0.859562950185618,-0.34460024730268635,9.45053383534337
9500,-0.20732471915915673,0.1419870715785074,9.799664009553469
9520,1.146869000175084,0.30946455984197696,9.411153109624587
9540,1.1238089710122052,0.5325844929251544,9.553267691880341
9560,0.8370630266251861,0.33594818767061996,10.489407914724925
9580,-0.20672745022568262,0.2706974524434627,10.23046015458705
9600,-0.6766791704562382,-0.32389146831530724,9.768411657417609
9620,-1.1032916601547904,-0.6614362824922709,9.518869567165112
9640,-0.8388814133493556,-0.6269216178449825,9.37490377408762
9660,-0.26589216639757934,-0.05533156672789963,9.387842908263357
9680,0.5240428857664086,0.36945645472208105,9.569316889367242
9700,1.1841862101982248,0.6528219362322017,9.883867715734986
9720,1.1853692671047462,0.802477629322947,10.07134608000971
9740,0.600333846324063,0.37245729936844374,9.869167003312349
9760,-0.5455592547549533,-0.2641860506370346,9.779078213949736
9780,-1.0579209603371649,-0.4761829046536862,9.634146765101484
9800,-1.2228599836046434,-0.4679396197324913,9.89844505136358
9820,-0.4817603736887192,-0.5680419896750573,9.52967435606041
9840,0.22039123365744473,0.29408448642922674,10.078089388278999
9860,1.020255073913286,0.5851279671332745,9.691086105191006
9880,1.3448235176688423,0.5374722785885051,9.82478251420039
9900,0.7380644034685542,0.6380292816351368,9.672699817767626
9920,0.08169062055844103,-0.3251447958319159,9.761445450821848
9940,-0.9769715098156148,-0.3047975435750896,9.74150576671739
9960,-1.0873858313621543,-0.6386820410384625,9.670918073425174
9980,-0.6464391744920207,-0.64625283234379,9.83165328345632
10000,-0.06381106817674193,-0.12551704937381636,9.598305762703244
10020,0.7606568899579174,0.32090573429049246,9.808345060758008
10040,1.3769116225008853,0.8535838329139264,9.802133794291949
10060,1.0805432197072946,0.332826417888863,9.660654708612011
10080,-0.08663137123091122,0.16812817281208972,10.140384995299042
10100,-0.7494954202399483,-0.5295779423120568,9.662938910200085
10120,-1.0464980413791651,-0.6361548261266399,10.254824498060536
10140,-0.8532963000896158,-0.5493985689681006,9.801844233202354
10160,-0.11018900223240555,-0.3773064187740845,10.041925219362726
10180,0.7159546181580944,0.4870601763840441,9.859410877034039
10200,1.027801422387695,0.5045687790334652,9.75764934068531
10220,1.2062713253038462,0.6720446824941266,9.91913779410704
10240,0.5984281473713109,0.09570310832615869,10.052184318846743
10260,-0.6805720398238868,-0.5113284892896555,9.722833094880764
10280,-1.1544899070071477,-0.7652601065275179,9.54186406304995
10300,-1.1335865283150284,-0.4871765596569341,9.975982161149584
10320,-0.6825214961904672,-0.39870577157122694,9.77720235554274
10340,0.3583875052387501,0.08624018340994728,9.473006589838397
10360,1.249709081887727,0.5402389656786745,9.443895114793106
10380,1.2950277546501026,0.8089746892999852,9.528421616809199
10400,0.8262759224382762,0.12644129871223098,9.970798329748034
10420,-0.09168055602943384,0.06963507442747756,9.854232969892252
10440,-0.6550462653367266,-0.587776340811409,9.694819991224149
10460,-1.1853063339982381,-0.4914454839171001,9.863090102574738
10480,-0.7144521345734635,-0.35755156528152643,9.847551766266296
10500,0.17288708194322772,0.0663349990680326,9.692584121984893
10520,0.7505984968406939,0.10978673728830435,9.990595103673552
10540,1.1559191176620325,0.4394161829919533,10.032546268897939
10560,0.9723682896598197,0.45787889171261476,9.68242408141721
10580,0.250495098944649,0.45197457240547745,9.660995402195967
10600,-0.8665824198896611,-0.31998275896716766,9.837122327441854
10620,-1.3627962472745903,-0.8923762677474353,9.865226025101846
10640,-0.9042843430855384,-0.7719869974532608,9.627250493469191
10660,-0.1978610057382051,-0.22072763916509336,10.409581963042996
10680,0.6975928539093634,0.315224179256883,9.55828369725913
10700,1.0256713108862843,0.750178876949128,9.560785772743674
10720,1.1525398387748775,0.5561648385019875,10.126134201109645
10740,0.2966142695078838,0.05578642580499568,9.750680104030351
10760,-0.5230968736877811,-0.07375402306448439,9.54018724122587
10780,-1.1854368215758773,-0.7451739937050039,9.618540398776817
10800,-1.248751634071217,-0.8193095826363568,9.642044826736873
10820,-0.991752796746902,-0.4574002829357899,9.672361341379833
10840,0.1122025209015872,0.14502238341437895,9.486618787501364
10860,1.0276814741406222,0.6154643189130348,9.45710159725585
10880,1.2534282397746366,0.643702786590516,9.46218246269334
10900,0.8109860535617107,0.21160133109304272,9.666382614232447
10920,-0.15611610317461996,-0.1234953339145837,9.646125101802427
10940,-1.1136353364306042,-0.4480886160604598,9.501255824030265
10960,-1.1469976940829163,-0.785200943150942,9.683277885467742
10980,-0.7037251209564358,-0.41960175037725234,9.665586453556516
11000,0.23188001176833015,-0.20702207987068164,9.895240386394544
11020,0.8711163659569225,0.4565479609884485,9.491463805994595
11040,1.1446121382519903,0.8993560506019638,10.045522703832924
11060,0.83910107183796,0.7105616904798264,9.91621488567619
11080,0.031064160381333736,0.0746378565230286,9.686200705049831
11100,-0.7981873604154214,-0.2905198055567384,9.631421142641027
11120,-1.2309337936293885,-0.7560304337490261,10.073122320827819
11140,-0.9484143048539723,-0.7847428072076598,9.6494897061791
11160,-0.16955406553306757,-0.30389106274365474,9.878703196755286
11180,0.3375693391708793,0.4916598316860554,9.967589587533343
11200,1.0476639077230585,0.9585250467275641,9.849580097217853
11220,0.9975804347385404,0.5026206457708575,9.986978123927893
11240,0.1825880781174452,0.3993806537433602,10.022825430962445
11260,-0.3696571119927176,-0.5057041107817839,9.408485637676314
11280,-1.0184161413904276,-0.5947824853496945,9.806985406280411
11300,-1.1888496562067,-0.72451295470138,9.74538437161881
11320,-0.5499608702974559,-0.4574155024828097,9.691560253255608
11340,0.2619506312153876,0.10678603141251677,9.821622091828674
11360,0.9721516520685377,0.3599982606825451,10.175524952147931
11380,1.3348227976603155,0.48262460974736543,9.77134554035072
11400,0.8004725121282255,0.29758058488980654,9.430352980666784
11420,-0.1562196323505743,0.03867042625738325,9.861197418820312
11440,-0.997477589204681,-0.5975717393556192,9.89753720023753
11460,-1.105002872367147,-0.7344965828435696,10.010822042850581
11480,-0.8496842009428611,-0.7112706333593507,9.35010357991843
11500,-0.1570855438410176,0.008693777913720292,9.609178728456849
11520,0.6347370590903831,0.23727714306489128,10.022322308550399
11540,0.954892025309645,0.793731047617203,9.84294952896871
11560,0.7745817988053891,0.9876873331082319,9.37414802945419
11580,0.09527928940261371,-0.1540464962376913,9.627980267085167
11600,-0.8224681620226079,-0.42759141249207355,9.864113467653052
11620,-1.2234503918385764,-0.9045113061018171,9.791480557338529
11640,-0.8218667188253733,-0.8149993950722688,9.704977203028143
11660,-0.37067803477187794,0.07231808810528884,9.909835619961102
11680,0.429821409532986,-0.0037518642920446044,9.860822821981998
11700,1.07183919014549,0.5123751422269114,9.924647373798663
11720,1.1419378400575018,0.5310401221783418,9.564945483803468
11740,0.40210059946997667,0.23357438585792922,10.113888133438593
11760,-0.4115715636081594,-0.572153278041367,10.1315864354534
11780,-0.9389036950126807,-0.4675354474280459,10.057410686475441
11800,-1.0936495185530744,-0.6332847907364201,9.473980647237134
11820,-0.6558555636776519,-0.05559728485831805,9.807722314322996
11840,0.19848021559679857,0.25410401747448896,9.964938732235474
11860,1.0454561880097246,0.6579231659553987,10.115913798240925
11880,1.431896236686356,0.7997361282589729,9.897203333407496
11900,0.6566899373417681,0.3008480873176617,9.87272476057466
11920,-0.04491306758047625,-0.2903394231075908,9.525761459172895
11940,-1.1509916692543933,-0.5809081153678184,9.803530239015656
11960,-1.317056633347422,-0.9413753835125758,9.674378233431788
11980,-0.6950600490986842,-0.6345310887847861,9.823510909898316
12000,-0.17657190224127564,-0.25651948490927984,9.67795781517145
12020,0.8823262044330036,0.40801706905022006,10.141489109597664
12040,1.0982810950193453,0.6109056383945527,9.996630982984167
12060,1.3341465706019286,0.5724207887006041,9.639827157704524
12080,-0.11309488246946817,0.10037405012987793,10.18675860688831
12100,-0.561372721141423,-0.6420584423973722,9.612567359488356
12120,-1.1249883993660719,-0.35868679589560315,9.776895503944802
12140,-0.9896165007137,-0.7782667400314308,9.859877134503916
12160,-0.18112663563485268,-0.0554125329538865,9.486619083627225
12180,0.5136196047426054,0.07009303597516414,9.957503380845433
12200,1.3838785716684774,0.7337310993505555,9.661148506275952
12220,0.9462450935246187,0.5333133472860836,10.156186901479296
12240,0.7346637898472608,0.1834505897567723,9.643305921257825
12260,-0.610499554721089,-0.257246361429819,9.85282817631968
12280,-1.1585652270528315,-0.7493007568559795,10.206040837290795
12300,-1.08614324598909,-0.21662092104403075,9.604324031699946
12320,-0.6107119957982303,-0.13300320902827587,9.597862170040878
12340,0.2438743646984972,0.0780228589004057,9.550992269135994
12360,1.0160106394457054,0.4906909976773625,9.965877326717383
12380,1.055210140413643,0.7791483850905576,9.930477420094359
12400,0.8018341922251946,0.23055153092014127,9.43168407772513
12420,-0.2692818101453907,-0.1765150357875243,9.869255227306805
12440,-0.879975981423416,-0.6711030241648872,10.087111458478832
12460,-1.0629065894822856,-0.8191288823611188,9.729500424845758
12480,-0.8986434351096645,-0.33020844349359757,9.403482563381438
12500,0.10397758849797258,-0.11250591838974966,9.86804650678135
12520,0.6802798356826997,0.6071789658372378,9.621494772898078
12540,1.2413775180799451,0.672089776542261,9.482930059799726
12560,0.8856812811097409,0.34764576799064434,9.694328363611865
12580,0.0790410251947717,-0.34397692097497745,10.042945171816486
12600,-0.7626816781770697,-0.5065965998057411,9.904515417330028
12620,-1.1905496937023097,-0.5941498157870246,9.66332631456936
12640,-0.8652539150168719,-0.608568262973559,10.069185801536003
12660,-0.5963663474151859,-0.07637217544438908,10.040055379402133
12680,0.5938936468543751,0.394517386517515,9.892345856438872
12700,1.2188840431879975,0.4390049695918168,10.041840533032795
12720,1.0960184005674645,0.6677056860662474,9.651984357481473
12740,0.5630828006766573,0.39553759493135465,9.988331204948118
12760,-0.331812877336418,-0.22782928721629048,9.829121141360465
12780,-0.9181779840135633,-0.3858128270036299,9.507432766671698
12800,-1.0825453087974533,-0.7074706378007929,9.779340930137458
12820,-0.5401991537936783,-0.5118117780492898,9.796347269738456
12840,0.5192998874487667,0.3217651566995654,9.804247755384598
12860,1.0839554501897204,0.5470266995778216,9.57864269826689
12880,1.2202957535565366,0.6669829333898458,9.975594938130035
12900,0.8680646711457998,0.30289635511474394,10.200629002710077
12920,0.0964828717334065,0.26079127258064194,10.140475514667592
12940,-0.7080240864957297,-0.5727386499683871,9.483521893397677
12960,-1.2221801437182476,-0.8386026254592889,10.015938705286331
12980,-0.6518661509685918,-0.37677225533588954,10.02775445801741
13000,-0.1699564716349464,-0.23235913677088282,9.854747921665531
13020,0.8472611400853824,0.6769159459097376,9.493176431536678
13040,1.0772361849462397,0.7613054351629991,9.753386611316142
13060,1.2026513704380348,0.5452203873930794,9.86873488493923
13080,0.023135794671012677,0.0034835870449276135,9.536422208125593
13100,-0.7239567655682129,-0.4599622117420702,9.60398733511596
13120,-1.1128785811998467,-0.7054355447169434,9.489478598395687
13140,-1.1265584581467332,-0.4117660844308353,9.731325864870325
13160,-0.3176056631779301,-0.14827426540077773,9.915663422572283
13180,0.6298263773410923,0.2784115466605396,9.662107020276617
13200,1.5723046324380754,0.9648697285321988,9.546554603213295
13220,1.29329089199618,0.6261323759692099,9.917245183730177
13240,0.6006831518662025,0.15768707470414967,9.80676735735759
13260,-0.5244547965600417,-0.2081205663841289,9.985006581525665
13280,-1.2215888744717125,-0.8682670941882145,10.11890993454775
13300,-1.330946878573511,-0.6358196712149059,10.340545147780917
13320,-0.5070952015658184,-0.29039168891188605,9.853464417014601
13340,0.1570883392738088,0.007968562937297863,9.429434397788253
13360,1.285743446058376,0.5179630905174567,9.824644115102025
13380,1.3712997667636577,0.498014441057423,9.725598423416306
13400,0.6749317936555573,0.0983166606298802,9.703367929316988
13420,-0.33721903574038803,-0.04136299666269263,9.648963857605986
13440,-0.7494320770912146,-0.5933162961156997,9.58320418244004
13460,-1.1719351310827864,-0.6389613294623564,9.481762636834578
13480,-0.6588259326873107,-0.5715526754181501,9.762026850635547
13500,-0.1980445822055033,-0.06068761181034672,10.02150316138167
13520,0.752581148827616,0.5504213835567091,9.668707217681343
13540,1.3560138814184814,0.5807710686220471,9.955173169114271
13560,0.6756387453861262,0.6518240377921798,9.822305443641111
13580,-0.08544542593689075,0.28441286037994307,9.964381418681628
13600,-0.8305406428211813,-0.6333596291987421,10.379858410530792
13620,-1.0002278953423922,-0.48461939557697137,9.900765564554188
13640,-0.9988693796810952,-0.5789592711118735,9.813760217997542
13660,-0.14250166256850025,-0.3494072857928219,9.683910740984569
13680,0.4282529686711364,0.4660818867340721,9.73117846937538
13700,1.2385261782934998,0.7775742753198314,9.487152772442329
13720,1.2588501673494676,0.49300538772391606,10.159613647356505
13740,0.46390046154450526,0.2531324890087956,9.693297780355982
13760,-0.3199567721069449,-0.010757637767059625,9.933923935518711
13780,-1.3316356165502152,-0.5727971937444275,9.77742704292643
13800,-1.2202123226066437,-0.5256684470753115,9.89180133517538
13820,-0.5612389912525645,-0.20455837407483,10.237441695726126
13840,0.2873849353460543,0.4777420250811384,9.928172019559675
13860,0.978265733894577,0.7755231821366034,9.652674194265707
13880,1.250040993321092,0.6546271902282219,9.953285428183323
13900,0.773545971140402,0.5289681084919481,10.176631704944334
13920,-0.20500027559913245,-0.11397182276496526,9.601580510132761
13940,-0.8891712714906705,-0.6461234015130517,9.715131965704142
13960,-0.8476975159427302,-0.7152852701595697,9.802755189216724
13980,-0.9682316111140479,-0.38356061787452017,9.494875717630118
14000,0.0799616319951715,-0.10415194607640166,9.843358802927082
14020,0.640606696513274,0.581447985362326,9.597664818880563
14040,1.0570614351297611,0.48067438749144453,9.971249046622676
14060,0.9884106064464991,0.5128202942297195,9.559059709023336
14080,0.18201628562187086,-0.10534329996347858,9.489722548654772
14100,-0.739572791720081,-0.5352209668141706,9.979773353565532
14120,-1.2025400208070196,-0.854240025485205,9.497930068872968
14140,-1.304816078624319,-0.9025527987304367,9.663089701088007
14160,-0.4358002008287144,-0.09840845568083291,9.429072426989658
14180,0.20826230732463719,-0.008961197720104896,10.066651319838568
14200,1.1409303188025464,0.5660211645010241,9.675947545535822
14220,1.2255668464710103,0.5372332675293872,9.96069094295834
14240,0.5486805466212554,0.3286464530927377,9.872881264602034
14260,-0.44104192977516815,-0.17957860859868846,9.87903417605667
14280,-0.8311352488276638,-0.5299843348739106,10.011722346268208
14300,-1.1203951920524218,-0.8067277813429051,9.628814039325274
14320,-0.43060735344727386,-0.49903697694291527,9.819525959904782
14340,0.36023269383300877,-0.03333421336048914,9.68614950653224
14360,0.9979649091664641,0.5482235270722124,9.500596260817593
14380,1.3680800768038202,0.6447033824099707,9.64018839587064
14400,0.6459938165243392,0.14986797063438578,9.896300546355333
14420,-0.08171723298466343,-0.19122217203827618,9.620420411702034
14440,-0.842729919210888,-0.6113451550705565,9.740420058269383
14460,-1.097674288561125,-0.6488860922676739,9.504076167956343
14480,-0.9789058172083189,-0.6049035277833259,10.028213326630123
14500,-0.11300642773800483,-0.10128285812592437,9.88344599283553
14520,0.813596443167382,0.7195602556599081,9.648586208022506
14540,1.0696728085700378,0.35774894916564826,9.311990058501518
14560,0.7669626328927045,0.6543399303654807,9.563777394233357
14580,0.1315069540790119,0.13427564281054288,10.265730679838143
14600,-0.6290541932617881,-0.4791473043872296,9.69044786684946
14620,-1.2602975569576962,-0.8020094594133506,9.95848001688876
14640,-0.9417210826147049,-0.4138234126985961,9.950875645446514
14660,-0.3234979267779179,-0.4548834303558338,9.857397262217887
14680,0.42782153244408494,0.3270253659181682,9.778829169403751
14700,1.2677191479135541,0.9242742105680624,9.848506929178855
14720,1.060292823517115,0.336494349211137,9.84923905705496
14740,0.43521686222755024,0.4500320303512363,9.749734367686832
14760,-0.620905265633789,-0.29663371996591237,9.688441502007292
14780,-0.9599928019258768,-0.6038223294597584,9.799697442837608
14800,-1.3998178356368252,-0.8031215061340156,9.681528667723846
14820,-0.7433984908167867,-0.15178547826441877,9.153513405026409
14840,0.5433022862573587,0.15342523366380226,9.302369789158535
14860,1.0774765955667651,0.30605042748122885,9.687214184692362
14880,0.9672146824164353,0.47421775350006345,9.405195427207827
14900,1.0527705490053814,0.6189832068324381,10.052279623313659
14920,-0.35455488455364104,-0.13920043024549383,9.763372926404347
14940,-0.9266593487165066,-0.45005473705974863,9.786511647091729
14960,-1.1191803475690874,-0.5481829836826216,10.143763142549865
14980,-0.8414207624730821,-0.4142312615956224,10.002149627676966
15000,0.21093863974405871,0.21212672262516907,9.645341868724527
15020,0.7662403793985015,0.6908394658563848,9.491747094698033
15040,1.5156526162045156,0.7317225285872021,9.976244593012884
15060,1.132695728844782,0.6097362028810089,9.752139127386997
15080,0.004032969617641657,0.03401564778805373,9.851668187262137
15100,-0.6291281698426717,-0.30453433637404603,9.380436802340636
15120,-1.0102406655332667,-0.6175888893934031,9.94615101001438
15140,-1.1900367360482247,-0.427084853522731,9.791716386254038
15160,-0.5484687206960442,0.04295816697754401,9.391358607767742
15180,0.2887698932158209,0.4397146834775257,9.44192192521379
15200,1.2026239056882455,0.5690570116728368,9.491539186199597
15220,1.1010853741040252,0.5999930856902321,10.161582596930321
15240,0.26698297635554735,0.1261213276951578,10.005295315736712
15260,-0.41099948347928206,-0.5582785939839611,9.500095492450065
15280,-1.1294216710832266,-0.7758093618200481,9.919411501926788
15300,-1.1561850293411327,-0.9870389788711598,9.771360334876169
15320,-0.5885041365244222,-0.3319610350622022,9.863750415990523
15340,0.3252165417933095,0.4090730857519352,9.838805604363577
15360,0.9263927982272468,0.7149547891982276,10.055694748894382
15380,1.4242994265099804,0.8845693024782513,9.785377528653386
15400,0.8840530065635579,0.34321926548951703,10.001014305709607
15420,-0.24052471761202887,-0.04813789524941063,9.664425374295554
15440,-0.915423713336067,-0.5029338925211044,9.734197979676914
15460,-1.2725579539718501,-0.8691730083998025,9.59777310681242
15480,-0.8152098965299599,-0.6440763410179298,10.041868514050604
15500,0.07493242681217507,0.2641023315306081,9.982784473450312
15520,0.918325561183278,0.4977457329880556,10.008357728020355
15540,0.9235757532510979,0.8075964897064241,10.13019683953504
15560,0.9755847988343135,0.6089637794337228,9.650647486317766
15580,0.12679469048208722,-0.010985626920981456,9.843529183999408
15600,-0.6629810937328253,-0.24574072828611357,9.572966698871008
15620,-0.9310334703152962,-0.4698246075192203,9.780807801184478
15640,-1.0150918152942099,-0.6557084533704954,10.034890186335282
15660,-0.2744608876005239,-0.29106907691461753,9.684490436736173
15680,0.6474826286984998,0.3136910212248304,9.941650058183225
15700,1.0022202133946005,0.6631220148249086,9.757167588225304
15720,0.9769884071371833,0.5698622696381199,9.748163393685571
15740,0.43609995200843144,0.20623252037478335,9.90700046677109
15760,-0.6208783086681254,-0.17292493918311258,9.949784001201332
15780,-1.0306511716435518,-0.4956819699579835,10.167600095680191
15800,-0.8838506991583321,-0.8425383953941719,9.853751148826097
15820,-0.8018156776700048,-0.3957937716676694,9.42613156102617
15840,0.6312916491579585,-0.22531438730559233,9.810258248300753
15860,0.7598894140919872,0.5803554798274727,10.038096188673505
15880,1.20803172065109,0.8290074680385034,10.041694693292257
15900,1.0056799230589524,0.42397288076282746,9.889321643312645
15920,-0.22261053471512018,0.14823819697849416,9.742996399660113
15940,-1.0358214145990727,-0.6446569973457347,9.634442043367429
15960,-0.9996177302232448,-0.9044510483789554,9.630023084257132
15980,-0.9154846888514926,-0.2337647905046193,9.872015963866087
16000,0.023153824324822048,0.21322860451046266,9.570304188322869
16020,0.9316366318878344,0.4632373609406679,9.91702370844206
16040,1.1541168737171992,0.5990432725750788,10.094248314637783
16059,1.0525256395495917,0.4267892143959737,9.648428983918532
16079,0.180416970579264,-0.003702290167128877,9.66082929736873
16100,-0.818737815830595,-0.2757473214737594,9.782068910967174
16120,-1.3095185529794136,-0.9383082356740824,9.563459936677665
16140,-1.1836512673239115,-0.5786391184296886,9.807085829126619
16160,0.06435348689736908,-0.11800835775159908,9.82383242012642
16180,0.6174489516935238,0.21184183390986652,10.004687338465034
16200,1.077135894869136,0.9219174050555597,9.710988888270908
16219,1.147099930154067,0.9086320209411116,10.347128064864032
16239,0.20088142477274146,0.5844461172240285,10.153110345564883
16260,-0.8032522107247495,-0.35674169590063465,9.864811538708349
16280,-1.0495998620440234,-0.6230257413808996,9.735001025785333
16300,-1.1925756173419655,-0.3164607558446738,9.739537096699861
16320,-0.48685904183881823,-0.44130134919713526,9.814391220836582
16340,0.0030422759896985285,0.23682953381183822,9.70235916849302
16360,1.0467399335396452,0.5481054747129512,10.069350805667833
16379,1.054163322869294,0.6444389221201411,9.526458872629076
16400,0.761728637146171,0.4603355105866432,9.864153844019395
16420,-0.15757822752999964,-0.06073023971445922,9.786724070550516
16440,-1.118731063254784,-0.574553220491317,9.579818245899702
16460,-1.463939524567806,-0.6763906113181061,9.968839520444632
16480,-0.9387335211043227,-0.5798167391767393,9.7556876388558
16500,-0.04464739676228487,-0.04029694239034861,9.844839994641337
16520,0.9370534825355219,0.4369334848460373,9.631271029063079
16540,1.4009744510002524,0.7705098180615713,9.622192266552414
16560,1.0611683081394496,0.504912336315637,9.810161575951724
16580,0.18223492240270067,-0.07029671661746462,9.561587781153698
16600,-0.4005182240158837,-0.5201995478798309,9.894049418324146
16620,-1.1473674576853967,-0.8872920754198346,10.355423053542038
16640,-0.7759145851334773,-0.2525334592750525,9.656990199152043
16660,-0.13729104775774806,-0.14691877567032602,10.011106335643442
16680,0.4771981683023071,0.3947763517925597,9.555663261281953
16700,0.994531152600486,0.6920341271562451,9.610327046031378
16720,0.92030594656391,0.6441630397677586,9.777021823946605
16740,0.2912987946479334,0.32113018890154366,9.552783513196692
16760,-0.601145236147783,-0.41411911046147987,9.877072121197228
16780,-1.1519810190925561,-0.5422166741087155,10.074801589455728
16800,-1.197931292477549,-0.8934353239802547,9.951162490727727
16820,-0.6111020905869328,-0.41762867594312364,9.926742967332725
16840,0.32246809712820024,0.04413802350104776,9.898707780149635
16860,1.1876502071493855,0.5472688503920837,9.67345420112431
16880,0.9064963595565213,0.622747567379453,9.841496080201487
16900,0.8246660970009951,0.45770709442638347,10.116052590708053
16920,-0.037291604580243665,-0.08649727107283031,9.35605391680819
16940,-0.9476482454167069,-0.5280356857330689,9.87114335405846
16960,-1.274516522341638,-0.8257194771768778,9.892088657637462
16980,-0.9519774910059005,-0.6190698158631117,9.926776165695463
17000,0.17345177908502352,0.00479095775207795,10.17353578399052
17020,0.5629821818856817,0.40714881949344084,10.106435471645641
17040,1.3482448110484782,0.7118712734146665,9.736170539475564
17060,0.7646193699726529,0.5838400164975842,9.880945769895881
17080,0.052573076212735714,0.12554131635683913,9.81227950806288
17100,-0.5997032371285632,-0.25356376152915144,9.73199994886053
17120,-1.4161362613720498,-0.6677158420065281,9.734119440238224
17140,-1.0933445259815944,-0.6063006179563313,9.654085399148052
17160,-0.39603494811577405,-0.2282640360526589,9.942124115484772
17180,0.5981301856338951,0.3522443839546907,9.891592341344236
17200,1.1872407458419394,0.6762114618651837,9.778078372578836
17220,0.8054636559667459,0.6794707613281057,9.573733099496998
17240,0.6969679539156439,0.330173306345853,10.467275579890057
17260,-0.6385632272176398,-0.2622098244743352,9.66204783247607
17280,-1.3177951225467914,-0.4769389142124067,10.042992095396201
17300,-1.2775053372355238,-0.4852922954835918,9.74007219100368
17320,-0.496068646648827,-0.14808641286212962,9.873396558396223
17340,0.16532796739873876,0.29510420366286244,9.770004726569198
17360,1.2759935789837158,0.5633847883119679,9.947198013498543
17380,1.324587850121613,0.5841765922738686,9.92156557351955
17400,0.9690588323026468,0.2631352557297245,9.753755199370291
17420,-0.07520537022821307,-0.006344552519365873,9.294664607212253
17440,-1.240844726140628,-0.5321567372712861,9.794606846061543
17460,-1.2226454177531014,-0.6656369105762362,9.777333055756019
17480,-0.6373156454326325,-0.41083016000503736,9.54020840289248
17500,-0.020441298047487427,0.08721464093290776,9.602605159123913
17520,0.7178544820473217,0.39645670290903,10.250067564938346
17540,1.2113093011517067,1.0675214005364695,10.045998837567494
17560,0.8126412434842558,0.6525676733912996,9.933066067140617
17580,0.16500848471895607,0.002882292154400501,9.836600708872815
17600,-0.7743262117180584,-0.28343520844207143,9.858061961384841
17620,-1.2499175194431467,-0.5613141944756537,10.45811966582419
17640,-0.7818196922592514,-0.6547186870171547,9.812845152864908
17660,-0.3585478602995436,-0.35433384642884824,9.574401136030463
17680,0.45538275967782316,0.5193845256770009,9.768867858699629
17700,1.1530824896751608,0.48855532206035157,9.86811066710314
17720,1.0499121565984508,0.7442029491901767,9.77204898046119
17740,0.38755674708231624,0.13465935137611487,9.958477501687124
17760,-0.3664199195493717,-0.024925711623546065,9.929451588480772
17780,-1.2808077382639897,-0.8856637329863275,9.706257053991116
17800,-0.8992957647693933,-0.4256113775888815,9.72006444959391
17820,-0.7008326102383591,-0.46224607872376683,9.612758976638661
17840,0.22058304220525787,0.1590549046779644,9.756289319612904
17860,1.031360147429304,0.8038963454124158,9.803817014022256
17880,1.1906503197494496,0.3488106985859242,9.757897506778932
17900,0.8010214432605097,0.4356183440194395,9.563872824617206
17920,-0.0030876279771703263,-0.1599199864286191,9.836995619554623
17940,-0.763576477291124,-0.32861616725496434,9.589141014234128
17960,-1.1274103219942495,-0.6528721200662251,9.944455257037994
17980,-0.35473608224893616,-0.45334034472320167,9.693665523914637
18000,-0.12640391351186325,0.03516806792473117,9.525741098808757
18020,0.9713835287959404,0.6257160324587641,10.313939617918843
18040,1.2382292084073496,0.8229986374552717,9.974234728562285
18060,0.8484990681467188,0.3810513116866302,9.683971336851046
18080,0.2210935501476023,-0.15877792317688555,10.366795387194024
18100,-0.723909403236712,-0.47747059904374456,9.855631130836915
18120,-1.1962478185936374,-1.1291041861746294,10.171195589233387
18140,-1.2395667395149494,-0.4889059419656006,9.80618212760927
18160,-0.4272621917291149,-0.09067087003846273,9.688239209375215
18180,0.4019677872325409,0.277633467105834,9.995193174473274
18200,1.1435190348330282,0.6105628972342553,9.562642288324744
18220,0.9115772042434731,0.6445007435459774,9.830325455112785
18240,0.5075013472535753,0.3175894594800413,9.987119927515682
18260,-0.41542198732402086,-0.02366025272397998,9.906151868266962
18280,-1.1096730888700401,-0.7801486020497921,9.414487747897608
18300,-1.115892718599727,-0.709963835216319,9.797561682217315
18320,-0.5393176205604112,-0.12326385852133448,9.853483031390095
18340,0.28152558064655,0.12166481689545652,9.882793298549348
18360,1.2178069366422064,0.6628362407070437,9.693506317472444
18380,1.1518188969444862,0.7339847972146656,9.586905570340525
18400,0.36325263876645963,0.21847124748770655,9.749426087593873
18420,-0.15614244647290496,-0.1568134337114766,9.683852184932546
18440,-1.0081522871716553,-0.5694303660845569,9.537380035908264
18460,-1.3089164619883027,-0.7804286886397654,10.02370688163043
18480,-0.852545092530836,-0.5412143684078514,9.778649610592867
18500,0.2822847922583302,0.037754697079510034,9.640156635261368
18520,0.7174188910313009,0.5850946369064568,10.054237075892756
18540,1.2686458468677204,0.6139778960473963,9.717490400701623
18560,0.799231820118226,0.36967107103845587,9.520167354624306
18580,0.24663246360528157,0.011809733892948024,9.72686228812295
18600,-0.83813614944663,-0.351911756787301,9.6711130148595
18620,-1.4434342100892699,-0.6715605657686536,9.59345822373691
18640,-0.8635993646060951,-0.712725046083133,9.938263461523608
18660,-0.5188615039494112,-0.09094129435604097,10.078100715366574
18680,0.6045361728871191,0.3174966699736586,9.402088402889147
18700,1.2555585036746413,0.7047952215013644,10.260880010973978
18720,1.0635381324841635,0.496885452534876,9.541738422801775
18740,0.462930821742269,0.15453510334984089,9.862182159566593
18760,-0.4798549868996748,-0.15584525913579933,9.917174200391667
18780,-1.056348561360651,-0.7135100553624372,9.612896377476067
18800,-0.8495721412666288,-0.6186653205513307,9.983714303033672
18820,-0.6163007844319102,-0.44761717656128763,9.567981171400968
18840,0.31501877712453574,0.07018945463723397,9.51044166555392
18860,0.9461062855399647,0.5674123362302848,9.7457117591274
18880,1.0297896154757593,0.6123955061213225,9.840170228658787
18900,0.6277850583404975,0.41317176679094675,9.950616560696977
18920,-0.05025827399082493,-0.10239276687968589,10.059832357139891
18940,-0.9473075695211527,-0.642744755111025,10.392815070417559
18960,-0.9987534240622944,-0.7408757685235572,9.928559732192529
18980,-1.092761792699656,-0.6419831261425633,9.469619716003404
19000,0.10682622765861763,0.0863145116870465,9.680079217450388
19020,0.8072729934713654,0.1763858667357353,10.180880068632264
19040,0.8823051759883865,0.9525602316667967,9.682152479595784
19060,0.8745468279820056,0.7358052134971914,9.728917451170181
19080,0.21105745586819014,0.2976573853947342,9.883823332722928
19100,-0.6048908810063107,-0.4097946263444673,9.823550843264798
19120,-1.0825973163239062,-0.6850506785577395,9.957326652450796
19140,-1.0394473083512394,-0.6370781426914872,10.065445583399715
19160,-0.2611298615772795,-0.4361052046487587,9.646549192599945
19180,0.6851568285627679,0.45813722336004226,9.704807331274795
19200,1.0203440643642858,0.43888441949915025,9.887201572968902
19220,1.0273512475476296,0.35636502631106887,9.45138147085235
19240,0.6971112872149945,0.3495997436940813,10.125758095351069
19260,-0.35124272138675167,-0.2828451893071382,10.238498842890065
19280,-1.2528153885181132,-0.7312763047127626,9.430934711809583
19300,-1.1286332830853192,-0.4610496859792076,9.687581434626463
19320,-0.36743910430532845,-0.5418060172041674,9.652011764684945
19340,0.46289559442168415,0.2860799190381551,9.80582823906895
19360,0.951758089030942,0.6494935557914244,9.736779091783044
19380,1.1530943723363902,0.6731420529894555,9.756706236438038
19400,0.9522082000864696,0.46028612022601556,9.996529886351608
19420,0.09266135625522834,-0.1641349357141837,9.919511709735572
19440,-0.9567231664106665,-0.3455473098820866,9.15159685760876
19460,-1.3630232551824855,-0.9984683116674891,9.979756267410167
19480,-0.7779509292422921,-0.505112362346909,10.031553066754052
19500,0.058064078244558726,0.11299781938523726,9.769330211864926
19520,0.8119441767288683,0.5705229145690729,9.852136538929942
19540,1.1806973170182489,0.9089198298820835,9.321040380613622
19560,1.3176669742037652,0.5782288502320581,9.736789403215841
19580,0.18342918958713922,0.17053113189544872,9.337970180859413
19600,-0.6890723313259246,-0.4523809301584386,9.757304274042854
19620,-1.0387464653899299,-0.8068674907718435,9.952069906013133
19640,-0.9010547107605935,-0.49624573056983307,9.561275937308363
19660,-0.13382353284667084,-0.39841391920744595,9.81690759012629
19680,0.6709260518783016,0.4903699161565608,10.071574434742436
19700,0.7419535533522852,0.46211981781552053,9.772768617655515
19720,0.9206460213571517,0.6099923735203645,10.373723885630854
19740,0.4520265512817322,0.25498859496262105,9.926457087619053
19760,-0.42655591566954804,-0.34294040604890896,9.790401498377468
19780,-1.2005327295491917,-0.6989239066932482,9.540518271130352
19800,-1.1552531463891975,-0.6850611022884565,9.714981876492049
19820,-0.5822905864352058,-0.1147286718550189,9.925764640145134
19840,0.6031701597273409,0.3598583020988783,9.922746193795199
19860,0.9594053798669712,0.7389289945556892,9.77811966145448
19880,1.2725560192989935,0.6910511095514923,9.682061645399124
19900,0.414864485463869,0.5613050945354889,9.708276978026602
19920,0.0446201653766192,0.2171833667135536,9.624415624433995
19940,-1.1302509944498371,-0.4867327215830169,9.740394863627664
19960,-0.9311954209132165,-0.7528959409072677,9.727868982369534
19980,-0.5881612828757393,-0.3428840957102881,10.102164895272677
20000,0.043947425950853436,-0.12839644664696243,9.84340474862203
20020,0.8256269757796411,0.6182185280126142,9.874788426553174
20040,1.1926434989647727,0.9665908560145932,9.995162646971618
20060,0.9623507428136687,0.659178334289934,9.457231139938182
20080,0.06570093539128048,-0.019487122073677032,9.985902306175154
20100,-0.6575692492690693,-0.6541164193260074,9.702887792918425
20120,-1.1322795833394403,-0.7567537317686385,9.75670489981246
20140,-1.0117390263733632,-0.45895012935108853,9.637514325043817
20160,-0.2510357534476115,-0.06392151938873343,10.070946487858958
20180,0.745091496040266,0.289162073898326,9.575010865378536
20200,1.536495666634436,0.6539754057392851,9.113756284971988
20220,0.8790401427877297,0.6259358586242039,9.721263015020726
20240,0.4730229077913063,0.2532989089917701,9.709403479706655
20260,-0.35821799704983504,-0.6059981144312002,9.478178078164975
20280,-1.0423037437143672,-0.43547517654135287,9.857524216453458
20300,-1.0536017129630404,-0.7949766966237648,10.032192579579391
20320,-0.8146149359629915,-0.3475845204863586,9.943919629939304
20340,0.11161266721646498,0.19039178619687783,9.823350180652177
20360,1.015322230835419,0.6225241439773463,9.712292704767451
20380,1.167733967147637,0.6304445458904501,9.697266694198047
20400,0.9645539319096565,0.23985112930997293,9.786102820734023
20420,-0.2208240341511678,-0.07269923811778894,9.817776383606125
20440,-0.9362388613466817,-0.45053824054475977,9.939798121914821
20460,-1.0089643983788057,-0.6936776281963449,9.603335358507023
20480,-1.01787311174229,-0.5136812476925665,10.010203720627121
20500,0.11904974353252014,0.16657200796308927,9.515583400273396
20520,0.5915716527527481,0.37797027370247976,9.746987965485511
20540,1.2000115372635423,0.7863414272491112,9.42477146572719
20560,0.9544314332718721,0.6291138309831206,9.381183349176348
20580,-0.013015456315244284,0.08172451354440191,10.236060270920625
20600,-0.4789584946448233,-0.26295152226260987,9.747736769866995
20620,-1.1219664040061783,-0.7339920696207098,10.031792536169627
20640,-1.0736952630659853,-0.5907559994941218,10.027918576195555
20660,-0.27902159170505453,-0.48848636323934347,10.034375083188793
20680,0.7392839896113912,0.37415860438973814,9.944720792744901
20700,0.8502774239578289,0.7854473782067802,9.91917543082043
20720,1.2197171245974328,0.7401563522486979,9.519552030867588
20740,0.42526221158034583,0.36251546010706465,9.924448347266583
20760,-0.37431308424271004,-0.43540324757903226,9.862124131637044
20780,-1.032849785641662,-0.5732835431078044,10.148141193817398
20800,-1.4422810955798864,-0.9263275500195561,9.789644507042308
20820,-0.4571440094553391,-0.32185588306581286,9.778926249171855
20840,0.33835700516769995,0.3134437483303451,9.756818885920763
20860,1.4144026941092958,0.5754875979488192,9.893889395206772
20880,1.346557935857724,0.8059131376865886,9.995267781696764
20900,0.7857527565724749,0.5018326014618443,9.866833711394648
20920,-0.09331624179838754,0.05577200624642219,9.970391774386192
20940,-0.910702421905707,-0.6296557873561985,9.648375667020494
20960,-1.1387895286051681,-0.4642775376456627,9.928259838894153
20980,-0.7185600612091438,-0.6576048748172219,9.649134370803765
21000,-0.24534540562618354,0.0889075699084215,9.45876259094053
21020,0.6221977654612444,0.38705389889069486,9.786638734975826
21040,1.2866991646791544,0.44463314171041074,10.030447880153334
21060,0.8692043527765783,0.719398366562841,9.771268507916233
21080,0.0082538083947164,-0.003617206240425469,9.855033467820228
21100,-0.7742380088528209,-0.4775424392235629,9.83376038452391
21120,-1.1210418622462055,-0.8342986508554229,9.795770663159992
21140,-1.2281753322194555,-0.5859784585641548,9.57502329293533
21160,-0.1874381664090452,-0.382461867319586,9.983568162716583
21180,0.507024610692607,0.19812238869160556,10.236116661669987
21200,1.2058651548241215,0.5498950204682592,9.59220441161696
21220,1.1254832945980002,0.6146824250439303,9.899098898657055
21240,0.567111618243452,0.028441663171815623,9.68533560901036
21260,-0.3836040746742974,-0.18132753291206485,10.042210317491568
21280,-1.0123426166278109,-0.6937362038024543,9.292236323911416
21300,-1.0754465080025757,-0.7059789771020857,9.77548030765268
21320,-0.7305011630542456,-0.38646893632516305,9.609898970041526
21340,0.3005577836544296,0.06375086006187759,9.967074698628224
21360,1.0597892870003065,0.5371425529704319,9.972988952777376
21380,1.3794811333865613,0.7195313461604338,9.71027053494769
21400,0.7233488319464277,0.4419891961415324,9.892433454939436
21420,0.13255533108855846,0.05136334656665996,9.842613123758273
21440,-0.8765131909754329,-0.5094009796236332,9.227839950586022
21460,-1.2494903216281088,-0.6829708232640467,9.700276555762342
21480,-0.7964463668841351,-0.40565254057524336,9.677277624875805
21500,-0.23208726557065298,-0.13770127950816785,9.38188842249723
21520,0.6217146285906855,0.6660484489866456,9.841395819245722
21540,1.1610684895467718,0.5841680998122146,9.412377375604446
21560,1.1343736939621103,0.6549385257862067,9.734209514604636
21580,-0.002065052550353136,0.13493295772968603,9.826624854443288
21600,-0.25560761230194057,-0.3330124653272961,10.102899358204901
21620,-1.2329700661576712,-0.6893924700465975,10.3773475323444
21640,-0.7727577174909235,-0.622798719248716,9.825735131478833
21660,-0.24816714483111796,-0.20251481125217288,10.204591846240199
21680,0.6367431554791475,0.5947946567707436,9.725864831756475
21700,1.1174504825003067,0.7668136107308556,9.671339862999632
21720,1.1649420137933355,0.5970975840119662,9.808991285504568
21740,0.5484119828355785,0.37079182880127654,9.599713124240154
21760,-0.46338924191936764,-0.2487718565719967,9.639887833040865
21780,-1.1527633364773848,-0.7724510365964665,9.942541292664393
21800,-1.1879220740737437,-0.565445906301195,9.551868518751983
21820,-0.5138575507103187,-0.1487970699629125,9.890762506921885
21840,0.4223868073708771,0.23803058504165986,9.989936043571982
21860,0.7718419926762268,0.880333584348288,9.867035883879245
21880,1.5046359961349562,0.4023861110520919,9.73030614350026
21900,0.5259383342282984,0.4730821781044504,9.503355417536426
21920,-0.2554576910473524,-0.054374261173549245,9.88628544280003
21940,-1.1012150998750638,-0.9097874055370752,9.741705627681942
21960,-1.2804268878149343,-0.8707149881200216,9.943133297035764
21980,-0.4299625740623871,-0.5547791779580815,9.88457832639988
22000,-0.35050846371040123,-0.14185561124545576,9.690107880338202
22020,0.7498347410691919,0.5206061554728719,10.068885227747284
22040,1.1385022848040751,0.5831533295042858,10.151428261786139
22060,0.8163390812991522,0.4896374925326244,10.083334756508073
22080,0.394730857543544,0.3643051453657989,9.839167017838443
22100,-0.6836728466830452,-0.6073966608805434,9.706122134893521
22120,-1.2170588256186372,-0.7258585511759883,9.929590924872487
22140,-1.1293532575363918,-0.5932400357449495,9.726714486189604
22160,-0.15919399020917677,-0.18816576375531685,10.11013215436279
22180,0.5209600007155948,0.5298730737169033,9.924538663798831
22200,1.3362724404244348,0.841188921653498,9.815040439084841
22220,0.9921658706997432,0.5784927317856476,9.923283514187837
22240,0.5095416636928788,0.42357862192274365,10.004535172214634
22260,-0.46066873715852635,-0.4145735855993512,10.046032885727648
22280,-0.9585332381614863,-0.6160210150418376,9.747835015548306
22300,-1.203716810721526,-0.7800689751149743,9.87446188880319
22320,-0.21130301762382808,-0.09212209457207532,9.557913233233986
22340,0.3486654047312719,0.3156259779669528,9.736856516420014
22360,1.0228023818782006,0.5857572553708659,9.852619029905924
22380,1.2795548896335602,0.5539393224489266,9.655854755059472
22400,0.8627869347458035,0.2750836365927296,9.973640322739778
22420,-0.1701034660884632,-0.38820453158504176,9.61987185012286
22440,-1.0359658257608872,-0.7399275917015482,9.59639347055017
22460,-1.1787496577387708,-0.7803837328062497,10.032408380944322
22480,-0.8967860170939786,-0.5076424614825337,9.595739298724807
22500,0.03871433484200583,0.08302160385871106,9.7218682965844
22520,0.8940932095239748,0.469472863399408,9.607909729393796
22540,1.1515238278047448,0.5426509872339871,9.488690102587368
22560,0.9281969698103648,0.5418576237197562,9.286782930978834
22580,0.47135972825970174,0.2709523580436437,9.838199685143389
22600,-0.4997970471812323,-0.4489740999566646,10.178090181243032
22620,-1.305600280361538,-0.5361584918425292,9.821196526055193
22640,-0.8906647949599836,-0.7277816660111521,9.74180815354436
22660,-0.27723983487221177,-0.03871678350562041,9.965104033598971
22680,0.5885311642449359,0.33569826572683314,9.660983921877545
22700,0.9830141731535954,0.8295921179411652,9.976472445071733
22720,1.1206950366226576,0.6672949984497537,10.232554447984036
22740,0.4628456029841423,0.5510907278741664,9.388215702387253
22760,-0.19411897438868436,-0.2597473522099541,9.73544541174733
22780,-1.2572761610956746,-0.7541221197291417,9.870451744986072
22800,-0.8847991652200502,-0.565527255998674,9.8248566636882
22820,-0.8819047485760912,-0.1440092486550581,9.673550490667163
22840,0.561328862119838,0.35512914582639327,10.006155143497026
22860,0.929382198492761,0.5471572031589113,9.293007108379001
22880,1.158890833038441,0.7505097542440563,10.018569158187756
22900,0.3449823265695553,0.3063950236837516,9.456723315055628
22920,0.0435522968398275,-0.12334625894236807,9.869790926880682
22940,-0.8536690100118596,-0.5927449067180218,9.566783374853026
22960,-1.0948688308700578,-0.6794077298528819,10.028292114857424
22980,-0.730144839947083,-0.6606188722548872,9.988170250724549
23000,-0.15243619759927357,0.27858875861053967,10.105237727972673
23020,0.7242942571371404,0.3900754671468065,9.856296510812431
23040,0.9429196392632124,0.6333289783472205,10.077744308201122
23060,0.9208965896301272,0.8541678454200174,9.273109113427813
23080,0.08840891840306667,0.08252286747287761,9.69932555707146
23100,-0.7016035344156283,-0.47435598254688566,9.899164217423731
23120,-1.3013923428659087,-0.6842611445606378,9.374341441692012
23140,-1.0481192309216079,-0.7468941970552263,9.394937457663492
23160,-0.40905565201258365,-0.21429363225790557,10.021846363732998
23180,0.5629196916515011,0.33418506461829894,9.859260130912984
23200,1.1249950487387874,0.7389029346874869,10.149900522756143
23220,1.067347905520042,0.6483493343512451,9.807799077636904
23240,0.22103972378838327,0.468466645054624,9.551594550992586
23260,-0.4427388033611771,-0.4414371211791227,9.349179589818117
23280,-1.059250601774562,-0.32362505082265747,9.422258103407124
23300,-1.0119370145984177,-0.6833334967561493,9.802979669676844
23320,-0.4528750377702401,-0.4361389438729464,9.728464962257116
23340,0.3412566805192184,0.3464091465074123,9.748190831825603
23360,0.9421605841947425,0.5615684684736453,9.629206101750396
23380,1.307588184397806,0.7293145404589702,9.904052813907642
23400,0.708776425164497,0.3874636328355987,9.811169616303598
23420,-0.5047662687057732,-0.16138129663324385,9.8784746984282
23440,-1.0776026788995121,-0.46327993719901034,10.396535749913742
23460,-1.2828075845209355,-0.5760546901012197,9.973392502581438
23480,-0.8012572419743832,-0.6658025925742561,10.009026855100451
23500,0.07272610928620829,-0.002698674836254122,9.35529752385696
23520,0.9776313346019989,0.5593638369541064,9.809051359866404
23540,1.2963349205081616,0.9374017947196931,9.637397295165457
23560,0.9577080217985876,0.3328330761592756,9.784194533021575
23580,0.07301789036651629,0.10281765756300372,9.863231980663844
23600,-0.6577575673908787,-0.39048422128113036,9.88723049858747
23620,-1.2219422407035314,-0.5991216314553818,9.973711519364167
23640,-1.2593098383627912,-0.5542145756917136,9.651759542076258
23660,-0.2332135366106633,-0.13075855143625265,9.835723695116764
23680,0.4542250840515586,0.25959952433774347,10.503596477818071
23700,1.3893100026929848,0.4588902817215623,9.707578100672114
23720,0.8886870504694928,0.9293876784922787,9.910625071824581
23740,0.45277100162262424,0.220954613982449,9.935986747203792
23760,-0.27862345402312727,-0.3116503483841138,10.186498027747259
23780,-0.992784911504147,-0.7378756115131231,10.192201483812719
23800,-1.1297314856828444,-0.6181489143319049,9.87209427400554
23820,-0.7237539449392718,-0.41123563038743527,9.870675374335793
23840,0.2948208276044641,-0.09863869053831434,9.570849016157078
23860,0.8122272129603751,0.7097371245139544,9.783007703643658
23880,1.1399715821567176,0.5379698814272075,9.592437792765782
23900,0.6633253903322097,0.3255689949859802,9.480035218308211
23920,-0.24577210162048374,-0.05376042681732599,9.856276858935171
23940,-0.9134975626161738,-0.5627356600587605,9.711442704720282
23960,-1.3195624156955699,-0.91070471344041,9.550022733008717
23980,-1.0441071806898887,-0.7510553074743167,9.823327865004849
24000,-0.17368266385774056,-0.12730810235418852,9.708895835374133
24020,0.9722487193713218,0.598391075122247,9.540461984772776
24040,1.2410922069835715,0.46216084691642756,9.633707709506488
24060,1.139562059562713,0.5692804223761299,9.944653666507229
24080,0.2793769740360166,0.09025228738879879,10.058569606739782
24100,-0.9639108171445099,-0.4657757748158057,9.662091669839477
24120,-0.9758565060213822,-1.1524060559130667,9.640745107568083
24140,-0.9555012863435619,-0.5213460217077113,9.795682526714428
24160,-0.49384202125771826,-0.13818697845312414,9.837593614368085
24180,0.611355791122633,0.08995709927213758,10.181983330979538
24200,0.8975411825372912,0.7368100226422087,10.007243918254842
24220,1.2276346151989217,0.6223789475768655,9.800983848650898
24240,0.6012766762514538,0.22458753106332527,9.621444823518269
24260,-0.5168353221101085,-0.15393052576489918,9.813841078936509
24280,-1.1582135689224302,-0.7057633982298601,9.82014631082934
24300,-1.0414012728563125,-0.8168921232543882,9.606661813409513
24320,-0.5661627889133181,-0.19404415963891516,9.6884019823698
24340,0.27899177088548904,0.3903724510233342,9.691273111898054
24360,1.0807725921485283,0.5845619540080945,9.613903304165882
24380,1.236703080989229,0.9324441431207647,9.572974336676568
24400,0.504250210669765,0.45722336483075,9.933754544684582
24420,-0.08009202082695224,-0.22576472373124967,10.123731059002559
24440,-1.128080781522793,-0.2559199884852421,9.323819998999205
24460,-1.553203440901271,-0.5560232913745101,9.487261721955264
24480,-0.9080711173549127,-0.6364172579856692,9.793769317089572
24500,0.06358253905866296,-0.10532788231576112,9.592317435618034
24520,0.8614926690689131,0.4881450354129894,9.585228434157678
24540,1.0775915045192124,0.5961933533580428,9.957344157936921
24560,0.9397813644812977,0.44252233410040287,9.528204798554421
24580,-0.055363682555388316,0.011381876246945838,9.72179544946618
24600,-0.9157514105161855,-0.5276057060567532,9.7808706359778
24620,-1.1010891643364054,-0.8051833668948861,10.02898141229328
24640,-0.6831839625970517,-0.6164858086474532,10.13035180354468
24660,-0.19181828313882227,-0.09312386771551114,9.644906941311264
24680,0.7027228719040609,0.2572495363409902,9.582350688478241
24700,1.2032362035585662,0.8300155003260862,9.737246117000176
24720,1.4550743538040407,0.6534192548951546,9.555343931578253
24740,0.24404746269531752,0.3009511357451846,9.796984610124225
24760,-0.12191950986060496,-0.26706501662933796,9.949867782037732
24780,-0.9193444939626623,-0.8517971012296873,9.99441324946994
24800,-1.2145457360560359,-0.5663634247150046,9.709050648620106
24820,-0.6109629796843586,-0.2691923733699354,9.151553111964134
24840,0.010303504113282236,0.1622047450122977,9.43137874322392
24860,1.0769735968891139,0.47461016013243107,9.744057367138334
24880,1.3357721062991463,0.6904130189045987,9.627920223903429
24900,0.7274055278698004,0.6929184633930991,9.8190539386825
24920,0.009228493680607852,-0.33088493892852966,9.627988897857453
24940,-0.8936189143396588,-0.5156119754048566,9.768146960568679
24960,-1.1731380713671429,-0.822317094957789,9.647814721813063
24980,-0.8329693425731096,-0.35664541696341057,10.076563111132089
25000,-0.04550144752545252,0.14518878714209535,9.610603623907066
25020,1.1086933875891762,0.46027789738358477,10.21787703309471
25040,1.1892473874111693,0.7307840724295381,9.678831682628209
25060,0.5889390948623678,0.5032153050537453,10.176113819254612
25080,0.10119159294625349,0.07435978075229321,9.734813953211908
25100,-0.5262926839052285,-0.2814515081667472,9.735404381551268
25120,-1.093891038595051,-0.5089603932246407,9.753811891161014
25140,-1.1009244916893783,-0.5515721021423718,9.946029670595207
25160,-0.3940907359333461,-0.2823040156004261,9.559479065965068
25180,0.5694445337545864,0.36262332912912937,9.731966724820417
25200,1.0902974389622364,0.7052417423558591,9.492847279058903
25220,1.3530208203934562,0.7404736269145434,9.70011697729149
25240,0.5517009401210581,0.3178208067444355,9.66761183603685
25260,-0.3594218581289023,-0.33172155477078746,9.851267937840346
25280,-1.0104118249556475,-0.5886747352178527,9.866705527148012
25300,-1.3096641771396873,-0.5665327968618803,9.58680262638264
25320,-0.5290520504285029,-0.5684994311660975,10.085174903809458
25340,0.035930673845066374,0.14585626747144123,10.074817809061521
25360,1.3613687596481823,0.5835612407221922,9.710684561643085
25380,1.498678201803354,0.9789366729421549,9.966508102843207
25400,0.9984480422237847,0.5281637579771631,9.600521776872812
25420,-0.31520449882786034,-0.2202529001917001,9.31091170237984
25440,-1.0982061231524463,-0.4274452090715226,9.823224523952103
25460,-1.093975193803005,-0.82893817965448,9.829990356698648
25480,-0.6328666529836485,-0.968878305104153,9.71343624334289
25500,-0.1894565070957717,0.06989408176025733,9.708963725885843
25520,0.6736755485648952,0.2920788999844277,9.667773144662968
25540,1.1371478797632777,0.8320416685841596,9.885377619727814
25560,0.8801176748460319,0.7474852286661638,9.897846035193309
25580,0.3288387096140455,-0.003640294432052063,9.815337032142018
25600,-0.5208829760731293,-0.33650468804245964,9.63883485597837
25620,-1.2691599591908629,-0.656767532503482,9.960913515233447
25640,-1.127824289323335,-0.673157851965995,10.047216942223068
25660,-0.2350785531564672,-0.1872600138297116,10.102184598787645
25680,0.737921234599584,0.3794041575855156,9.916490057384106
25700,1.068626711718111,0.5835465188740055,9.319145728443306
25720,0.7680351557744813,0.7267953313774724,9.653784004845404
25740,0.4261123629319063,0.2699099696156992,9.699487443206962
25760,-0.2588684375078115,-0.21372717268259542,9.914119114724356
25780,-1.3040899496500824,-0.5529262456031734,10.178940215578097
25800,-1.3019946984418125,-0.8379863335285846,9.270390993674997
25820,-0.43858839273346256,-0.31313902746473443,10.050918418580261
25840,0.23081654829085002,0.24155210334609697,9.57309004462045
25860,0.9717751432234291,0.9732470952897871,9.920223587282154
25880,1.3304452425886204,0.7269418910519032,9.614649088443956
25900,0.7901999207496603,0.48145889662845537,9.521048023295581
25920,-0.08751726492779976,-0.1388649185153962,9.756567719962069
25940,-1.079872887338382,-0.5932982895039872,10.201290601537064
25960,-1.2148157365287886,-0.6788507919751178,9.622210946645914
25980,-1.150934745170572,-0.44634114767025557,9.596118497984902
26000,-0.03504864666502973,-0.2527036207216965,9.796879760831073
26020,1.0283181727905375,0.3978686460231433,9.768712431059974
26040,1.1073035018615038,0.7276929964906378,9.980236974804054
26060,1.0348564784063705,0.39595366856637026,9.969156272227227
26080,0.004010975370685899,-0.13856475326638745,10.17284800691118
26100,-0.9099641796203503,-0.4690516073520217,10.020944830748226
26120,-0.9875269716207129,-0.7024609186590081,9.768464441058345
26140,-0.8065600806591559,-0.6632634017363085,9.83066376277872
26160,-0.45588008928959445,-0.3413324092427069,9.601402295433843
26180,0.29858775979844837,0.5350124011661885,9.653153178843455
26200,1.1614653987548504,0.812194490288842,9.518820368082363
26220,1.1692934618682547,0.3232811898565305,9.500312495305185
26240,0.5005512227850311,-0.006022273660116817,9.97479810504111
26260,-0.48896371772668584,-0.17756752702664302,10.118058020136704
26280,-1.184487444697944,-0.46286147051044396,10.043650520604357
26300,-1.0273932476363963,-0.7127600997759966,9.688447344174957
26320,-0.8005892946149576,-0.5889872784121657,9.734905245338773
26340,0.37163308134964057,0.12476370942379494,9.970636039688383
26360,0.7658905680125444,0.8476266779801256,9.735463691336827
26380,1.2258839786790163,0.48832485503911893,9.72935096595011
26400,0.5861552742255434,0.5971184082087555,9.568952000554436
26420,-0.0789556709441762,-0.36111540500850225,9.718611190229218
26440,-1.1812947989939275,-0.4447921389442923,9.672391397006026
26460,-1.1169954248314775,-0.7214520555108863,9.666401608851142
26480,-0.8076439606016165,-0.49562929065868583,9.875582443884367
26500,-0.12592522355343222,0.014814080468337843,10.173381712487027
26520,0.6880723153989048,0.37502002025183845,9.546802465543053
26540,1.028425074560828,0.56227418652596,10.01801996870393
26560,0.8995512346600932,0.4596431800843182,9.780448528676823
26580,-0.055319998827233624,0.16586062737598498,9.806794414403123
26600,-0.6022095311876778,-0.4713549641532162,9.881794068167112
26620,-1.3070707651921205,-0.8912846306210589,9.6988876349987
26640,-1.0571280113015082,-0.4479452886069848,9.784931614077628
26660,-0.29205854652009416,-0.1680357448388647,9.675326264426682
26680,0.6265663097315672,0.21288448627311876,9.859146897394687
26700,1.0509894941265536,0.49798282410166955,9.857222944158126
26720,1.199622517885012,0.7521506367108365,9.565144454416119
26740,0.23192378351797452,0.24170496643128747,9.545486266735827
26760,-0.49808150865612233,-0.04872068235278412,9.49979004113233
26780,-1.248679931180919,-0.7160209355909619,9.596461184787529
26800,-1.0726451273447142,-0.5415158384485803,9.867432163094472
26820,-0.5859360625054736,-0.5165060015391432,9.769255633332428
26840,0.29326222628905757,-0.00990517828666665,9.92631671069783
26860,1.0425894295401474,0.6890000028256911,9.520361302415395
26880,1.1441113696017378,0.517885352672438,9.992164302666566
26900,0.6175724858021092,0.46578995207570695,9.881463634100264
26920,-0.08614515744633257,-0.06622419729230021,9.505965309923152
26940,-1.1850313325981623,-0.33082698233326924,9.45564006778097
26960,-1.2546709700777736,-0.7218132195098438,9.729604120862726
26980,-0.5955257187900215,-0.43804716396748006,10.096216576070667
27000,-0.12397644709386835,0.101857232470463,10.023547137460952
27020,1.0671678114940164,0.5152604389706839,9.867106232544202
27040,1.0079396886823924,0.6443943237446055,9.639404777114297
27060,0.9075827020965703,0.820222147245671,9.931473155145655
27080,0.25419824308854977,-0.029226000899366472,9.823771512588447
27100,-0.9950828740060158,-0.2812072333432376,10.107933199200188
27120,-1.122497281465126,-0.798400695842044,9.62385129773927
27140,-1.106079822018189,-0.4150714395926307,9.60381055924127
27160,-0.35156893248358406,0.05502028491923927,9.490727102751046
27180,0.9035758126866695,0.20555016609214607,9.839061396774003
27200,1.1238029064661623,0.4993745718376779,9.74936059555842
27220,1.0667275291398692,0.7836159051498562,10.114085002291276
27240,0.4126605647730753,0.4389099578506771,10.2002811357199
27260,-0.6354779134568344,-0.056468694189917706,9.208057962667484
27280,-1.2083349595700488,-0.6453528741246324,10.226108918827816
27300,-1.31968524947105,-0.9500433118215514,9.803306237911379
27320,-0.5095009576883783,-0.4540499783222478,9.575208343652195
27340,0.16051075740235918,0.15447954644242964,9.752691241114585
27360,1.0946270787618597,0.7859478344813322,10.036198644583076
27380,1.2183852604501393,0.47605886900603006,9.625324838400822
27400,0.6355905387259894,0.33812508560121823,9.630861817857701
27420,-0.06450683021277942,0.05810326928721603,9.96378914978546
27440,-0.6674073852495171,-0.40653716644621407,9.845239246428882
27460,-1.1447654407511976,-0.5254807438489204,9.609328693260268
27480,-0.866849589587332,-0.8832851514954632,9.878634700372373
27500,-0.16123217381162758,-0.08199853801151788,9.21036445974361
27520,0.5058725837892903,0.5307780047042242,9.572232699526868
27540,1.1335445868575749,0.6700281836904343,10.257649079839744
27560,0.585855849834847,0.5833041418096011,10.012083150757693
27580,0.23642405819241252,0.005843148129214007,9.494057288097306
27600,-0.9172181893768261,-0.26426178956178253,9.780405198677405
27620,-1.309708754387327,-0.6939520868072574,9.963567519481177
27640,-1.1332410888286526,-0.6259172101555623,9.923984758494434
27660,-0.2913121291162029,-0.1696289919311034,9.654435151419271
27680,0.7724896203554269,0.19554156324737584,9.6415934486837
27700,1.037288786225505,0.7678199605366921,9.64039686637083
27720,0.9544691195032502,0.6391031544117063,9.693825928781608
27740,0.5237070304462179,0.26066049217711684,9.821060337559956
27760,-0.5878737085883703,-0.4785687392533338,9.402549142282975
27780,-1.0155014696668945,-0.7069932383741258,9.775125929072813
27800,-1.1144343020435183,-0.5283824567125199,9.796668723512893
27820,-0.4400279319282293,-0.1040070148052876,9.913739481874414
27840,0.5974021602332202,0.2633826906805207,9.807185241373551
27860,0.8331238534331747,0.729405164897833,9.914363809657337
27880,1.0475542832438929,0.6239965124926999,9.622747104808093
27900,0.7347190408390744,0.29630000087654873,9.778612666416567
27920,-0.18613556746251658,-0.1241095210686327,9.587197973353991
27940,-1.1260112084181282,-0.5097738631303771,9.59755749652294
27960,-1.0649851186175736,-0.7285175318587032,9.711430690377941
27980,-0.7798304390380477,-0.21919798175340233,9.739420651212647
28000,-0.17393784279637525,0.31603887798634445,9.778751115095377
28020,0.9413247537768532,0.5220852694847244,9.810857418704945
28040,0.7640267384020518,0.5838009928746547,9.952904770748546
28060,0.9255128939697052,0.876148206051007,10.103316751911942
28080,0.26286875306428314,0.018095405249787047,9.877526151731674
28100,-0.41151921379079853,-0.4223798685166053,9.72715800220663
28120,-1.0496101529945485,-0.6678808925904539,9.535449025035852
28140,-1.22124854064501,-0.46400039445044217,9.831791937370268
28160,-0.3272350273600651,-0.09772881107128727,9.99134042928523
28180,0.6146996641781305,0.6485821465515977,10.035047935137397
28200,1.5010708144031906,0.7520015839936984,9.668806275630883
28220,1.1784149834351474,0.832456487694822,9.774740073158926
28240,0.39510755512724094,0.14723350586490191,9.82336973540457
28260,-0.30883168826413526,-0.366931490429255,10.282694659485333
28280,-1.2210095325196357,-0.44579235912900084,9.55050637198297
28300,-1.2597729026924525,-0.8753088383523722,9.65670571873915
28320,-0.5009254636719692,-0.29980485557806136,9.553126461936811
28340,0.27923639140259593,0.45614888529389064,9.76001752753698
28360,1.1065724884224706,0.8973044603337933,10.051569288411386
28380,1.0121434074139133,0.6819368051237158,10.033445339139329
28400,0.8638386975318412,0.6096630862487826,10.04897576096179
28420,-0.476934025746097,-0.0855467805699924,9.684957311127274
28440,-0.9018093950780676,-0.5875012193558842,9.591334668107226
28460,-1.4126522809375373,-0.8897724878285636,9.841141070725213
28480,-0.8607317371608876,-0.6507269496691046,9.947377937933018
28500,0.08655130122253792,0.025154057252066885,9.617676820196573
28520,0.48076633786019146,0.6470229909241367,9.634078472595395
28540,1.3631925887532745,0.7400773712380786,9.743196902850375
28560,0.9523830298883643,0.8470669813261735,10.100414238662177
28580,0.3339397228843807,-0.00138972109352678,9.821941936380021
28600,-0.8613395745808563,-0.4459389401856767,10.072421253425484
28620,-1.097737383317179,-0.49009211076534165,9.585162252811728
28640,-1.134821023146827,-0.49075622729817053,9.602290098622108
28660,-0.4189866399054183,-0.3359317015409454,9.537469230478258
28680,0.31815113231518216,0.3973906621226418,10.150916103870836
28700,0.8657764674915915,0.8733488108146354,10.05635946224301
28720,0.9744316751554409,0.8988253977646496,9.726575217495334
28740,0.5940536433750268,0.3032238073401108,9.511911963347746
28760,-0.39468935496162294,-0.1899413075199149,9.8502676407229
28780,-1.1617807210600106,-0.4539656541405269,9.749369710550045
28800,-1.275684219417569,-0.5999842608456384,10.010868555365686
28820,-0.9186498460020931,-0.31484804432670466,10.09478032075974
28840,0.39921115208898883,-0.03662610035966035,9.874742664730759
28860,0.948606562720546,0.5729899210697698,10.006559832517185
28880,0.9833911772688919,0.6451375868029007,9.821806280172268
28900,0.623702026994186,0.4741271524356503,9.522980209073761
28920,-0.0980014006808535,-0.19551414358365782,9.921743061813126
28940,-1.1460838327844658,-0.6105731095453808,9.578040922027311
28960,-1.236319252089783,-0.9782711057288451,9.61137775608462
28980,-0.7942809814354894,-0.5458977336279396,9.280293725462956
29000,0.18171612078999905,-0.01987411664713613,9.933890687895524
29020,0.7963784734957055,0.4250566802112617,9.97988590382035
29040,0.9581938560599093,0.7655167198328663,10.125462994904359
29060,0.9810683719420034,0.669783586660362,10.120673637732407
29080,-0.049521695824787826,0.3278412914967397,9.8621194176167
29100,-0.8191461659608276,-0.2857069887661542,10.097038504337448
29120,-1.071930039409888,-0.6041984087798112,9.693162986983149
29140,-0.9412377339244675,-0.4946269098183428,10.004246035231823
29160,-0.3187933821678686,-0.25484154496282707,9.610844135697132
29180,0.5063173397289293,0.3821042362691348,9.480495882656085
29200,1.011801035623816,0.6124519327560201,9.628304715694144
29220,0.9919832376293134,0.9406514407668143,9.919208517795964
29240,0.3017645464966501,0.3258619789350683,10.083767948181105
29260,-0.3589239667540308,-0.18870413099023292,9.863672532409758
29280,-0.8154263872860312,-0.6520659316285181,9.66635003493796
29300,-1.2649294091925758,-0.7000602136041276,9.500796617626815
29320,-0.4039418198861684,-0.40372594156392777,9.99420293935393
29340,0.45144281974541034,0.04903857823882063,9.94641124157223
29360,0.9751599951214415,0.8391872187008347,9.761104073434923
29380,1.2100184844460324,0.6040332889550207,9.479227728060565
29400,0.7459007266844507,0.14598721664732334,10.110130643241915
29420,-0.02952420774122999,-0.20335602227467048,9.76439088027821
29440,-0.849849189604287,-0.5359310407795177,9.761635174583155
29460,-1.3220897055114627,-0.6072588165795455,9.81680415066811
29480,-1.0945052299587608,-0.6012377485523659,9.721127940649875
29500,0.09517643581866361,-0.13760159610525555,9.511105763532147
29520,0.973114908845457,0.6161318720580188,9.418812280987929
29540,0.9631250420528024,0.6616418124038356,9.372981851932423
29560,0.8621005336861631,0.5251239107149912,9.935262293125538
29580,-0.05131259696031176,0.11585186743190774,9.556211165257936
29600,-0.6412788829321283,-0.4144581855082884,9.489853955427694
29620,-1.1231505166672258,-0.6931306921012713,10.039691055381544
29640,-0.9972404668320526,-0.3723262323179892,9.812972145639371
29660,-0.31348753999168244,-0.25885458097219705,9.638946720002505
29680,0.6000446017674858,0.3988901022814955,9.70871383939637
29700,1.2218539398124821,0.640025449800156,9.691302880384354
29720,1.2087036491171892,0.5338323678289931,9.603306967944004
29740,0.40824552100743394,0.4352584979459523,9.758263265863137
29760,-0.49826308532430086,-0.21196616559045486,9.755016295695011
29780,-1.1481064524619986,-0.8879815573188806,9.62421610684964
29800,-1.0154542203154264,-0.279531722424398,9.665389069283414
29820,-0.8323021084630614,-0.566814191392961,9.954687942626204
29840,0.24555692884175945,0.1428187607180933,10.033438760621278
29860,0.894553886399919,0.6005992316552982,9.617528581967601
29880,0.9794796878588774,0.8934253044531758,9.671110729542889
29900,0.8746726817300655,0.19376011827495587,9.820514241586785
29920,-0.05900145698327591,-0.2918670981216098,9.423038214690601
29940,-0.849565065348912,-0.4960403412193117,10.548711956930902
29960,-1.0366955657615011,-0.7793727046253988,9.78459063751855
29980,-0.6617610588375791,-0.46843939908854443,9.549256519740212
30000,-0.14852917857058026,-0.06470071830568813,9.558679459853881
30020,0.9347044632764674,0.7485102880631136,9.976982054876878
30040,1.1400374466210927,0.9620366412933701,9.481982958346087
30060,1.1587709131125081,0.3613792845387074,9.77587976454405
30080,0.20126654043783662,0.16217047718300592,9.87256970825621
30100,-0.7408752805815884,-0.529418485315637,9.843908936196318
30120,-1.004607530964945,-0.6661776342300993,10.133948044985724
30140,-1.1220891755122424,-0.502097408084162,9.524843302568392
30160,-0.36973303777966204,-0.16599448245170517,10.047297930271482
30180,0.8299594537026871,0.5357708721578684,10.088334567609442
30200,1.016913521033989,0.7952278093573075,9.588125090500782
30220,0.7295490578775883,0.8211064480917187,9.445851829735535
30240,0.6048250727781321,-0.02387991287942781,9.486793208498634
30260,-0.3333312166985427,-0.13422231769477905,9.93033720145091
30280,-1.2815869401855577,-0.6657387697296151,9.774763141843765
30300,-0.958047285337051,-0.613527874297749,9.314778576291072
30320,-0.5353838394348194,-0.4001356340668984,9.676887284540193
30340,0.28591100732274255,0.2631998334780115,9.893105722230679
30360,0.8884916953973185,0.7496759009722822,9.67045758662013
30380,1.3008803922008734,0.8166882357904974,10.10090794528114
30400,0.6962306367466558,0.37155115886624235,9.709335531738182
30420,-0.3706496052097746,0.10991631824022709,9.880114325225206
30440,-1.1675772308206458,-0.6381325502772814,10.209113614908112
30460,-1.0413074418751544,-0.7359234017016942,9.837772678074733
30480,-1.034603497564155,-0.4880054584891429,9.692816041760205
30500,-0.004761853175412066,-0.24412429318768397,9.955484877256694
30520,1.0337887717365886,0.6868670438625608,9.609208851254674
30540,1.2405907218927215,0.8500180394478609,9.423234006957161
30560,0.8115574713885197,0.6640923666910672,9.727501541386252
30580,0.12573148136812812,0.4220303476596823,9.60843836266674
30600,-0.6369118614849922,-0.18356217490610732,9.104966244357009
30620,-1.3872233456468004,-0.510146434082438,9.902564916596955
30640,-0.910998238049382,-0.40936272994535017,9.68107849156726
30660,-0.15093113248039114,0.09604934516182348,9.854295584793102
30680,0.702613467850977,0.42047598481613596,9.757887952302319
30700,1.1525591988791208,0.53762473511595,9.91404416430157
30720,0.8648141640910659,0.646987751524395,9.953283905999823
30740,0.4045056005786982,0.16733888912560085,10.153983495707692
30760,-0.38574253463508384,-0.1087410333224697,9.695786568545271
30780,-1.0399563407093693,-0.7798282326929536,9.646302792716316
30800,-0.9086863928630386,-0.8188931209048691,10.223904900478422
30820,-0.6537428272619096,-0.33738460923084806,9.853834833465676
30840,0.389515041048431,0.2579865532694274,9.874031542483106
30860,0.9259088797610351,0.8143974210569329,9.965005250304705
30880,0.7422740451342974,0.34365011156365605,9.690112426286984
30900,0.9801076434791143,0.22434093043313,9.80468189935116
30920,-0.2139039649052527,0.2750867672144449,9.638859771442357
30940,-1.0412751103278097,-0.4701625448819672,10.08788712854444
30960,-1.1858472205484567,-0.7398903953534994,9.979495915406144
30980,-0.9123816282776033,-0.5605540436355256,9.798172699491957
31000,0.1809408841199261,-0.030260583046230555,10.29146655120029
31020,0.771178784198797,0.4399786706413799,10.130707826246104
31040,1.134580181375648,0.6819935731313296,9.618809007781913
31060,1.0881614137205542,0.5224815458935185,9.611895567660438
31080,0.24458336576579298,0.11239715325075822,9.860016392325493
31100,-0.6170265094779291,-0.4850468414440045,9.795969347013418
31120,-1.0075333248604004,-0.5061501902770198,9.54545895076202
31140,-0.8239814559358031,-0.5290076770105836,9.602577274643378
31160,-0.24463365607706683,-0.051987738109829956,9.539090024177048
31180,0.5076214907906211,0.25510826312745016,10.109544102399184
31200,1.0803233172118505,0.7039212531770496,9.825735783659182
31220,1.4135377942634317,0.6363432320523896,9.989898228022591
31240,0.31801695562683163,0.3875596567852447,9.72135105910373
31260,-0.4509830020179781,-0.43076576099679764,9.757946956821653
31280,-1.2329281896825357,-1.0636664929496908,9.649407889710417
31300,-1.4201846028893554,-0.7119124932629285,10.101003555719842
31320,-0.32820088976209616,-0.39888319184287285,9.743387363928829
31340,0.3446388877210148,-0.010193964737289035,9.504104601951298
31360,0.693402085451954,0.3741940917720194,9.810971465720659
31380,0.9983914786180382,0.8307626628782916,9.765002246409676
31400,0.6588942286657355,0.24063440573415704,10.099598324743962
31420,-0.05292664756369293,0.09685480039172512,10.114176760327213
31440,-0.8179039135986423,-0.8466941176604769,9.752789095685834
31460,-1.0443137369536215,-0.7378986451328978,9.635106285286051
31480,-0.8068032795506158,-0.5960186916127369,9.848024759031269
31500,-0.26097950938494907,0.05934869029336454,9.913873875553525
31520,0.8496990535192257,0.7025782810000988,9.683724031166658
31540,0.8826605470969442,0.6919579253833275,9.805263152836124
31560,1.0738486420534517,0.3148287789319527,9.67948252430833
31580,0.2777594570598101,0.01970927728393554,9.591087764260575
31600,-0.5951064678204269,-0.40050343590879467,9.88870185629957
31620,-1.2182380984840484,-0.8693669203499013,10.213399459860062
31640,-1.1065008319860539,-0.5744550799956601,9.64510463219342
31660,-0.374553445851794,-0.2617369732532615,9.684045593987726
31680,0.5658801826636106,0.28894205128686357,9.808686077674365
31700,1.0141798385512781,0.9260444540979649,9.929404550338848
31720,1.050505093021204,0.5192649221342254,9.684958649601661
31740,0.1954641520798019,0.47438359922112705,9.5472664020166
31760,-0.3800842173612755,-0.1999171455822979,9.639109019223302
31780,-1.0333223829605047,-0.8647848449470881,9.58610353368074
31800,-1.0279888141116402,-0.8452780405598437,10.025585785446044
31820,-0.6232504153624973,-0.4056655328405608,9.889733385235466
31840,0.31893866785628067,0.04603055237253775,9.885598628703375
31860,0.8575244278476124,0.6151902762994388,9.524693182165672
31880,1.089707561148693,1.0285601018458443,9.897177765706697
31900,0.5453390630594631,0.5261971814929053,9.950500537912639
31920,-0.14655251092327123,-0.1896155467639156,10.018898655828565
31940,-0.9216403935794732,-0.602511098182062,9.385541733443574
31960,-1.4980236001406952,-0.5203911836986452,9.960763938504998
31980,-0.6549260583799894,-0.44679951163007586,10.366202685263602
32000,-0.14150083076737127,-0.14678499009748663,9.684950410872434
32020,0.8603723303483063,0.6001649963321967,10.245677273692511
32040,1.386146722273267,0.6298810361570866,10.182586622481589
32060,1.1680429638739809,0.3653285130943835,9.776293194163985
32080,0.03109311893482268,0.06880499214202622,9.647838435880903
32100,-0.7662734927341589,-0.2254548417052886,9.65367540946426
32119,-1.1853376020844348,-0.8835047148469963,9.494658961516016
32140,-1.0813289404806825,-0.5709694779555525,9.83796669853403
32159,-0.5551794635254801,-0.11331308273061501,9.941276559963796
32180,0.8535858835565697,0.6707892258214494,9.531382750823754
32200,0.9796709830594564,0.6668007147985989,9.898056686532305
32220,0.9799826872668166,0.7212160523091748,9.694419670351147
32240,0.5332262709907817,-0.016267325381449427,9.954370185917412
32259,-0.46777252179425455,-0.40201523073486317,9.642201923208933
32280,-0.9191877404216955,-0.5889900604101744,10.08790712442359
32299,-1.4271040567558737,-0.7518859220663048,9.862117010192025
32320,-0.5668727748956736,-0.38778030320409734,9.785487726031677
32340,0.25057147209051434,0.044794289524040076,9.84662364328825
32360,0.8384918342271732,0.9929370605743646,9.57406024893008
32380,1.3768909379495773,0.687623358182556,9.650402862985175
32400,0.8386409934220094,0.527793099528315,9.71103392865731
32420,-0.00843894985605867,0.14171478368564278,9.728597143638048
32439,-0.8197469025378255,-0.6567735540608994,9.653592281935298
32460,-1.0542069869790804,-0.43892675425750755,10.027218066912646
32479,-0.6216054035600715,-0.41919025288948625,9.840129889403963
32500,0.01527506163956191,-0.1069336886386787,9.889907167521862
32520,0.9157797730669717,0.3659478250770505,9.913264833157523
32540,1.113152538457065,0.9664653589501933,9.634730195654928
32560,1.0188340778873681,0.593849040276316,9.933336566968858
32580,-0.043484158519147914,0.2608944655305554,9.870240674955364
32600,-1.0298596135437228,-0.5758335254998224,9.636664634832384
32619,-1.0757688471298386,-0.2916113304478261,9.626281591640133
32640,-0.9777719964013166,-0.4410857560241761,9.839419564020917
32659,-0.4238607617826382,-0.3318827135043303,9.991799033061984
32680,0.7223675913650466,0.615105158463352,9.587674753905024
32700,1.4148848841227264,0.5662712758236509,9.67313791021747
32720,1.3944093201280536,0.5948432278046661,9.708399710149653
32740,0.5318932080203089,0.031548636907606314,9.537852582275638
32759,-0.386581500880286,-0.27332645099111785,10.246240743078188
32780,-1.1024679340792514,-1.0429053196114229,9.789384131011229
32800,-1.409749612544628,-0.6298278539695776,9.535337121345236
32820,-0.4920217919426376,-0.12862505157471293,9.761616810586435
32840,0.20832021624648328,0.3031572284274642,9.558348570137143
32860,0.6809848119608417,0.5357916950768138,9.88888585888694
32880,1.1739774174989739,1.0787283802595662,9.632443634898106
32900,0.7724394884931666,0.3679326229083588,10.032702079132422
32920,-0.13122114262197374,-0.006644923461611316,9.615465806766496
32940,-0.9161356735604057,-0.5083918886050609,9.815409768610772
32960,-1.320886792765796,-0.7106117371661046,9.559737991124873
32980,-0.7778234492958488,-0.4313548035912649,9.711554389718398
33000,-0.0690846963132861,0.15493872792380675,9.476873707753045
33020,0.8834671438782571,0.4708759795769999,9.548057599328725
33040,0.9651016786949109,0.5942100673030131,10.035121556162004
33060,0.8628737181326864,0.3808294348202772,10.081232510051365
33080,0.20356636989175364,0.11594674791505959,9.502473267812556
33100,-0.5802439259125303,-0.47403874759946873,9.774143364495744
33120,-1.0603096214230847,-0.6851964398023399,9.962602017347217
33140,-1.2233514425319452,-0.4457077472304587,9.458317255750613
33160,-0.3923803491526371,-0.38187217354466463,10.015346495624055
33180,0.34902765749601977,0.4894469736233363,10.026260951710738
33200,1.358567155216814,0.8351508888096484,9.617263591490099
33220,1.2733060644178813,0.6949916830807222,10.111275385899972
33240,0.5814734375528864,0.06666394605051432,9.929344476011579
33260,-0.32096689425090047,-0.21865413314917553,9.483675192193903
33280,-0.7818752705595979,-0.8011992328298211,9.893687603982839
33300,-1.0244625700112016,-0.731039869544149,9.902615400110172
33320,-0.7161677574869558,-0.33631669370031175,9.935273408308936
33340,0.36921280828979286,0.06979511930453348,10.05817740257489
33360,0.9356167954220647,0.5131153234708398,9.951816620619363
33380,1.1448063966398867,0.5901553107526657,9.537873569532108
33400,0.7003099188876267,0.5277136822240533,9.51878816046793
33420,-0.25592954178579025,-0.036473526002423685,10.040194504817073
33440,-0.7490535507180978,-0.5765375509723569,10.128688158819148
33460,-1.0858958652266806,-0.6504382137592017,9.69316948261005
33480,-0.9200883309149535,-0.5424699266005059,9.82358824861951
33500,0.07781221441172068,0.046682384557033586,9.554695444987683
33520,1.0178801597333043,0.5366187990427109,9.856344366527232
33540,1.076782693435749,0.6321237660418266,10.149592048044168
33560,0.7506150228155055,0.543341837233308,9.883082260007491
33580,0.3559703179791306,0.32680367977888913,10.192726503320687
33600,-0.45649937368968363,-0.17977171601233044,10.296728917966073
33620,-1.2022669139630198,-0.671206942390879,10.056896193421753
33640,-1.189711321674544,-0.5099968037963638,10.367314152273543
33660,-0.13110227097887361,-0.3658828978904009,9.891016657255374
33680,0.5192014838835092,0.09827958346307372,9.813410074881558
33700,1.3675529070022687,0.3327925404741994,9.757391317240558
33720,0.9420961964645832,0.7233237090579061,10.047861436435355
33740,0.4624408151957683,0.47844398981241376,9.879547058603812
33760,-0.43158309697506203,-0.22140832778618896,9.807090214449467
33780,-0.9552187693625229,-0.5928599387655421,9.78231862595173
33800,-1.2029380255630595,-0.6326301177007074,9.651400946529831
33820,-0.5060848910739397,-0.35053012646323134,9.93735346157231
33840,0.4111074033847361,0.04677488784212186,9.626353126712981
33860,1.1421002995099214,0.6500998741206232,9.34534496291055
33880,1.0863870127407826,0.8239593465884466,10.094825048244507
33900,0.5044818364021021,0.4534939932824292,9.511198941505038
33920,-0.2167643517595304,-0.16179149951576616,9.86176239957011
33940,-0.8598478284573841,-0.7807460042858747,9.779783424878584
33960,-1.08968179114866,-0.5165472924197161,9.880159456147776
33980,-1.1512879395627613,-0.21932116845229988,9.712137302412092
34000,0.10115260243884915,0.2799227661610496,9.714684321910232
34020,1.0395913164073085,0.5186968609400455,9.666572878176977
34040,1.2340657256719427,0.7027957390360422,9.946447651527297
34060,1.005277775425852,0.7028805458409588,9.853989817788039
34080,0.20780078362099813,0.1131311478935591,10.29912502193359
34100,-0.7656393933438118,-0.5496614777697009,9.566434884173775
34120,-1.190797242236502,-0.8813928402679229,9.882566157376358
34140,-0.9932314994132443,-0.674342974598013,10.308965074061877
34160,-0.44603264219941074,-0.23915458827518105,9.949702308703248
34180,0.616171465867358,0.581958276065967,9.61986476571575
34200,1.033791182430479,0.9103334273132364,9.876042321609807
34220,1.474118463649876,0.6252127899509764,10.076158221615588
34240,0.2554855583663822,0.25655012444034814,10.01139868555139
34260,-0.3581186285915001,-0.03425406016046373,9.924645213703112
34280,-1.2392823226510055,-0.8242902161522201,9.669033264903753
34300,-1.2534548690316454,-0.9524120652573365,9.820960680662534
34320,-0.5815303605418563,-0.36862911235446016,9.547002516732917
34340,0.4649918755543544,0.0520322694994334,9.929704887203542
34360,1.2622845690061602,0.5322512806837396,9.68267427806755
34380,0.9888923951251091,0.6930447481609884,9.882787183032077
34400,0.9064291040696657,0.534373103573487,9.836589099544776
34420,-0.20215539067902263,-0.21940954423320452,10.074467229667544
34440,-1.0644184854123588,-0.21548290024775607,9.793081213744745
34460,-1.1422867012972244,-0.9069057272967808,9.83819568378851
34480,-0.9534341795264769,-0.31168446064735034,9.83950896433051
34500,0.18017067762968336,-0.10165272714325464,10.028037205132161
34520,1.0491426139946194,0.3856296261393566,9.62441428187488
34540,1.4955213171500334,0.7263810037525428,9.69028978152892
34560,0.9677068120786406,0.5937206752938827,10.256364185601988
34580,0.23304630310554483,0.15395326025909314,9.639705661376262
34600,-0.6565301536167457,-0.4687153681115167,9.88941594323596
34620,-1.210594003956914,-0.8128172971096042,9.65217191718271
34640,-1.0814394574380333,-0.776728898975718,9.245813921433209
34660,-0.3723790109042837,-0.025433250690982512,9.74640243991122
34680,0.6815160376558681,0.2644237983238473,9.860586549711707
34700,1.0102879988705364,0.4921743547232358,9.872022577049602
34720,1.0785416990894963,0.437700778316671,9.776321022486382
34740,0.39053225574371914,0.2159469904039354,9.252071240964323
34760,-0.6161863651841138,-0.3140875822423526,9.730801768458083
34780,-1.0588547997220985,-0.8354441171621515,9.846348650035319
34800,-0.7415742183922968,-0.8474091467472712,10.24747663457875
34820,-0.48365968505635654,-0.24493327814272264,9.629533636829517
34840,0.3004724929211059,0.2701846161085468,9.643123941375503
34860,0.846252211037947,0.6501460174410749,9.647518871508098
34880,1.0891742129001685,0.6217200250228749,9.645094479531934
34900,0.954005967118707,0.3895613012619661,10.0425201950975
34920,-0.4628331506356431,0.01921614194925042,9.785879668540185
34940,-0.9653443295860998,-0.6594394860743249,10.072009168333063
34960,-1.0154976051232527,-0.5450908055952621,9.624290001939784
34980,-0.7950275659891888,-0.4191815069570397,9.845715384121439
35000,0.01306785310890131,0.03486266602671703,9.540820613675809
35020,0.6877349779154369,0.4545816682231675,9.823803794847835
35040,1.4061603116381072,0.8863905412520784,10.081750354977865
35060,0.8999291336167391,0.6664438640393837,9.968551588493515
35080,0.21123778986701613,0.16840875304406772,9.635917283570226
35100,-0.9606807819931458,-0.3910989401157623,9.935183204660099
35120,-1.0451161922098513,-0.7337983073623483,9.781532771548456
35140,-0.7864704726509233,-0.7879205013747377,9.922020855149317
35160,-0.15876499963857144,-0.14534836582006377,9.67912678794118
35180,0.5299060488708266,0.4321203625488174,9.447534995278119
35200,1.185344429506138,0.6607420076521059,9.608678023316601
35220,1.123387702739363,0.37935095084403814,9.57584352611327
35240,0.4562216808587532,0.4193823118625445,9.3603520944632
35260,-0.2253522421434867,-0.24171868228191273,9.72674564066754
35280,-1.11280786214913,-0.5154914824682163,9.778353275792773
35300,-1.3206604549496133,-0.6125244627724215,9.666445474720899
35320,-0.6865781309211653,-0.5696118927720275,10.288642348264968
35340,0.4616553588233109,0.329577160196694,9.79020204436458
35360,1.1968005850544643,0.34367918704068945,10.049934446190356
35380,0.9144019934474938,0.6440027586319289,9.603303288054935
35400,0.6428012190649788,0.19652060165466748,9.645184252663766
35420,-0.004317187292937036,-0.19259436532165475,9.517259702445783
35440,-0.9633052433737781,-0.7992175331538312,9.594703523864535
35460,-0.8339177283356045,-0.8472833847843209,9.74498782738401
35480,-0.9285765596435187,-0.660613874134803,9.715740418882245
35500,-0.21577195485981185,0.01728864601879524,9.605080104863804
35520,0.884134606585796,0.48793987512382325,9.555459624940614
35540,1.1394285184065651,0.6984909931472899,9.87742096413856
35560,0.9731049560798459,0.47056631621687206,9.74790503301205
35580,0.14161937259994545,0.04704001833540636,9.887208021852071
35600,-0.6248632803255268,-0.6643435831982487,9.850450634517431
35620,-1.3491737080878787,-0.5977906935327106,10.049613684337166
35640,-1.093640474737691,-0.436443276061124,9.336991781942364
35660,-0.5121598730993485,-0.19060002455581868,9.871475456369131
35680,0.53220001648079,0.29124352311839824,9.348726573622343
35700,0.9696954313701137,1.0044014648055457,10.025266906177922
35720,1.2134073464085446,0.7440801518716919,9.838731692956802
35740,0.8071569227706026,0.1475835516518243,9.789514483058511
35760,-0.4185478883061087,-0.3023230072269914,9.744449005939144
35780,-1.0868550004149786,-0.7289116401640008,9.799987555086503
35800,-1.234797264792839,-0.5893256601754019,9.292008459748839
35820,-0.39882331382226754,-0.2635217320251648,9.671443479848561
35840,0.455846262223566,0.44814845238552015,9.559770011858562
35860,1.2040257132819943,0.5749665979127279,9.837325994388012
35880,1.2757506887401828,0.8302227538678054,9.54939857231672
35900,0.6340723382546807,0.431443613093778,9.515128426378173
35920,0.023618892809430803,-0.06028785554083728,9.842820048210939
35940,-0.9892167494969664,-0.6334887115446978,9.832041308148629
35960,-1.2155258081662534,-0.8129146133511715,9.72427257930623
35980,-0.6117343223412506,-0.32588363795734787,9.757963514523066
36000,0.17293053721658538,0.10635917852963861,10.033028557658689
36020,1.0217603035794627,0.20902985196423868,9.78161541223132
36040,1.2707394656744786,0.8700685174094611,9.730691547697695
36060,0.9357168553051142,0.5872157267919468,9.812201662853921
36080,0.14088706252000263,0.04271017732727359,10.019511732985508
36100,-0.7199388602716514,-0.6161803338814228,9.60569144229001
36120,-1.1606501522183632,-0.392521948189712,10.23551759584531
36140,-0.9710474740789612,-0.6992619945705709,10.104441111911006
36160,-0.42183921333592006,-0.26622948490136045,9.633064410182095
36180,0.5135472813772157,0.4182646436305399,9.95816529731617
36200,1.2407646135902055,0.7637926070661555,10.171441054397068
36220,1.221522139804603,0.30306854257879834,9.890647829682685
36240,0.39758291934574186,0.046432443041161287,9.54651091679932
36260,-0.4990750623092266,-0.28870063819493447,9.657678532857194
36280,-1.0570841229908106,-0.7578784080429088,9.753796848811689
36300,-1.2105873556048021,-0.7783364625968596,10.077078311768625
36320,-0.5636950516031918,-0.5151578599056551,9.529676548612903
36340,0.05883954788098367,0.19702456767178006,9.7014096993339
36360,1.078426915646304,0.7587097202926821,9.453268760064514
36380,1.027341048981423,0.8538709002951556,9.8666963986133
36400,0.676818515522196,0.40909740996420835,9.508098302925722
36420,-0.3924607050957142,-0.3856130483362417,9.573396264452523
36440,-1.0625129837411162,-0.8884746918864731,10.127552614392114
36460,-1.0895538043134205,-1.0320931171726175,9.463603660441914
36480,-0.878237677981219,-0.6599206690017639,9.883004125322087
36500,0.21419810786673693,0.08630310473895719,9.883642593897783
36520,0.7828856677173867,0.4874234308575871,9.630029123304235
36540,1.2575926356614047,0.6941298208963969,9.754445295460593
36560,0.948981794413131,0.4566868212029291,9.987235556174431
36580,0.12284413519398896,-0.10950946284941379,9.405063562923107
36600,-0.9041530300828631,-0.36497130407861494,9.518532511072202
36620,-1.5662668626295981,-0.7925933557081241,9.647655455068136
36640,-0.8650095015871003,-0.5460455910782938,10.103647507482847
36660,-0.5701877527820194,-0.27721727993873607,9.407866012871319
36680,0.6375460321477668,0.3223426817968875,9.847487984920548
36700,1.1909896308896402,0.31552724680960986,9.977666515760433
36720,1.2337053345459634,0.7513595551163744,10.122730094193061
36740,0.4757672178890079,0.09596546076504522,9.8280039643251
36760,-0.44011048477073206,-0.006119889812487511,9.905130569435787
36780,-1.1156849367635542,-0.7763221535626994,9.5894562794372
36800,-1.2443799063107388,-0.7350927126700614,9.571036155569752
36820,-0.520633102130124,-0.38063948524351326,9.793007972416557
36840,0.44397406683878093,0.1305979808403116,9.607784809181297
36860,1.0189478460815828,0.7140034201528694,9.714805923430053
36880,1.300823333106267,0.8984298622737112,9.986520034001257
36900,0.5263587968277985,0.3378193758235216,9.899762586679984
36920,-0.18141738280353356,-0.0736638155133285,9.445517149919723
36940,-0.9880294662171744,-0.6394764599160443,9.701884201145248
36960,-1.2727914420058133,-0.5379922440739922,10.1260584790641
36980,-0.6596310262983519,-0.7422899903799454,9.692596039847546
37000,0.042492909200432874,-0.2378080655142864,9.779119459781215
37020,1.0136641361142507,0.49932400369162877,9.774040281644286
37040,1.2508396135522488,0.6892345611370272,10.100444256733763
37060,0.9474426939453087,0.5243471233434551,10.126163613704948
37080,0.2215784263426516,0.221090888038077,9.804045061049454
37100,-0.8982873307372947,-0.39119217178915644,9.573787306848054
37120,-1.1527534434223874,-0.6352490773863324,9.85343589650482
37140,-1.0533417455477367,-0.6923579485376907,9.831834243587458
37160,-0.426403657422809,-0.05271368964880199,9.93665289957217
37180,0.598550829921488,0.17913384767685353,9.611389770028989
37200,1.0208088675511235,0.45392614525785424,9.68092631895335
37220,1.2414810145849953,0.8381906224944426,9.330172872439448
37240,0.2520972374947199,0.26591678817117975,9.781677990706745
37260,-0.1459719399426056,-0.24245210429070593,9.586069215198043
37280,-1.148976632888503,-0.4108139855512152,9.789320050957029
37300,-0.9282294859716547,-0.528163543560606,9.561156812946132
37320,-0.41570928342625835,-0.3492064953334891,10.203978774159523
37340,0.5310878549896708,0.23559794941542264,9.532254440740347
37360,1.006191066948089,0.7512746149761222,10.100490246504172
37380,1.2062240991566284,0.7328534331533985,10.084915189580187
37400,0.8965746839044012,0.5806579373840596,10.032620518084153
37420,-0.0478532676005933,-0.06201831643485874,10.0496435498039
37440,-0.8974217322239514,-0.4651770160481585,9.86158358430737
37460,-1.1509444078505022,-0.7330621323042069,9.339145748444775
37480,-0.6728069130923854,-0.11901490136927206,9.744181515109588
37500,0.17772554331757998,-0.01823422440724097,9.790398834288206
37520,0.907291256193764,0.5733588820887346,9.482271731950979
37540,1.218974298724345,0.7109102125928963,9.861392702245828
37560,0.8365369236557196,0.6841135228103012,9.901002411923653
37580,-0.10512089578881634,0.05414041889264997,9.67436135388902
37600,-0.4903447136899932,-0.41503783199371747,9.614132452381938
37620,-1.119729244571762,-0.81116087761463,9.935355841631898
37640,-1.1435832643584194,-0.5043302094190023,9.803735217253317
37660,-0.38644492346240106,0.04647868025823784,9.669469284040622
37680,0.42068950095358393,0.37082639866917994,9.41726807981836
37700,1.2659914912068697,0.6849887319509153,9.695382066076895
37720,1.1655875730724845,0.8232304597918454,9.969429151407281
37740,0.39310623391798494,0.4287574572109135,9.662731295681288
37760,-0.2958458708693171,-0.503194834945214,9.980040731646925
37780,-0.9960366808135598,-0.7464836670632473,10.083509358002418
37800,-1.1646873379761435,-0.7969484615240054,9.848882906360009
37820,-0.5759001111360854,-0.48959078623920027,9.778841364211416
37840,0.3103775552580773,0.14011195017841638,9.854107216623198
37860,1.022301020338262,0.833861267973987,9.76609922836369
37880,1.2469173086008754,0.8028709939054677,9.547693964860443
37900,0.6462612512909545,0.6017704752412023,9.984995966493724
37920,0.05030822274119939,-0.011707929436677311,9.575893315464967
37940,-0.8765120422227012,-0.6754509383026136,9.808840161474006
37960,-0.9175403881901931,-0.6497766411174056,10.006226464884964
37980,-0.8177617754643522,-0.6451632650474672,9.586940414147076
38000,-0.036727785566341466,-0.27551273395993076,9.965308589992679
38020,0.7242051233877944,0.2530817588547481,9.697630463802643
38040,0.8585869445182989,0.8286738200417536,9.87382494569827
38060,0.9789373001833759,0.41247000366407605,10.021918079079894
38080,0.49703860665802546,0.07470201742191486,10.020759070545425
38100,-0.6959679753358151,-0.11922897226638512,9.36822703309575
38120,-1.2898712112040198,-0.8020189170310634,9.77207097692112
38140,-0.9743432537076188,-0.5224578770313858,10.078624464201049
38160,-0.1282363672831722,-0.23243633903138217,10.111424976177304
38180,0.6786035740198025,0.5053557493581815,9.91272877217552
38200,0.9579189934150577,0.7049528519212751,9.37368216053533
38220,0.982426345268709,0.5339112063632224,9.738051737753121
38240,0.26499851135041086,0.29140555029665244,9.738017889526633
38260,-0.2549912740929887,-0.16405382399110574,10.075813763766439
38280,-0.9674000261911979,-0.7593357748492624,9.865670930730534
38300,-1.0482812562847588,-0.7459580445618229,9.790627117572576
38320,-0.614604814878202,-0.20541939107498253,9.627300108668157
38340,0.016539586362612213,0.27117866024921056,9.661536013093475
38360,1.2307222468264798,0.29148532581197895,10.066065731857575
38380,1.28321099890455,0.8604818855381412,9.810574480438504
38400,0.8559487876993768,0.33577141073353794,9.548716426278684
38420,-0.27652376279730206,-0.16826301531801607,9.89717627077827
38440,-0.9702242141691113,-0.5501380202479189,9.87280041505779
38460,-0.9994060438902961,-0.7672949306635322,10.068561182177312
38480,-0.8793398963331288,-0.3010389327203128,10.341800915275096
38500,0.18986951011577316,-0.16064525250321834,9.603523332453141
38520,0.7266657646731198,0.45288137758593855,9.936040040951784
38540,1.2004694908455469,0.8878156622392246,9.852906046581673
38560,1.0582056407346223,0.6068989811515468,9.9532780525314
38580,0.1783356773633573,0.3611221578853867,10.020349967332594
38600,-0.7152984866931978,-0.4113984278136768,9.42688233215433
38620,-1.297453756424392,-0.5774399227332101,9.533687111778676
38640,-0.9061517801199841,-0.6180195667418297,9.906709868607225
38660,-0.25670266126792274,-0.1241117291023544,9.96485314199658
38680,0.6187325870015455,0.29485701483820775,9.914842389374071
38700,1.2445880730778607,0.8044223517585033,10.17638876835334
38720,1.1036513247944655,0.8561048284783402,10.329721423502427
38740,-0.019430092235889818,0.2807352938410328,9.902689457103405
38760,-0.790965715827604,-0.25793647653645296,9.691844944600799
38780,-1.0189883478479274,-0.4850394216021301,9.849812133747674
38800,-1.0716551572969355,-0.5984780222153887,10.379868524912414
38820,-0.6241736585761288,-0.4067071524884035,9.840542708542909
38840,0.2697114555903611,0.04737701934854782,9.999305237321213
38860,1.0328914975376307,0.7771529814124255,9.5647067155984
38880,1.4155177166916375,0.43768552018862117,9.576911772587609
38900,0.40996286298828527,0.43483507567804375,9.929728201338587
38920,-0.14269074308189864,-0.15510608814323396,9.618259243753915
38940,-0.9764946874944446,-0.629511924662087,9.952293659881567
38960,-1.4063975627380798,-0.8719478192040031,9.667345521933758
38980,-0.9626119520490559,-0.24024207902104605,9.769708567171463
39000,-0.04422001585623312,-0.11131460918649619,9.68480767415544
39020,1.0066040610905036,0.5870722832055721,9.990289892340302
39040,1.3673572833578096,0.7056584797865992,10.008470705991153
39060,1.264082150840581,0.5998905755712636,9.690935703421783
39080,0.42076225053467786,0.10677255800898329,9.548082746424928
39100,-0.730573010950132,-0.47462378655257276,9.850190833079717
39120,-1.0286252756247753,-0.6776134396826538,9.741813995436504
39140,-0.9858407507815612,-0.5010085298628567,9.913593469103255
39160,-0.38993360497824947,-0.3961834823867304,9.918247613094628
39180,0.5291553857102098,0.32746018220124,9.887051663958806
39200,1.3980175627153837,0.39117741194850747,9.992046878144853
39220,0.9977851706092263,0.5858348035714434,9.70831596033908
39240,0.7313792596039514,0.02314823340524655,9.829557076614714
39260,-0.4177716811063862,-0.32371759623356255,9.720131097323746
39280,-1.0675917585406491,-0.7861106919122907,9.205975506253885
39300,-1.1831722635525814,-0.8228329303470464,9.549962202658016
39320,-0.9206278807367251,-0.4631164183565129,9.85801596898416
39340,0.2492701244726766,0.23873245776292923,9.704298238013727
39360,1.008964958835965,0.763900852427777,9.914478175964632
39380,0.9908171551487285,0.7100639676341077,9.867592651510815
39400,0.8773048609069385,0.6293447724771875,9.634653466335582
39420,-0.10609465370316873,-0.11415374537204662,9.702957146550533
39440,-0.994260655842819,-0.7014199363230353,9.875295438823077
39460,-1.1640816470472353,-0.4359239460403633,9.48956469750633
39480,-0.8964736281192424,-0.5309259630744423,9.837225375485481
39500,-0.19423632588593912,0.1440182385819006,9.646337610806587
39520,0.8222219190030404,0.42788588074155254,9.362389265502422
39540,1.1481768122785927,0.7345691066661917,9.682410698782471
39560,0.8038277317730752,0.8337850456194136,9.184321006763673
39580,-0.15211550402442894,0.3883668581083355,10.079032183904872
39600,-0.36153369626690396,-0.4320336185886391,9.623636549793787
39620,-1.263145399355407,-0.6058281498219444,9.790532661625843
39640,-1.1155076042796628,-0.43195158542868506,9.550369574276525
39660,-0.12637619385042403,-0.10189781998601458,9.560562433873073
39680,0.41203159655569566,0.46843719406554263,9.608342496492238
39700,1.0310921772321409,0.3910473867835432,9.997587205727289
39720,1.1593433401237254,0.8409694869088489,9.868866940530285
39740,0.400310730684302,0.3873494659294671,9.523878718603775
39760,-0.6561843776700174,-0.19066001085107676,9.64410794265458
39780,-0.8738201557890675,-0.710915062052237,10.07519564039148
39800,-1.1890768101287068,-0.9088598461312056,10.10968953045962
39820,-0.4286826967749571,-0.5245439964203671,9.749477790762668
39840,0.47330973156301526,0.4902102117230076,9.655803805295381
39860,1.055549087816568,0.6249971748938355,9.704847258357935
39880,1.1068391537461848,0.9401131360462138,10.083133548531556
39900,0.5922108030061537,0.35009918226444825,9.94373661098991
39920,-0.2982285027488739,0.004134366519493574,9.507484458785038
39940,-0.7628717579257503,-0.4328962176290615,9.797080937790648
39960,-1.0850633303831276,-0.6557169528685353,9.836376578714905
39980,-0.5136533179813829,-0.2684391716189735,9.537973149664333
40000,0.07280259111183036,0.01238525435896143,10.038413501906774
40020,0.9991156045451264,0.6187763973902598,9.987572340939671
40040,1.1201584828839388,1.1129207879235214,9.591457077762168
40060,1.1665627365293691,0.5715537450634453,10.000135280786699
40080,0.21920105195251255,-0.02675341568160608,9.905998877814197
40100,-0.7551261032049312,-0.5978341286407657,9.793895530152712
40120,-1.0526172147758124,-0.8059996906364035,9.78222038965922
40140,-1.0306559532557327,-1.0161441317882665,9.607860983192008
40160,-0.023189129058013513,-0.3951243256332605,10.047941701710739
40180,0.3119409253264619,0.34525162539255083,10.00733180576342
40200,0.9628862866637935,0.707150126290855,10.211761522893942
40220,1.2414004354501411,0.441511357434581,9.641118676331024
40240,0.06996248802316629,0.11504696240648551,9.710889200015881
40260,-0.36711465369748186,-0.31745810161002347,9.917262292532914
40280,-1.1754912519736518,-0.7118698055832191,9.531868667034248
40300,-1.1349478242572462,-0.5367152160130872,9.599203992659966
40320,-0.5278168990958484,-0.4447754637791726,9.54751508259711
40340,-0.034744440198562376,0.24512878538488408,9.784580617244997
40360,1.2934161369213864,0.6074504073202098,9.835284186195677
40380,0.9799424762716311,0.7344533471542648,9.426497588678775
40400,1.043603359599431,0.26299425937305687,9.768495457913936
40420,-0.08769242010610433,-0.15266774464611652,9.970123166184656
40440,-0.7580593360787932,-0.39897457560602745,9.790472543376971
40460,-1.3292692540854694,-0.9677599265558275,9.893271633922978
40480,-0.9110102065901945,-0.5510337865342906,10.13112375307253
40500,0.0019885757880146004,0.06209546913635956,9.751846537071382
40520,0.8236714297541035,0.4607187302220571,9.90022432678233
40540,1.2786665612443304,0.6450941020595257,9.584772799665231
40560,1.0392702574607753,0.5535064256149379,10.062026612899864
40580,0.19352895216821386,0.4587488586620054,10.011125906809799
40600,-0.4736047460111701,-0.478956331235782,9.728606825076088
40620,-1.1626288109007734,-1.0172837970165747,9.548751002818479
40640,-1.273850032658316,-0.514621813080738,9.738904984679333
40660,-0.21721488796484134,-0.15664037977860787,9.744709826805249
40680,0.2874050605065777,0.6234394800865839,9.767050771393839
40700,1.2761141772346836,0.9257288683817732,9.950925605788868
40720,0.9023551893137689,0.5660199019867057,10.03028396935554
40740,0.42264878498630404,0.26138648992861985,9.708180186663558
40760,-0.5240636253813639,0.07739611996973728,9.484845725695067
40780,-1.0446551631142829,-0.7560010360994956,9.505690619994533
40800,-1.049274409467315,-0.8880469574793646,10.082579722862182
40820,-0.5178860033235707,-0.2120234171313492,9.952213840123791
40840,0.6394885606212544,0.19023040178456943,9.907176932491712
40860,1.0898588694394062,0.8559713639065349,9.379796749479867
40880,1.2560425135706224,0.8248778791112364,9.626352832566733
40900,0.7718667383657098,0.543062888042886,9.767696193020168
40920,-0.42607672403986707,-0.18666657086492133,9.687236337687848
40940,-1.1444486148607018,-0.4258701513450679,9.905171007344403
40960,-1.34902511438934,-0.6559061887182163,9.935402653761946
40980,-1.0082542195046997,-0.5154125580606372,9.823504448461332
41000,0.1979496492268668,0.17707589155545328,9.611428533940444
41020,0.7278734855310419,0.6082064371246102,10.112099890064485
41040,1.251859819605101,0.8405401350994108,9.865670565044375
41060,0.9052664674723548,0.5387878868481146,10.098313017230877
41080,0.28447372596003606,0.38152301194628824,10.153394759479445
41100,-0.5223194974718184,-0.5394281778668626,9.926724157145351
41120,-1.1073806833344464,-1.0641699688300226,10.125998755526133
41140,-1.2817983992909934,-0.5457716986748504,9.650319001686606
41160,-0.44247773448700234,-0.24528436187892863,9.647796616172176
41180,0.744016584524713,0.3690166910185223,9.889706428804459
41200,1.0913670898628514,0.8074164657193874,9.211708322347336
41220,1.115889423578923,0.5979279974831451,9.71077043206784
41240,0.41549997106444353,0.04059631513555603,9.651094913720973
41260,-0.2568454682935981,-0.061702071212447446,9.721734313637006
41280,-0.7705844507633814,-0.8432617756020326,10.094363794009826
41300,-1.2705099311608472,-0.7300359492052032,10.288037370326574
41320,-0.5455555324850102,-0.3156048418506838,9.80546276681349
41340,0.4565404167651388,0.5609462727458474,9.684408466590181
41360,1.212903875112818,0.7447440849126522,10.143893412137555
41380,1.2622890566542215,0.4857133127138721,9.835101759587241
41400,0.5207477104084651,0.5126703249390374,9.816196598065744
41420,-0.33924782674174336,0.07080620512385234,10.100698899131118
41440,-0.7893987216210222,-0.3371705171026781,9.868883020456058
41460,-1.3630213960112032,-0.7367842131279791,9.425374134436261
41480,-0.8301677479178454,-0.41741549176336395,10.201166634543794
41500,0.15608111887210827,-0.021271562395479046,10.078080739006237
41520,0.903801925277035,0.3605420942205506,9.728117274610737
41540,1.351117354295987,0.4747769267875248,9.932603294589883
41560,0.9889211378627975,0.4627323781649659,10.042067388599017
41580,0.06929086508621203,-0.1088510460539241,9.687968409231313
41600,-0.5048078305736732,-0.41088729707379607,9.73765652126584
41620,-1.3031902688348203,-0.6448963664665675,9.479432309327233
41640,-0.9007568332879581,-0.6033963108874428,9.898875203342753
41660,-0.2887714190157997,-0.2259874339221743,9.826857457645847
41680,0.4394946305528611,0.45934306845773454,9.991472070317831
41700,1.2997620940621266,0.5024185165193151,9.906618026321746
41720,1.2167215976168546,0.6173335499195313,9.65515139545897
41740,0.6102432874261332,0.2406053502751977,9.87434326668205
41760,-0.7160722071040029,-0.2322733195436637,10.04917072700821
41780,-1.113937040997542,-0.5766101732921013,10.043309709642436
41800,-1.067598155372396,-0.8331740101696805,9.737190223438203
41820,-0.7489680526878383,-0.2564567671962943,9.493022964857573
41840,0.25322757239561106,0.44204886286141853,9.484788929410428
41860,1.0944257255539174,0.6997842664524089,9.777121781481725
41880,1.4154871943377254,0.6656096422926071,10.105251554965905
41900,0.43091355326566577,0.2739313721299924,9.384669905753187
41920,-0.3739937700098871,-0.17117629089643682,9.601162223481792
41940,-0.9123572634471543,-0.4675284604746387,9.450857112479122
41960,-0.94354445953775,-0.8203188615902907,9.882028758332371
41980,-0.9229913531564273,-0.10775638861209957,9.755521284215614
42000,0.08514419643331386,0.017478263789682775,9.892268417512655
42020,0.777109146949474,0.6010430389174183,10.153828792974915
42040,1.0258821720811353,0.614175587716315,9.611695587957175
42060,0.9176626692400135,0.6272867246746932,9.534137017873855
42080,0.276873800897226,0.17001271937710294,9.89947495782943
42100,-0.5963319480760276,-0.5513021536569231,9.873921675538002
42120,-0.8807312113296911,-0.4090016129611866,9.940662546727324
42140,-1.2353980926896315,-0.7438504233787973,9.27843467443766
42160,-0.23171766181049674,-0.2065661605205803,9.821793891593774
42180,0.8436718696653356,0.2039644203721179,9.865477203058383
42200,1.3744349642896632,0.9801165749627636,9.83753222315143
42220,1.1323716138379305,0.7496603925224677,9.730479250309712
42240,0.3822213864441595,0.07516004173963134,9.69683861035642
42260,-0.843522625474538,-0.38246968988645436,9.913077737760192
42280,-1.1044716646068766,-1.045450792279515,9.265752528257362
42300,-1.2973544437356368,-0.8322736892465146,10.14172367751991
42320,-0.4214824506269015,-0.1197217453494295,9.859144085819349
42340,0.3187345449646567,0.08962019886750192,9.776509243295187
42360,1.1346681152061322,0.709274664062103,9.900673254198177
42380,1.5107524615137087,0.8545816278851928,9.693146211283898
42400,0.727796264588671,0.3816800913719587,9.726849953441285
42420,-0.4615799102939369,-0.2742852392413911,9.924444242745064
42440,-0.9251588730961908,-0.6845470425329486,9.674742744182469
42460,-1.2811691376617853,-0.6807095353355324,9.754297362576096
42480,-0.8232141458476273,-0.5641005568460523,10.234164797755483
42500,-0.10750554318494793,0.10471139853969955,9.900067529451947
42520,0.7337734919447918,0.6371028826765937,9.605232138066857
42540,1.1895160824235969,0.5732385822678385,9.72979124220261
42560,0.7670072182821102,0.531793521267596,9.826889141805061
42580,0.36053768848013956,0.15543780951401615,10.041861930546913
42600,-0.47529251758570495,-0.4183394524788567,10.134760711414941
42620,-1.325275663990262,-0.6668717563763334,9.973584924307985
42640,-1.0429985798346892,-0.4207397312084873,9.723351983154126
42660,-0.26031689255837154,0.1871120098542278,10.072493956388309
42680,0.5875835179406305,0.24146792205505396,10.104039585136489
42700,1.4243164459905906,0.6585455638044033,9.497511764619786
42720,1.168084604428138,0.7083855165154248,9.815485977014026
42740,0.43263785755928863,0.225299954324496,10.045991773202855
42760,-0.7481325444200415,-0.4677637054632325,9.461662052430682
42780,-1.2042400812038372,-0.6318231180403341,10.392213353978093
42800,-1.319732341185236,-0.9155312516657328,9.758480555450848
42820,-0.3725111876579609,-0.5144799024753821,9.533982179553236
42840,0.18498851198236832,0.1039111954220121,9.532920752036848
42860,1.1123335024281513,0.6325480303880119,9.872122515576416
42880,1.2659807634032303,0.6100520650339345,9.883279109925152
42900,0.7487314097493575,0.45862803937967034,9.815031120829762
42920,-0.3331050319948893,-0.26147360238460665,9.947347257653258
42940,-0.7871077088990144,-0.43315490588943234,10.072434762022326
42960,-1.189006339719901,-0.7888697797101408,10.01057521394965
42980,-1.003516048972893,-0.6480047275796432,9.566266932312452
43000,-0.10186001703012826,0.1026165771349003,9.663760916432686
43020,0.7526114352521712,0.32450338850461735,10.005843910179864
43040,1.2074320762006328,0.7691919684082196,9.620727995247487
43060,0.8413049044581502,0.5632121935674914,9.459110393456777
43080,0.0527166130069707,0.237644735659023,9.683866768310565
43100,-0.7091562354523322,-0.3600524696878238,9.631465427279753
43120,-1.0520049316247044,-0.768595014051123,10.067052371773942
43140,-1.1557442410202916,-0.4550134405723055,9.879417603656352
43160,-0.35987480125203064,-0.21315150995625612,9.915938803663062
43180,0.6296331314914003,0.3107321339264953,9.639504753093295
43200,1.0751722952072016,0.5738359723172057,10.094352525566846
43220,1.3996306434773353,0.6943139128055786,9.517084052101996
43240,0.476224179095465,-0.023615918991702012,9.918092521592508
43260,-0.47432709976748494,-0.3493983259516606,10.06936784043942
43280,-1.138798827598989,-0.6743497702591789,9.408306905823855
43300,-1.0372646532013785,-0.605210442196642,10.1735842568875
43320,-0.560964021254478,-0.27409088899017015,9.642844748401014
43340,0.3618769568710873,0.1863083181822628,9.545526753775142
43360,0.8444539577728082,0.8925467354411702,10.39763770593377
43380,1.258795944643168,0.4340876407182009,9.963933820834319
43400,0.6707575426343322,0.5253521487790254,9.740022182594178
43420,-0.27553190484162415,0.11111502397466817,9.886256418085852
43440,-1.3779763536820488,-0.8534488082904433,9.197535787645885
43460,-1.4453535616608357,-0.6987368780087537,9.72382161362176
43480,-0.8254314295458635,-0.572661973481586,9.642152614433842
43500,0.2243584054243576,-0.10825763678834201,9.920187980416811
43520,0.7332552655787781,0.5200135112156415,9.914580467243553
43540,1.2702913477592463,0.581113479120554,9.850521488454701
43560,0.8772193874924129,0.4685851629431676,9.817253558634684
43580,0.24059620647474786,-0.2686509539844544,9.922664888168638
43600,-0.888977005321505,-0.34271448691673334,10.030917577393945
43620,-1.44294647919266,-0.8013435226341882,10.238947320812562
43640,-1.2342709862715602,-0.5955501335218684,9.737770241916017
43660,-0.3537166342449055,-0.29855619395876287,9.702493707266411
43680,0.26259765910911076,0.38842111254019523,9.762526943321873
43700,0.9204669436471095,0.5484357836177511,9.77032907327203
43720,1.383284306331961,0.37293975249118855,9.789959073280736
43740,0.5727224847893825,0.367991950057285,9.839878027403989
43760,-0.47884990763609636,-0.463794238848364,9.555696630106603
43780,-1.2040197817141212,-0.8837517632473813,10.173277112287638
43800,-1.1011325900668922,-0.6832288624023931,10.018432544904506
43820,-0.4595781730270809,-0.5516366473333912,10.16422377372276
43840,0.1944078620089585,0.3395216325965472,10.083071023395553
43860,0.724992978718149,0.4658016559864174,9.476742726834562
43880,1.1346683762623497,0.9247622208397681,9.782714289647986
43900,0.7345940723609624,0.6073193048088249,9.629667272282058
43920,-0.17131858692197593,-0.0451415334680225,10.289551471110382
43940,-0.7718670065440294,-0.7205270446169365,9.558941604456296
43960,-1.0701922002710162,-0.6903808962209568,9.546871322998689
43980,-0.6522470972431395,-0.36924912030986656,9.705389540719297
44000,0.09031642506683503,0.01728408589423772,10.021322856936953
44020,0.8487023245485451,0.3033796829196763,9.409239886727539
44040,1.2604120622161221,0.8092509112296348,9.869988018177969
44060,0.7449075543659993,0.39497833201884847,9.839249416733066
44080,0.13439158798953818,0.4310316570025712,9.411896116305059
44100,-0.8809861529118317,-0.2887405658462867,9.662661645679082
44120,-1.3392367781133643,-0.6078763253262648,9.895114294965198
44140,-0.8961552075806493,-0.7105885166572254,9.69582042709101
44160,-0.3678529321102182,-0.5439481513610309,9.748847900418069
44180,0.539401694147459,0.5157129241399075,9.993813911462603
44200,1.2238012710054595,0.4356000008987362,10.193668559453691
44220,0.8998426958002926,0.5889556662749564,9.464229282693127
44240,0.4427546997515456,0.4914886225321593,10.191303175785604
44260,-0.39335584961211645,-0.15269586774583332,9.606967790023479
44280,-0.7320241678471179,-0.7847406325542452,10.23682637472064
44300,-1.3574573417283349,-0.5871537417906103,10.464756412604089
44320,-0.950295481742367,-0.3005203645974425,9.856162305313553
44340,0.4029734213226378,0.4087217756115123,9.736562879824227
44360,1.1519494445288287,0.6365929258785844,9.69401291289669
44380,1.0322833868730354,0.9191434547058471,9.579068820667061
44400,0.8192026139455456,0.33738240483506404,9.763735869141952
44420,-0.14512593156343026,-0.20830798469839168,9.876283081232277
44440,-1.126067726122926,-0.5060649802074536,9.975333400314252
44460,-1.0813580058083563,-1.197913684880271,9.929934200127143
44480,-0.7366911316307048,-0.2837156490419086,9.563713242150417
44500,-0.06747614814178131,-0.22679942281476456,10.089861138769317
44520,0.8142260826379042,0.4775775304540675,9.546927457078912
44540,1.323531133933696,0.5315573426273603,9.423274335608726
44560,1.1062655794164202,0.34267538187986823,10.111019766091657
44580,0.00935045827705272,0.0562291157279058,9.821735506740334
44600,-0.6231428474379028,-0.5186153637724987,10.339088703540527
44620,-1.172324530997477,-0.5984524310979609,9.619772342452643
44640,-1.084145630394578,-0.34695547557715617,9.89153464523947
44660,-0.2769292459587457,-0.5610649683949674,9.715559051202087
44680,0.5791939132154642,0.4728591379113118,9.800917154339944
44700,1.313218962796875,0.8542034472602444,10.048897181314539
44720,1.0876993458259285,0.7271504256588917,9.940354211846417
44740,0.47437091210707916,0.1266384579509766,9.837878067022192
44760,-0.6353988850866437,-0.14660658159200768,9.989104660580962
44780,-1.1931540122448658,-0.492909328850734,9.917738830368936
44800,-1.2463409760380555,-0.653105829682098,10.189878612911032
44820,-0.8116610697827916,-0.44110261172315585,9.940005209710185
44840,0.3179911649471576,0.11401556971190825,10.051653119128158
44860,1.1174316274650555,0.8235078838902279,9.878741658305255
44880,1.2063933417284838,0.7626461046481033,9.627265896017029
44900,0.6613378035128537,0.2631070425164259,10.14809882799624
44920,-0.1305260234656974,-0.18289270063994836,9.6388114808439
44940,-1.1094693726320288,-0.6838841419189431,9.872595918611463
44960,-1.4570074064409428,-1.1087858742774144,10.07614966369354
44980,-0.9493165594636861,-0.4145100767617198,9.430454327074486
45000,-0.017305257286202583,0.09376941583010545,9.67607790639167
45020,0.6387430098928345,0.17843036869203094,9.808408584950673
45040,1.1474238334536524,0.8158039692433642,9.517134023283058
45060,0.889065176058721,0.5373330076431199,9.587071422099246
45080,0.19392175351860638,0.23698015894564356,9.712643616880221
45100,-0.7292106832720119,-0.43488076738441195,9.913935883246582
45120,-1.0971338685076646,-0.7297138358715123,9.607902309490942
45140,-1.09135441111051,-0.7221883566580035,9.872217544838023
45160,-0.21583357986172155,-0.3503845235104118,9.565474411259197
45180,0.4517121482895071,0.19299933123906127,9.949663117801192
45200,1.3336885253148687,0.7723953647647207,9.620841919977554
45220,1.2127853214044129,0.5871794850987591,9.682976283996872
45240,0.6251140201760215,0.3025016213340277,9.615438072574497
45260,-0.3618106930675476,-0.13307319184515587,9.367852076447287
45280,-1.1552590320540306,-0.5792156042745259,9.81960756952146
45300,-1.0008428403881588,-0.8254862318759355,9.445385196942507
45320,-0.602304574234814,-0.7190076499054678,9.88600599311078
45340,0.022505514235609092,-0.06533272574100502,10.22195017086759
45360,0.9709903569037887,0.7058539099926588,9.932534909443424
45380,1.338309280037195,0.866110409864076,9.47671599870826
45400,0.6222699188597502,0.3117246859468252,9.594875324522652
45420,-0.3386303043620733,-0.09146508864960731,10.162881514338896
45440,-0.7548068543223467,-0.7299277471985566,9.761386149530395
45460,-1.238267419546683,-0.8509740561719673,10.00439688408523
45480,-0.9155151656592692,-0.44914886414834276,9.455813260122069
45500,-0.13771377766871265,-0.00015505498839139836,9.645843956184033
45520,1.0248068988206442,0.3554231571840623,9.74812493222062
45540,1.1330093582515917,0.49779040460783563,9.70625140816514
45560,1.2262694965349792,0.7131997740787016,9.625089414844595
45580,0.01011365859594704,-0.17459909384048022,9.801239809950152
45600,-0.3617972666815138,-0.3144478202070514,9.70734789284533
45620,-1.1580488872218806,-0.7738666217016262,9.878875399856694
45640,-1.0204924191685683,-0.5644177763021152,9.980218789308712
45660,-0.18981494422343523,-0.28738248347357587,10.312336236111845
45680,0.8120163805108334,0.47046423833065104,9.673331462270196
45700,1.0071658059320618,0.3790407091802686,9.70384430235446
45720,0.8769537649300634,0.7231821470111351,9.904716964708987
45740,0.519989494620325,0.5431498786985633,9.954157959844363
45760,-0.451489906506619,-0.3709573726783472,10.177428175493061
45780,-0.9637508000194575,-0.8895029399469292,9.925129979287613
45800,-1.2318195772267706,-0.5566880172810122,10.078127888886021
45820,-0.5019009383569337,-0.3744963890587937,10.152724348770642
45840,0.0029754477746767316,0.02980933331731203,10.141147213293033
45860,0.9911719969540347,0.570652533278964,9.667096072026862
45880,1.0938079145734454,0.7538960558826069,10.140947406297798
45900,1.0268873618487104,0.2739172075591438,9.924270709842562
45920,-0.08507634490359078,-0.30715153444821774,9.901709654522186
45940,-0.8454034345510069,-0.5798444941372715,9.609747296731285
45960,-1.157979649840308,-0.7107916656763494,9.454867315949237
45980,-0.7480327256511151,-0.3251629107976943,9.935585770755287
46000,0.09186359740056574,-0.09686191683967253,9.500311975902992
46020,0.9138546886048078,0.3717286752469197,9.795763889817076
46040,1.0017942493217817,0.6672414532132878,10.038914514890022
46060,0.8363082566357587,0.5061385457148504,9.309872644692362
46080,0.03635840485598657,-0.1863959374640341,9.782571213121951
46100,-0.6156043545041125,-0.3233782262968384,9.36388935790906
46120,-0.8514384224183829,-0.4419957025339934,9.912753849772603
46140,-0.952658854774499,-0.5983627882574833,9.464628987430736
46160,-0.5030341578289085,-0.1276481188006964,9.7792153569064
46180,0.437436290410668,0.17440739762737273,9.822312027983573
46200,1.294626936772176,0.5784284475883724,9.601551822916996
46220,1.1720222114061278,0.7909305378168514,9.7623629532612
46240,0.256813501281708,0.4052053371633792,9.620525933529995
46260,-0.24538929706820284,-0.29797984291097135,9.797724725161842
46280,-1.1704518799862784,-0.6683643032158358,9.891292840202231
46300,-1.1889414325708676,-0.5794402083745069,9.760424183951015
46320,-0.6329265021429124,-0.3907597740223703,9.720380887470714
46340,-0.0129228086210747,0.31524138073045815,9.736777385363858
46360,1.2190144120694026,0.7956394286110211,9.927217114608084
46380,1.1179084803413277,0.9077710770017107,10.005410474626725
46400,0.767421963392787,0.36444979726941423,10.259738253345644
46420,-0.35434601972085045,-0.09904847089795352,9.79700752356687
46440,-0.7707583936135005,-0.5144713376400882,10.14993652559468
46460,-0.8157748004662624,-0.5149616056859699,9.980622918761528
46480,-1.1670240216356254,-0.39388593896947305,9.617452665372655
46500,-0.2715868827031918,0.024165620903530187,10.025671612723924
46520,0.8188291891105908,0.33308837915318845,9.971701598419745
46540,1.048915673938701,0.9789985096356462,9.442750499240002
46560,1.1382893609870817,0.6545657111663781,9.610747870872466
46580,-0.09950188401309076,-0.065635011253708,9.697144506871165
46600,-0.5141798593560405,-0.04636335459450375,10.04692621606067
46620,-1.072025257974214,-0.7247297428280831,9.203594941653286
46640,-1.2025623468518685,-0.7311876536167812,9.97408208478469
46660,-0.37035118663487004,-0.5947371509889277,9.558385380190117
46680,0.5784534090501807,0.3594481690549832,9.878845171719757
46700,1.3744097137130888,0.6867593014424391,9.64126689047641
46720,1.2473925236947925,0.5321762013455531,9.288793867946117
46740,0.42889743962448845,0.29957315690211717,9.422954873620077
46760,-0.4269135868666078,-0.4418540958893078,9.814135882787319
46780,-1.1388594975291795,-0.4502982655001585,9.962357530201551
46800,-1.0215948032573623,-0.6724735838865741,9.262155787308782
46820,-0.272882602986185,-0.3985450392201487,9.734547758918998
46840,0.2723164675959323,0.14354892327332835,9.819415530140278
46860,0.8625733499735548,0.6292880067579525,9.632510891808748
46880,1.0936740966941412,0.6170541022339373,9.722027096531349
46900,0.7548352715420985,0.3300126659384642,9.64922384623449
46920,-0.2981607890911695,0.021370275824352927,10.038908036285699
46940,-1.0189498653776257,-0.4478791926341068,9.613671653536139
46960,-0.8212396102850348,-0.6999099433508652,9.745111774017024
46980,-0.9903652964003267,-0.4526185958557598,9.485748030120089
47000,0.2131819908335435,0.23313393952911288,9.779733941696175
47020,0.8130544329050723,-0.04868636598405829,9.666431596323017
47040,1.2311577039435533,0.6918298499116438,9.94852383726104
47060,1.0020472372168838,0.6572161024787709,10.266130691616693
47080,0.2372715111740797,-0.05216037322651619,10.033667725032997
47100,-0.7227909648855961,-0.31866944806564124,10.050228531246857
47120,-1.229012791049737,-0.565738753112055,9.907524397007098
47140,-0.9755332470439924,-0.713971325157591,9.625319646207984
47160,-0.2783424668245974,-0.3200584654835074,9.731643665373905
47180,0.44344660393103297,0.2156767074715124,10.051086007425763
47200,1.2337010186249573,0.6389036357735903,9.688361905504076
47220,1.0240752718394828,0.8731171070603382,9.279055523247202
47240,0.35310236210368035,0.28699131975478126,9.443063491234144
47260,-0.6076246158597642,-0.35312800936870214,10.015612878527236
47280,-1.3856514988800648,-0.7175548073445028,9.830697495129705
47300,-1.5603547720717676,-0.43561490901715894,9.962099525376399
47320,-0.8414745072551348,-0.29993814672300767,9.726172399376049
47340,0.3469000728554447,0.15158717474359545,9.774260112017608
47360,1.0538072584093163,0.4752307910271789,9.527063117015645
47380,1.2929543951088225,0.6714521211052891,9.72896131217013
47400,0.4803316477056862,0.5565588361769014,9.522047644602264
47420,-0.10890711206086467,-0.0055230128417759206,9.701378643663368
47440,-0.8273591266659787,-0.6062414585113224,9.791860867325752
47460,-1.4055355600677564,-0.662256884423116,9.803955123242867
47480,-0.8953703318948849,-0.6293704124468014,9.41925840056806
47500,0.12795429955647164,0.02383569160625356,9.748314797447023
47520,0.6229258939059075,0.7087896041049508,10.018548534255444
47540,1.132864790193888,0.4876959072566823,9.689111071675029
47560,0.7200822237039097,0.6692829539602048,9.916819331115388
47580,-0.07462352739714284,0.045367855982179496,10.052883444956107
47600,-0.7999770713378216,-0.6709683323030841,9.560250223835475
47620,-1.5650389230460118,-0.7231918450676477,10.301545995792035
47640,-1.1413022707085656,-0.8740677186801169,9.790496759138971
47660,-0.469917124844624,-0.13726198793516703,9.977070732784899
47680,0.6956264078600541,0.38751417008770883,9.38221650528182
47700,1.1722115822120673,0.5587385642643908,9.681415448768483
47720,0.6565440241648756,0.7367924628663463,9.73640783010505
47740,0.5396243734654832,0.15625133799949797,9.952270553942961
47760,-0.3101827886860011,-0.17352018292291796,9.777607143971466
47780,-1.3353514630700531,-0.6489651561921262,9.667669515691667
47800,-1.1011285353798483,-0.6608479571978324,9.422237430634636
47820,-0.8053043361982948,-0.43680571485222014,9.831581032065825
47840,0.4831700712316951,0.2856623888810063,9.966897322336463
47860,1.0635180693201949,0.6061779760133523,9.989304109768375
47880,1.157402369142084,0.49106927185583416,10.122907464711536
47900,0.6662199961735054,0.4029529229105961,9.913782113672847
47920,-0.3382145909588328,-0.22876447714247838,9.434954607992495
47940,-1.0736802977346485,-0.7236400332830344,9.792617045261316
47960,-1.2023538041848683,-0.8223368244009969,9.359038554635719
47980,-1.110123055644821,-0.5013179242900366,9.720499720015324
48000,-0.1261247014817556,-0.2709542669442125,9.665461734616734
48020,0.8847659264104055,0.2712529565695041,9.493833701433882
48040,1.105805930730845,0.9397268662785894,9.960213115259966
48060,0.7835462786783456,0.5203120378341792,9.644973826504105
48080,0.029562233298590992,-0.05507268637483746,10.017578175722091
48100,-0.6658056758662062,-0.3686733439416557,10.037562215494217
48120,-1.2204788361499304,-0.8613091216385864,10.204621384113214
48140,-0.869332837888156,-0.5566023863991897,10.197691539356514
48160,-0.12689397707720407,-0.37775956754476664,9.853194362275303
48180,0.39207128886258646,0.24612410976526616,9.80261157706065
48200,1.050266233579416,0.7253544261024119,9.92087314090724
48220,0.9754080837540554,0.6599061946622738,9.487956526876335
48240,0.33312605738740425,0.2842983374969558,9.6720957870074
48260,-0.37327212870195614,-0.479526036314605,9.20553970632495
48280,-1.217551317002637,-0.5146680028962373,9.481250108336322
48300,-1.459125597150996,-0.632489748628269,9.939755310641178
48320,-0.730357654078864,-0.39531258454375473,10.022278458959638
48340,0.639775131756011,0.4174647345219253,9.823308039708607
48360,1.1726888607487411,0.5019037243685256,9.4623413598656
48380,0.9012556368303399,0.5850153796542797,9.640497800713591
48400,0.9951050254399774,0.4132262961265815,9.808962629498463
48420,0.01783724630136843,0.07611833702771324,9.442238114373357
48440,-1.0383282234121487,-0.6468390666033358,10.15589246536083
48460,-1.245885618619434,-0.565924725548324,9.599585381365603
48480,-0.5264348223672357,-0.32995093877005033,9.787590952768692
48500,-0.026339874225910918,-0.16172288355403353,10.068997079097787
48520,0.8492250567893546,0.5732943953541525,9.991719483126028
48540,1.1982721302999846,0.937061160428492,10.028425270829619
48560,0.9594683435191286,0.45453896439217834,9.671297789984502
48580,-0.15126462456910375,0.35894649752672325,9.461647185060322
48600,-0.5886114842931186,-0.23371561404469132,9.64687802023046
48620,-1.1055036420717799,-0.6037439857021006,9.612372366257194
48640,-1.2054251427174016,-0.3787943815365146,9.47491623543107
48660,-0.2453770288963822,0.023126002685257163,10.271877828090567
48680,0.8543346378490264,0.34427135868157305,9.991428976529338
48700,0.9926802490452782,0.8250356289868196,9.911163144449773
48720,1.0623718948185876,1.0488891672379994,9.900390688811717
48740,0.5142716538639323,0.16601629088979986,9.727371411963952
48760,-0.3988357184397736,-0.2683411635059359,10.052500659159186
48780,-1.4587645653570023,-0.7733458241219632,9.68692171932402
48800,-1.0050294288381003,-0.975008977803355,9.750045298436955
48820,-0.2932790001326938,-0.29084948921349574,9.985675735821545
48840,0.11554692465227673,0.34885774442101947,10.133373574488829
48860,1.1012122093296621,0.5357755777410194,9.933667448532425
48880,1.3423325253843499,0.6838732861723875,9.711861158318516
48900,0.8344593055382654,0.41632308486722686,10.150730491415741
48920,-0.23402250501812383,-0.082738971533921,9.895791703851932
48940,-1.0449551421002483,-0.5370452720516966,9.775276072314607
48960,-1.3507057221275613,-0.7668048609063345,10.303806217664448
48980,-0.760130931277912,-0.36358459486007844,9.93578262378766
49000,0.1479739700555521,0.05257238293423982,9.9612795620132
49020,0.8396074799052401,0.5680494880655985,9.897266249044298
49040,1.4281099250033908,1.0248507995979061,9.291889290578345
49060,0.8011036990485573,0.5197067983139639,10.022091147045531
49080,0.3463216208413992,0.023151082087005614,10.058607215198508
49100,-0.6907427296500069,-0.6309663315090863,10.283289062564695
49120,-1.1518644732052354,-0.90157308100686,9.895366871877775
49140,-0.9502488796563703,-0.3770565494685642,9.963624437585723
49160,-0.37894759846649045,-0.15902601838104358,10.076082723448039
49180,0.4474453081662796,0.08143567130006779,9.6318677467998
49200,1.0841729540551042,0.6850878670195797,9.862726840500487
49220,1.4231575507556795,0.805133142557886,10.023544359946374
49240,0.5872965357726114,0.357400720764329,9.381271256266077
49260,-0.4370372205971918,-0.1711401246607085,9.761707238313234
49280,-1.196251784026786,-0.659827108473329,9.690683420433825
49300,-1.015044022425362,-0.951190909353884,10.026939204446357
49320,-0.3773814459967291,-0.5016369125751396,9.659916955466425
49340,-0.006556223432497621,0.3066072658666288,9.776089696787714
49360,1.029170290533625,0.5517347570050911,9.64018115446075
49380,1.042148575226093,0.7106732079784508,9.36124487650495
49400,0.6292796892295078,0.25900860202724324,9.415205235919105
49420,0.03157070690110966,0.020173623292871465,10.323271526757878
49440,-0.794797970474813,-0.09490507461080577,10.21516294279144
49460,-1.0512360556083382,-0.633057862108252,9.428069439207434
49480,-0.8930944659941211,-0.4083060729712257,9.73823849368582
49500,-0.09977524508316384,-0.02758066395900667,9.96110439059741
49520,0.8125177678916223,0.44428327546456653,10.110880563332069
49540,1.1506335426916825,0.5533675208424729,9.455894238611759
49560,1.1507304923355355,0.780919486419834,9.93119130576921
49580,0.308953913796137,0.24353874691882582,9.549137005639452
49600,-0.4318459004268125,-0.3880959162432006,9.676219154755136
49620,-1.103681806467603,-0.8133804121939726,10.14996864960701
49640,-1.063559394613428,-0.28403347532465245,10.186118453322486
49660,-0.3839621484972696,-0.26851760445256456,9.788001311994652
49680,0.4835550339044558,0.33452847140782577,10.009509589047656
49700,1.174340030828317,0.5375132825528856,9.927490859911625
49720,1.0037201985714772,0.5586730565056116,9.706576463584444
49740,0.3841032305061955,0.45583011299511783,10.051306982719236
49760,-0.4176823708515692,-0.43127256652101065,9.495101010983648
49780,-0.7692191545951581,-0.35540275082467765,9.709639660136476
49800,-1.0322335551634885,-0.6270938257509854,10.020624344403952
49820,-0.587167430608877,-0.4278815617264785,9.845201194617259
49840,0.3293912854709162,0.23750208870072437,9.835710301382214
49860,0.8608482706330407,0.6520311581856433,9.625591815179638
49880,0.9854165159118509,0.5192620220311995,10.17998358105793
49900,0.5194766269877903,0.25353895925223546,9.725016393620127
49920,-0.007279251493258088,0.04897246260895946,9.817711839485025
49940,-1.066993619789677,-0.45730390764575357,9.69885544131788
49960,-1.1455454731264099,-0.7107768490424385,9.964321400752997
49980,-0.9280745801632659,-0.3708961448552198,9.832734965996256
50000,0.13716869221468891,0.1366414696222827,9.782977794600642
50020,0.9043720175921471,0.5782420690657705,10.189312935428152
50040,1.0497566875979158,0.41028964503687926,9.921463716288882
50060,0.8201801119785563,0.3787451283943776,10.08434267036102
50080,0.18755178439895295,0.032766228551336964,9.825151206192784
50100,-0.8068980529869658,-0.2827391971844197,9.718526415329489
50120,-1.2825321879616125,-0.40679191635231265,9.468884849728418
50140,-1.1754329453281442,-0.6056387612544616,9.79904458072251
50160,-0.07122900322327216,-0.3373230134920916,9.90896158320584
50180,0.27046872487320966,0.45594428064102943,9.686790256120043
50200,1.1288946323407978,0.7930862891496955,9.546804991028644
50220,0.8886360948858096,0.5999047517377127,9.503109862245033
50240,0.3490681032562723,0.4128939217060802,9.769800230273411
50260,-0.6648465693054133,-0.44542934510771237,9.906331109122805
50280,-0.9774468359517514,-0.6274751471051793,10.261642952532593
50300,-0.9761531670385674,-0.4550291429391422,9.605688433004877
50320,-0.5904545615792121,-0.46653731063243675,9.685839720012426
50340,0.3677174405316181,0.129604269096323,10.132001418449233
50360,0.9989225316436954,0.5765649289257027,9.697843168189939
50380,1.0302389697034444,0.48005534298053504,9.455324889601128
50400,0.7031901442752954,0.28619270627523075,9.807133254121757
50420,-0.07132443717471812,-0.431230075497731,9.729473802582671
50440,-1.1424343032703412,-0.6616446592367156,9.927072976679653
50460,-1.5491776107475,-0.654293051976949,10.074289135472643
50480,-0.7763539404606346,-0.4082549621967805,9.690148684218533
50500,0.13662393862071154,-0.018717139115127523,9.848194936901349
50520,0.7179848773123257,0.6920837280818777,9.803953446854146
50540,0.8396167847758813,0.6918147017236104,9.531242990628977
50560,0.8830066746042362,0.5542192754181752,10.030879475504797
50580,-0.22377346749501187,0.39392390592505583,9.821904836901469
50600,-0.7005326494732518,-0.554356937352132,10.062779066951821
50620,-1.3068153335807673,-0.7812487235909554,9.888354646248466
50640,-1.0682342302047876,-0.6318565598327478,9.931379473602796
50660,0.07676643918390619,-0.06965715216643491,9.823446351401357
50680,0.3285023343639931,0.2733088296700016,9.85821434636019
50700,1.078848743684827,0.9796618370512926,9.39943560772518
50720,0.7423390473877878,0.6147775752018448,9.86949261359119
50740,0.32302361126391377,0.29485684563375947,9.487923133037137
50760,-0.6943895350449769,-0.10746198241584981,10.041213118458213
50780,-1.0181955476797961,-0.31899850232428767,10.228793171043964
50800,-1.497536048584532,-0.6495644753583009,9.75811678558309
50820,-0.6322895273397238,-0.34049668990320436,9.737563641106224
50840,0.25385485446960165,0.28313981128121923,9.760198735820873
50860,1.34012524605672,0.47630162235916584,9.762031370349723
50880,1.0957258109688415,0.8427539099500041,10.022974147102266
50900,0.5487173242647461,0.3294444584056595,9.701953772627085
50920,-0.19474200995218696,-0.06324584681821022,9.983703494647774
50940,-0.7140140492091493,-0.44813715200346144,9.735745317751936
50960,-1.4272148847874464,-0.6309125690731938,9.697285805676744
50980,-0.8142472306262565,-0.4061384409857229,9.780881006647846
51000,0.06435035095924414,-0.1751640898267382,9.723622178286625
51020,0.8679857098991415,0.29984457789406016,9.935644983971082
51040,1.139220346695469,0.6036234652387985,9.94280240040736
51060,0.7996383105784036,0.4393020760491057,10.07411786736859
51080,-0.08808311716891906,0.232569404768005,9.922101039746238
51100,-0.8502599289351256,-0.3327484468126569,9.906566135072984
51120,-1.0474268796573212,-0.6312623854754293,9.614511040091218
51140,-0.7659612426988511,-0.7135858059750623,9.608365598230085
51160,-0.2193428792153701,-0.21603408433627136,9.593141911014186
51180,0.4915405645821963,0.04730694798123247,9.32172718168513
51200,1.0874891972138185,0.7966370532875808,10.057803657696946
51220,1.2283140891038284,0.8180522635632438,9.766237506803392
51240,0.48027634534573005,0.3593008842758889,10.495783301327481
51260,-0.4224223023322249,-0.3565793132945415,9.797677233585086
51280,-1.075811484799992,-0.9749530778736168,9.89506784673043
51300,-1.2668954893186468,-0.6361422291316269,9.300685370360474
51320,-0.9419263495916179,-0.4792358284615512,9.624393980188984
51340,0.3073973352061292,0.022311802416263377,9.50277064891584
51360,0.9251496266029541,0.5188801685653,9.915080967552159
51380,1.4288804444123944,0.5636801367944791,9.88034983459916
51400,0.7322930372647569,0.2806514887984296,9.866179179506732
51420,-0.15873911890779996,0.05995626443935456,9.968417216048856
51440,-0.9742107234476274,-0.5942157851279092,10.057386387795432
51460,-1.1985768468841105,-0.5674880737637712,9.924951809692129
51480,-0.9843013186203822,-0.4482081650915664,9.951955713557016
51500,-0.04977673762933367,0.03908032995022472,9.96449683824405
51520,0.843914330375431,0.639559776461367,9.935854061630177
51540,1.2547128887555068,0.7260926066196317,9.970036464438682
51560,1.1368986059926505,0.2982613359493076,9.622221865351678
51580,0.23765407844990377,-0.05176796954711414,10.18088304741471
51600,-0.7372877137159431,-0.5613049036229293,10.298785463190814
51620,-1.013958624480484,-0.615548268801646,9.740020726953189
51640,-1.0651441318248387,-0.4841434613811607,9.802479033051313
51660,-0.344623928345148,-0.04793067777354504,9.344763978964002
51680,0.6270237902016385,0.2650607867190598,9.970993769568311
51700,1.0233462437646745,0.7803807326292764,9.968969113888615
51720,1.245314074352554,0.6369280278489247,9.940631497397439
51740,0.34357371371593426,0.40548123006644443,10.010594383378741
51760,-0.44195324236905004,-0.09712157090054005,9.39033078577401
51780,-1.147725496230905,-0.7655647152442038,9.461838344051575
51800,-0.9629346310199147,-0.7933105412371337,10.263639727547911
51820,-0.5508538412261066,-0.6572247721037062,10.085551526593164
51840,0.28804381936720086,0.22777552286453315,9.846682806309445
51860,1.3035455499358801,0.4956697309882764,9.84847453716042
51880,1.3360174564357583,0.7072713103343463,9.481450195895214
51900,0.6145379629247985,0.6538785508571483,9.447944637567048
51920,-0.09115414874611577,0.11540222227015923,9.443526895944965
51940,-1.0874817203051166,-0.4315971415060063,9.915105247028341
51960,-1.2597512885054487,-0.94165271764009,9.80624789866747
51980,-1.0017781443568485,-0.5226730209572485,9.723300197244427
52000,-0.1007522887946761,0.06255768360596964,9.850399993308395
52020,0.6562115921167326,0.43984194656297393,9.692090570711189
52040,1.1846521336530524,0.5002040789528158,9.63581822618843
52060,1.0610915813885746,0.7475756990106459,9.693113639097257
52080,0.07862925967415631,-0.09079697330910566,9.436667861641869
52100,-0.6528202041319618,-0.24344216960198994,9.850539051572095
52120,-1.221608693068883,-0.6565976857312119,9.7441006685579
52140,-0.8915160137930549,-0.8243854640384634,9.601555075155796
52160,-0.30568281033261446,-0.0053665755527141645,9.785388927893745
52180,0.7803683808310984,0.28416019494043665,9.525564139846686
52200,0.9569932814854218,0.8998332064758652,9.847250653822472
52220,1.1980949290745286,0.6480201911915301,9.73051349904186
52240,0.3936213656027473,0.6368684036026968,9.816667198101339
52260,-0.44574831322605757,-0.3080909217505706,9.703328568055351
52280,-1.184382339709122,-0.5662706533727369,9.836959972690172
52300,-1.284434974777608,-0.5673858262104667,9.841408096896082
52320,-0.5536407730790278,-0.45093519497793033,9.732495813801693
52340,0.47234692195134215,-0.019754389046306386,9.940746356992664
52360,1.115835437423117,0.7066842512179294,9.65431932319125
52380,1.1076908862980575,0.7756017012024699,9.645958862786904
52400,0.6896441316403084,0.5151954545077949,9.758245726297687
52420,-0.2907043066542997,-0.31240801000460827,9.621729366057073
52440,-1.0138209451710865,-0.6069456703497395,9.8528743572804
52460,-1.2167049064745408,-0.5668194527962338,9.826023153915239
52480,-0.7437379796845591,-0.5209937882358235,9.642242549996915
52500,-0.03781106137483771,0.16413904584588357,9.310477144700185
52520,0.7050457910557035,0.650750765767306,9.89253144381396
52540,1.2554189571292858,1.1045528792631283,9.81059606600451
52560,0.988412931683354,0.7754815654265996,9.913990091213988
52580,0.04755263702134811,0.19299937119879973,9.8207570570498
52600,-0.8274692180810299,-0.4358207570021369,9.551943399341766
52620,-1.0316713003131985,-0.5663751376464908,9.687820915993433
52640,-1.0541308089233765,-0.4553272384447641,9.611236578905297
52660,-0.2916619938517833,-0.16739560308048645,9.593321428438665
52680,0.5264966595961775,0.5890995844802946,9.8887135071572
52700,1.0471223799205538,0.9063058885452242,9.655362625049147
52720,1.1483061939576802,0.5843341433327138,9.875675535299692
52740,0.4304063146863895,0.32975248571984445,9.811623186754886
52760,-0.36918183998461196,-0.12959950951282853,9.496287845149075
52780,-1.2781173914203758,-0.5773683838592648,9.922184110250488
52800,-1.389078912503607,-0.873620740647772,9.839720100011577
52820,-0.596339443343593,-0.5177396929057195,9.611911221051987
52840,0.4785910228130942,0.24638201315155722,9.601889915317123
52860,0.9911159147046997,0.5028805044452165,10.114279897026716
52880,1.1399018118647755,0.6706654196486692,9.775936597774548
52900,0.6196060666595852,0.3604559371743498,10.131120130312073
52920,-0.20329132907564348,-0.2713867890352367,9.918172027160836
52940,-0.7885954004030352,-0.5593561367519564,9.627123469515997
52960,-1.2662363057496906,-0.948408925787517,9.687194749719687
52980,-0.7532504544014996,-0.19422926110982264,9.794750698693937
53000,-0.11167173033356116,-0.22523368950471978,10.078856761105465
53020,0.7281296977570078,0.5664350104431064,10.04251849817522
53040,1.2503606324794512,0.7576793152629026,9.280652411322345
53060,0.847472538248757,0.6099433051299193,9.436971852176514
53080,0.14992294109412413,-0.04591749955843891,10.058600923100917
53100,-0.7937867443626565,-0.148580669460241,10.170600098937346
53120,-1.2862648397545033,-0.7507128500862618,9.490930458094399
53140,-1.0942599366441088,-0.5455803951068499,9.60138471733656
53160,-0.46719859049964313,-0.4750517640085862,9.796495652528753
53180,0.4574212843611119,0.5557501687277271,9.824393128373668
53200,1.009330516322473,0.6202042102969071,9.654855422792759
53220,1.010177274322316,0.7340776122485562,9.932020999265575
53240,0.36169884688166143,0.42145228940133206,9.699729952031882
53260,-0.5907640745059017,-0.35391276024234014,9.811873236866292
53280,-1.218798931380646,-0.5660841236648976,9.707670402031848
53300,-0.9652075453349422,-0.7800570929257363,9.974048518311132
53320,-0.6038845883465283,-0.3127740435446442,9.886646118557115
53340,0.3055069828676804,0.3312492207912463,9.609559750331666
53360,1.058253041678516,0.2873019282138323,9.838463347959042
53380,0.9781582936410973,0.8046598812431447,9.83218218964747
53400,0.6702335330847567,0.016374732773215883,9.943001111491174
53420,0.2546379233369447,-0.2675557397851131,10.014686480930575
53440,-1.1282691352202725,-0.5328702081213683,10.18950932087982
53460,-1.387555472754735,-0.7250847758140878,9.952723871356996
53480,-0.9006882066196413,-0.44970133302879406,9.436193370394873
53500,0.13869976090498323,-0.16935387778724328,9.680824320251192
53520,0.7977487241513167,0.5475826496976822,9.403729510086164
53540,1.2685302016092717,0.737320686716658,9.660132604963932
53560,1.078653631712885,0.3154412397741947,9.778655757572114
53580,-0.08082662067033125,0.03924934288607516,9.42265944795722
53600,-0.43040174772771517,-0.4205497490212162,9.978978832547465
53620,-1.164550389636795,-0.8425895858982773,9.71374430731429
53640,-1.4481928626046359,-0.3843292881868723,9.952504749970464
53660,-0.24279321740780554,-0.43963732035650743,9.909422525124608
53680,0.5747965602658177,0.4007871273227359,9.474956602003044
53700,1.2994825083333397,0.8048171925076113,9.975958583017574
53720,1.0730882875647856,0.7665133644158866,9.783542076442558
53740,0.2287638418864986,0.3030006939138307,9.69110861048581
53760,-0.46889504565486945,-0.3517466687859243,9.454572706159025
53780,-1.1563832870120225,-0.7718751065688367,9.649593433583936
53800,-1.098624985526512,-0.777749869931539,10.039158825232963
53820,-0.5567156166698993,-0.31742855969813993,9.773123210237356
53840,0.0770808101764264,0.3038950808846822,9.608078743034305
53860,1.175947119293215,0.6561974762673968,9.725909008929646
53880,1.2159605044722666,0.6030995774703272,9.652367202634014
53900,0.8043891586450949,0.12821240091882952,9.67583911889839
53920,-0.2593985319552679,-0.044118257836813654,9.74113565104446
53940,-1.090700435524465,-0.5409996126586478,9.93443908661997
53960,-1.1322138045776815,-0.9915618345960331,9.908038034732352
53980,-0.9536927169018605,-0.47871802124412377,9.64803221909617
54000,-0.11113045602922031,-0.046556481168415875,9.806120911398242
54020,0.5878213559778865,0.3471056908214049,10.181674216524208
54040,1.4539479810962086,0.5987354739219064,9.732248972959578
54060,1.1936626742532985,0.5503292026865376,9.628300105582905
54080,0.02026122530509966,-0.047786043205484435,9.678455834504675
54100,-0.6641821374023962,-0.2511246584062911,9.91140262859228
54120,-1.233063846753676,-0.5643980651673153,9.613789074824627
54140,-0.9837152300088005,-0.6038638560277032,10.173860919948874
54160,-0.4838678302563594,-0.07396852652825169,9.68395235622902
54180,0.7157696320742758,0.3295823417122965,9.526558531414073
54200,1.1717892206814209,0.8496118818626305,9.802694896493282
54220,1.095410451949918,0.9520604281578535,9.542312792547584
54240,0.5045793461770496,0.2525364940161349,10.148353122710748
54260,-0.5895068245731805,-0.22437817658884573,10.324986856903857
54280,-1.0354634293521683,-0.7304598983226221,9.478097147896396
54300,-1.2613427935697858,-0.9482813909338661,9.964579717646766
54320,-0.5972743627507853,-0.3843088335877851,9.787841963061672
54340,0.28199461147889776,0.40573108911741085,9.961252004201834
54360,1.1223250279765882,0.8786252844612611,9.865204238846575
54380,1.4224387464406072,0.4437532046046748,9.49628372276953
54400,0.6347279510674785,0.5617151777131918,9.666845277384779
54420,-0.16279200089453866,0.16028176173875192,9.69171625743831
54440,-0.7907162480185248,-0.5834413931681506,9.56176676673782
54460,-0.9766362793145853,-0.670707934275764,9.82471095987112
54480,-0.7833777408666698,-0.7000476587356704,9.692414665610384
54500,0.10892102025046801,0.10418831970985862,9.78230015326425
54520,1.0119714875631707,0.37925618729390387,9.416796403045556
54540,1.1744414530418914,0.8932891283673053,9.722839677254644
54560,0.7366717831851567,0.5807837215654652,9.537971055597325
54580,0.13457353177190104,-0.08283076261131563,9.899993127608255
54600,-0.8498327963701028,-0.5012567655841086,10.12599133603043
54620,-1.1190377634557607,-0.6643914816853851,10.257657987299254
54640,-0.9428418663652371,-0.781115432973198,9.782118871083226
54660,-0.38883193488752077,-0.2893440087325365,9.600351297163398
54680,0.5210125455483845,0.4726407614254734,9.830655154644983
54700,1.3361776917192425,0.5895813743280222,9.575927208019106
54720,1.021610248120505,0.8159948864478994,9.759785656244759
54740,0.10081944827560496,0.43947387786326597,10.09211290495334
54760,-0.2658976929406507,-0.3584786642409296,9.939092165800156
54780,-1.1651977220868444,-0.5903246781537325,9.966636423133348
54800,-1.3164525274985832,-0.8331342979593181,9.917462933794582
54820,-0.7389355043262987,-0.44072836536066756,9.609493262946815
54840,0.2299657777951971,0.4459113043208451,9.718996092884609
54860,1.0949362608439297,0.8343201685813663,9.931555929696088
54880,1.319463642477177,0.671959957147604,9.43683839876074
54900,0.8168280467122166,0.3273034473014922,9.850986601429184
54920,-0.10179874563632119,-0.13654643454686224,10.17902662774132
54940,-0.9678566358030852,-0.5691091034986508,9.86631246355756
54960,-0.9493742176917073,-0.8307253645414818,9.882256974814313
54980,-0.9562466189292221,-0.5222891504313665,9.744328628097547
55000,-0.05308648145730447,-0.06997669724183017,9.803246899024456
55020,0.6869366737805448,0.5360564209453149,10.151131096916922
55040,1.0878845136312898,0.8299429799921868,9.974345477035715
55060,0.7028165994957732,0.5317168094154808,9.406830280210285
55080,0.1273088563499627,-0.17622425836531183,10.02601193614031
55100,-0.6995413954670283,-0.31467991962353015,10.187555103928112
55120,-1.325527526623511,-0.7607146501425731,9.869366126915656
55140,-0.9594940882231114,-0.6928532726820436,9.849452175476014
55160,-0.3352603913608828,-0.23291793773881364,9.519457552271785
55180,0.6513589173788499,0.23439273678645828,9.770559171352463
55200,1.2735616005365653,0.75361072603502,9.812409153090636
55220,1.2258836118961374,0.3703176402305663,9.64090792419174
55240,0.4849361002734611,0.19454832398949087,9.744166323102851
55260,-0.42427700748436314,-0.2749016225147192,10.023967493864399
55280,-0.9348903237292747,-0.6382318441976458,9.837604492164896
55300,-1.1582958545476978,-0.5215288540769442,9.69124303964101
55320,-0.7549663393577138,-0.5763243137551306,10.338801762728632
55340,0.24084263546186202,0.47129831201039174,9.545862373866992
55360,0.7735937379292501,0.5106705196959391,9.894087823364023
55380,1.0740942116456609,0.35341372272989985,10.109629560243834
55400,0.67467383671387,0.5657592566499037,9.38458290495389
55420,-0.18664054082156126,0.052445005289361454,9.763617107158451
55440,-1.216090423411869,-0.45664170900499645,9.842017773426898
55460,-1.2391580865972474,-0.9120110804265449,10.310442965060483
55480,-0.8520116552533397,-0.7232611388767225,9.507887000946054
55500,-0.010724480753230936,-0.03753732041877655,9.775982579863722
55520,0.955183109458168,0.5571595343216571,9.655069025816035
55540,1.3156861256306938,0.7039515227046809,10.359470374660273
55560,0.8403375406200153,0.35237555477560256,9.895286152991273
55580,0.14117416496927396,0.1571012933977826,10.004085959549311
55600,-0.6668590077744893,-0.442546782954731,9.605848276449883
55620,-0.8191587356247845,-0.8242270669550963,9.940529437040984
55640,-0.9801657039415268,-0.5374486562920928,9.78368981700149
55660,-0.10894929076032911,-0.3522174555326339,10.108358878704543
55680,0.6626263513356656,0.27720251763662884,9.910387920989756
55700,1.2246372009480726,0.5964924483730225,9.72410708308174
55720,1.245957901987291,0.6887379551937346,9.954128621689899
55740,0.3134834817662891,0.3213570731925315,9.788804373313537
55760,-0.24932664364723048,-0.47195202028896677,9.612684865619864
55780,-0.9765503687399315,-0.697657631707072,9.936908248336513
55800,-1.06152863923316,-0.8327742385729648,9.858660248392107
55820,-0.6910057345113366,-0.3796134309320267,10.066466206278825
55840,0.5369657001781827,0.37613083939852515,9.872143933618064
55860,1.202031447964237,0.8082308901577391,9.908575867824437
55880,1.4521595909445033,0.9792661051509453,9.6897968512227
55900,0.7402428782814819,0.5041994552603939,9.917914524493112
55920,-0.12827140201489612,-0.033116338736618,9.39066981931686
55940,-0.4593170570058569,-0.4449353005396799,9.69360923024862
55960,-1.5394227711876494,-0.48475582650292365,9.9026135362029
55980,-0.713201637172243,-0.5119490664046271,10.125963949428666
56000,-0.34565539551874097,-0.10656650778412123,9.794199993623424
56020,1.0189499081692597,0.4116558916876119,9.685795364920626
56040,1.27768531719326,0.7618545219685874,9.66815506524207
56060,0.9890287508225782,0.819878020073174,9.631866791613316
56080,0.2592192886609361,0.063002240138543,10.191910648567667
56100,-0.6370797613062645,-0.31159670692970687,9.430937301020595
56120,-1.4757633660930927,-0.40337614965258217,9.922096511779403
56140,-1.187084251952247,-0.4169717195275401,9.749865832187654
56160,-0.1781948445778938,-0.10378097087684825,9.589292514256101
56180,0.5852876742834733,0.6873362593935275,9.954221092144518
56200,1.0879513908234606,0.6888053734596028,10.196978354691181
56220,1.2306290737625267,0.676835867023609,10.145274355615204
56240,0.36276823372523204,0.19553515316165448,10.012598668512672
56260,-0.5415833604360577,-0.21311559273969094,9.457456003617711
56280,-0.9339246677736494,-0.46501107782328743,9.430381167710987
56300,-1.1518236324641378,-0.6536977051633326,10.04464437484743
56320,-0.9945836397253383,-0.28129119686012777,9.818752202891924
56340,0.6525458921686561,0.03327259390260137,9.799548812066638
56360,0.9346990035721248,0.7909544794134912,9.787499113039134
56380,0.943044452940044,0.6283132074098591,9.981812975074536
56400,0.9180907808277958,0.6459894839738728,9.875033762164797
56420,-0.007419580784477048,-0.21515552608443334,9.599665034296486
56440,-0.9885726914823891,-1.020959455961299,10.11794773508278
56460,-1.115013274138052,-0.7916808548164856,10.067938781629636
56480,-0.820343188261761,-0.44474448137656214,9.810795205779913
56500,-0.18443537460956136,-0.2863864748734859,9.310119380122568
56520,1.0107240312650922,0.3223682833859617,9.672215455510873
56540,1.116656322999645,0.6801716322492746,10.014493643486793
56560,0.980252337018545,0.3426655827480468,9.547306508460279
56580,0.12961209868286042,0.17492664662374063,9.855902735321207
56600,-0.3580727247653042,-0.3340996528290674,9.752894251258747
56620,-1.2348123691194715,-0.8743991949608819,9.830579307855013
56640,-0.8965543769669548,-0.553837685772177,10.01769505181399
56660,-0.5006656774781387,-0.1492792124316375,10.173215151244316
56680,0.8339122854517573,0.2876238479481312,9.690021987039158
56700,1.160701468817544,0.9637413654899472,9.647889558622959
56720,0.9474630541391896,0.8738225319412496,9.991039690956082
56740,0.6651489667676072,0.15627646101403803,9.554918276302567
56760,-0.4733115971508315,-0.3068949450325037,9.976111160022185
56780,-1.301419847016675,-0.5823598548751303,9.901918831210859
56800,-1.187660805578904,-0.6469537239738312,9.48651596666516
56820,-0.5679022390188232,-0.30446715291340887,9.94348884425781
56840,0.18402696200745347,0.4184544866656525,9.534766586647896
56860,0.956483758273605,0.673648808960857,9.69050819025425
56880,1.4310711207724998,0.8431260457580024,9.658546566577304
56900,0.9616616125564206,0.5735469573845559,9.605477392688734
56920,-0.26671327241403076,-0.24679895036672767,10.460016322085938
56940,-0.8860593476709062,-0.3837393449187668,9.956711194367015
56960,-1.1839125420102634,-0.7253447240840812,10.064193844504647
56980,-0.8622707687635797,-0.5374352568726337,9.477903021344275
57000,-0.06291685812412165,-0.19052083013530244,9.720922262687136
57020,0.814373917033363,0.9903083153710975,9.51826419609112
57040,1.3425920987526831,0.8349807728202983,9.745285737649292
57060,1.0232477557021584,0.40332159107491905,9.84609124263013
57080,0.17588772679612946,0.069089929497792,9.624663789482115
57100,-0.7862704664348492,-0.5001133902593176,9.233704643646139
57120,-1.1868037499349868,-0.5016999807898864,9.646041477646952
57140,-0.8381663414805169,-0.7134735666456655,9.775819412099127
57160,-0.3337507189676943,0.09545923226689676,9.277379162492933
57180,0.41946626242948404,0.34194552412633356,9.867952827724562
57200,1.1252619482272617,0.7742031413736076,9.944581574173212
57220,1.06046930743021,0.29547103596821206,9.83428612925572
57240,0.46364956117914363,0.06440031935288751,10.123451878842749
57260,-0.7108265554199865,-0.1770269074766745,9.534045171140681
57280,-0.980049407124554,-0.6139316908258399,9.91236095723193
57300,-1.5137896008160123,-0.6804687315708245,9.896511135003326
57320,-0.44950098645416336,-0.29534967329110434,10.264412085642379
57340,0.5296910641773821,0.1373068643029786,10.129852116386363
57360,0.8936172932219522,0.5938175293536913,9.660839941546058
57380,1.191840789625751,0.7468240336758718,9.896646276347584
57400,0.4868476826932068,0.34802705416548485,9.374016901990231
57420,0.017252521283297212,-0.24826294504671237,9.732395557446818
57440,-0.5585031117854922,-0.6375732901073311,9.883673079019626
57460,-1.1046815259876437,-0.7273889353732205,10.055559407577862
57480,-0.7103915742080511,-0.7399389712907696,9.619905717158991
57500,-0.10190422006374882,-0.023150922039297122,10.11056562877332
57520,1.0961794674424667,0.6635139718854007,9.755754510907728
57540,1.0397736621844056,0.6513758601419535,9.749345077936638
57560,1.0477136918650658,0.5618060875874785,9.884517250910237
57580,-0.035848990893531996,0.18178143144708747,9.920204976694247
57600,-0.9875647363729663,-0.49799024498651684,9.890631934797032
57620,-1.2331454891325968,-0.6636001120452971,10.06824218125058
57640,-0.8680713574090522,-0.8165303247769607,9.97028208632686
57660,0.03921043266521579,-0.14945290037094427,9.62361263626453
57680,0.17802078809147814,0.23975804698280465,9.818710442576998
57700,1.1200384515374266,0.5847404179379889,10.155061333344273
57720,1.1520896046976772,0.5795436818171367,9.754234119566096
57740,0.3280828126559271,0.18724966181194197,10.072335967232343
57760,-0.44240606983657144,-0.07991090413511373,10.117167863033615
57780,-1.0708321318580303,-0.5922956249719812,9.876172805996536
57800,-1.125021621722665,-0.7798478498409991,9.768063726356734
57820,-0.5670464683156372,-0.18082311974285406,9.914488104105654
57840,0.0790461298256229,0.25804353913147654,9.905652643746759
57860,1.0300165254395623,0.5874418765760812,9.206720022686145
57880,0.9484538063257583,0.6029006098219429,10.10624119414328
57900,0.8384749475302911,0.33773597515607673,9.926947939419907
57920,-0.38988902785056145,-0.2652325984718437,10.052947591772476
57940,-1.0993431684922648,-0.5078003028789598,9.768509545114826
57960,-1.2799256528254543,-0.6221707993857971,9.768288270741216
57980,-0.9836071169868124,-0.5845928550438557,9.884331888883173
58000,-0.08842429599093182,0.08032319369620908,9.333306986192055
58020,1.1825172068294114,0.5770071643118966,9.806112395694239
58040,1.1956876072429514,0.8000264963410755,9.612622276179241
58060,0.9051322088886609,0.7705471841729755,9.40085503259759
58080,0.15746712204569893,0.16088551256893002,9.786903524986714
58100,-0.6736012583016965,-0.31626775437648996,9.624667219334766
58120,-1.3617613614853732,-0.7060085057433905,10.042006804390862
58140,-1.3113501338366813,-0.8346558546010063,9.7235134656547
58160,-0.34504251617066306,-0.055056218441566426,9.80032845243859
58180,0.5030621286982274,0.3366345314104818,9.713317957546886
58200,1.3471269066329434,0.8493945732637185,9.669324375091373
58220,0.9469416667993683,0.4420010365929832,9.876466370020253
58240,0.4413504254940079,0.44206226689294714,9.730241081908424
58260,-0.589682567872276,-0.33510994777329767,9.61728821804651
58280,-0.9314329662603784,-0.6037882151863556,9.681811880568803
58300,-1.2312092888090793,-0.6198182555574205,9.90908621232828
58320,-0.6908067172272621,-0.07230349296483146,9.804434576930886
58340,0.39394747625150695,0.40462412057792785,9.868885560034228
58360,0.787194523298942,0.8447505707155687,9.873812631512692
58380,1.0828641510445722,0.6774997327066475,9.735875230090306
58400,0.8214287308418756,0.3422425593032538,9.8900533672632
58420,0.1197468070130156,0.14055388632439203,9.868108326325757
58440,-1.1448955204788553,-0.37186454915790007,9.91849303406045
58460,-1.3077224554511941,-0.7607549162584571,9.574226535985504
58480,-0.8117985632241868,-0.2784816547572418,10.133277792312285
58500,0.18873388274518946,0.08855053378772386,9.818057300447768
58520,0.8005860224108515,0.6256563118274326,9.706975055389007
58540,1.2057787126323707,0.5284056976360345,9.766228271570984
58560,1.1186942140869904,0.4581189524184629,9.979041503748439
58580,0.2197752961570426,0.3008523485523967,9.432729352147883
58600,-0.7164513137147794,-0.023098591684161895,9.822901298782666
58620,-1.2788493332116382,-0.7915694521377461,10.42472712479444
58640,-1.0029094405238523,-0.7246247414187811,9.911402830030186
58660,-0.19073858904019658,-0.350851295843823,9.369848152059008
58680,0.5080766031594579,0.33703992602733646,9.784654937416162
58700,1.23701091161518,0.607776294688998,10.19004866589654
58720,1.02053550804511,0.7857752826243748,9.772063119127353
58740,0.4491233716256541,0.19056077746636874,9.711634116194153
58760,-0.5543625194141708,-0.16827072413983332,9.538477883524179
58780,-0.7942086758447621,-0.7014751153600475,9.430341955715605
58800,-1.3197693553079424,-0.6839112663882039,9.620447783394702
58820,-0.4453937829193826,-0.07959229035616194,10.086089610115195
58840,0.132961613430186,0.28910570620953013,9.726294923909148
58860,1.4867110157463546,0.7019694383074664,9.924177416288702
58880,1.2393267919684188,0.48916015492510057,9.74424216718578
58900,0.6088861366552877,0.24487741403673616,9.595188763871167
58920,-0.1284567120056549,0.04757792372775724,9.76928197634236
58940,-0.7861232016889441,-0.571429434990382,9.546056171309036
58960,-1.1940834140812084,-0.7239676577539443,9.875289138826734
58980,-0.904159741447601,-0.5048352487236254,9.805079312251749
59000,-0.2072754872489884,0.14581599117478014,9.788236642767025
59020,0.9128309927224973,0.7257818837689264,9.756864275264885
59040,1.3446596551458343,1.1561879694027455,10.01585564547315
59060,0.8873443686733439,0.5822931785449933,10.035507968126616
59080,0.08005983465536874,0.23119418667486533,9.094118983655571
59100,-0.6178647642236418,-0.47213261126600903,9.76031640882757
59120,-1.2911772541124409,-0.5906471492377158,9.849143396751177
59140,-1.0802381610206042,-0.4038379920148091,9.820634246986836
59160,-0.4587141944942291,-0.1331338198253668,10.132317098267219
59180,0.5110878118398852,0.552559462382887,9.820415481208801
59200,1.2574829602072166,0.7654163764868205,9.575648026877271
59220,1.182311732433891,0.8574667061628373,10.128192561433433
59240,0.3692014969351441,0.20583817862483453,9.69651128615759
59260,-0.49726181927203356,-0.16295853568260843,9.759117068239366
59280,-0.9818566423996096,-0.7260686510258313,9.66373659993071
59300,-1.08568766387939,-0.7492015151056567,9.889361541249967
59320,-0.5990081086996896,-0.3211359108101428,9.968301515468237
59340,0.8103469093834665,-0.02338256788977261,9.532333860359095
59360,0.8391713625727657,0.5940798493969877,10.074651259426552
59380,1.2744271467769404,0.6528476982507128,9.779797658043577
59400,0.5834525194889798,0.3563737147231271,9.965643301425969
59420,-0.04651754469732086,-0.11781661477710295,9.879318417970374
59440,-1.0987990705167923,-0.7753792979822098,9.669668453102739
59460,-1.340082367935038,-0.7763468818233441,9.868257094163155
59480,-0.7002067341768623,-0.4499513821077889,10.047348600639559
59500,-0.08496769899359122,-0.13953390272746954,9.760038238910209
59520,0.792331447037995,0.44151597665389525,9.893051096695515
59540,0.9620375531175149,0.6459761977579582,9.914862749414512
59560,1.0192588272395207,0.5663944998840963,9.854736129255977
59580,0.07438474184643236,0.4596422904107835,9.650157296211866
59600,-0.6497934296451463,-0.3863163368818217,9.82324811555762
59620,-1.0746929433293684,-0.7122139633180151,9.720872824025186
59640,-0.6747984270618299,-0.6073549427352446,9.796544936067367
59660,-0.22573512161873013,-0.3651117476246951,10.010487818990628
59680,0.6166546413753996,0.07348860515291417,9.977441934555237
59700,1.2751118030123603,0.8395465941358123,9.6888806861526
59720,0.8526128497457921,0.5305116427089096,9.549870339352367
59740,0.5132763034716716,0.0009515853620329362,9.135086696211943
59760,-0.5536083264094175,-0.35588386267444083,9.342529348719737
59780,-1.4223505761970965,-0.7283201307310754,9.686201066140049
59800,-1.1497662851763444,-0.6825661946237076,10.14520271668832
59820,-0.7090905284792172,-0.5012884296678793,9.510729753554912
59840,0.2446695610698532,0.16394290159031197,9.91583258082573
59860,0.941549737676388,0.7632618594204463,9.801747194544156
59880,1.1805606931141317,0.41277576827697593,10.131665970759974
59900,0.8491527691175773,0.18985866696660958,10.022156306934283
59920,-0.5013149934179649,0.004760658292545739,9.987717600427818
59940,-0.8928634276855765,-0.8367814144951253,9.626265372894228
59960,-1.463420114841011,-0.6280814745056386,10.271935531685893
59980,-0.8385095019198154,-0.6944743965915088,9.68065661688391
