t_ms,ax,ay,az
0,0.036634426000764005,-0.21032201685739768,9.878719228144439
20,0.10172674801182839,0.06142417879893915,9.835824800430048
40,-0.08782940720281045,0.04417520696989997,9.630807841023579
60,-0.1363009684688022,0.19546288371912293,9.798773478670615
80,-0.2987757316682047,-0.20218655323100462,9.571592291934122
100,0.1457434472979302,0.2861429853017105,9.66022790368312
120,0.0024985950864070583,0.08862546984819819,9.862082920522314
140,0.030859701742024216,-0.19731909170878073,9.60441431067401
160,-0.11753923147584201,0.0028542630005872318,9.698418366708532
180,0.1839747043928941,0.10111374864629875,10.004820860888556
200,0.1414800866517025,0.18443295552484357,9.883274679289569
220,-0.018273582223153534,0.10390327834332914,9.724549145560486
240,-0.08337951868534234,-0.016842332928706273,9.783516137113915
260,-0.05350370760878701,0.30396859574656604,9.879079044718004
280,-0.11979383136369738,-0.009187109394169198,9.993996619415801
300,0.003984622386081159,-0.2563206379522846,9.658444092446365
320,-0.09242515795508208,-0.08611987051501216,9.762045865743382
340,0.08783137808130632,0.15830504061369383,9.823874569530314
360,-0.05392028619881155,0.03431621353946752,9.917758998589063
380,-0.05309355959090374,-0.02284865768225695,9.75078822650067
400,0.2305879506302987,-0.10166487536444385,10.001487982189134
420,-0.10885792838280829,0.03360756789508593,9.799560148425865
440,-0.2351873831918197,-0.03535353214674013,9.717954543627863
460,0.054932278861117165,-0.1800629632608954,10.025388420246042
480,-0.31168027671140597,-0.10238726001907854,10.196571500455553
500,0.03965679537385809,0.002829183988475484,9.517499110197695
520,0.14725802128389628,0.16480449914700143,10.011043390515587
540,0.01051725461311698,0.138649144757247,9.809387646690908
560,0.001391261144430958,0.115400610533575,9.915179281818173
580,-0.3075914028374331,0.06462091795520133,9.92911412495718
600,0.08329555283381829,-0.0325829312169448,9.811901754412515
620,0.05944388508699173,0.13927436158641426,10.193864031101665
640,-0.17579966375617515,-0.10178033629331837,9.799969575724687
660,0.28697561208693045,-0.15942967104056358,9.840312748366344
680,-0.18360243011103383,-0.045773729371657745,9.87605254668733
700,-0.25189355425757237,0.1698991860504062,10.16278430231815
720,-0.27165866548659967,-0.1369124229825117,9.890858444516645
740,0.0038956360981589593,-0.0916146212825311,9.835848964942924
760,0.05068068752206454,0.1989509457803961,9.562876996175222
780,0.06614608664019637,0.058732845608078045,9.80643407325257
800,-0.050603996732323395,0.10310244456773424,9.954478840145656
820,-0.12190125330537925,-0.034529615865510344,9.916239552514662
840,0.12641468730120625,0.28009553204803156,9.913863253643155
860,-0.1346378079842671,0.060545900797207994,9.438228960743006
880,-0.18147603089697484,0.16138292649641486,9.872179461855012
900,0.21019735012398197,-0.013138662869590327,9.626861108010221
920,0.02663572622142747,-0.11631450630985211,9.680428357226486
940,0.07069348430864719,-0.04114810744628747,9.77434732882697
960,0.0938761056966754,-0.024195536149209596,9.832545942588817
980,-0.08576956634989756,0.050852122740842214,9.775486553849072
1000,-0.07992938790022805,-0.2224857699391732,9.862973305863578
1020,0.09608725245984688,-0.18655975972543581,9.863005045464506
1040,-0.09257268358165628,0.19972689042639633,9.835814005930226
1060,0.05040310371670045,-0.060435880716651146,9.609460635441394
1080,-0.013418932939214466,-0.10076368124815506,9.883935788698762
1100,-0.17914072737619954,-0.24761658647533302,10.042276753218484
1120,0.14495861533992221,0.20868670725573066,9.799425370531594
1140,-0.1934042924703456,0.07356863844212336,9.657626177475533
1160,0.03494451667946582,-0.021534318799872446,9.782905896430325
1180,0.010047701864225109,0.023721672056656287,9.860231838372796
1200,0.18999168259408944,0.3535732763054899,10.055767943894352
1220,-0.16794378352552203,0.0392037088998123,9.56756551085224
1240,-0.08147950523453575,-0.21198790037182194,9.697282102532366
1260,-0.015045981721024329,-0.05047402754742288,9.710340683337476
1280,0.02712705952246308,0.10002146046586964,9.785753428722241
1300,0.13026857156066377,0.06586939117220779,9.661320086589942
1320,0.046664786953718666,-0.30911604867235243,9.696649999557454
1340,0.00372908733149278,0.05425953263091759,9.901733385757094
1360,0.15425066847799498,-0.035849190117518547,9.655474972155409
1380,0.31440953140669575,-0.08500647816259095,9.80479518775232
1400,-0.2033287562408753,-0.03248265734001317,9.90781293907767
1420,-0.000861987997390305,-0.01504945322573059,9.819099215968166
1440,0.11394598439786106,-0.11946815046494691,10.107659942742485
1460,0.0128613983874572,-0.11198571516437264,9.773023400779584
1480,0.21519566505764925,0.11715361438155607,9.96215392748835
1500,-0.05012586219176988,-0.017506860553218012,9.817833100005743
1520,-0.15210055189791807,0.06456010511095184,9.922663897933228
1540,0.13057660948234698,-0.02415328169593191,9.834441695989591
1560,-0.4159349489960879,-0.36759094712836143,9.88478312980305
1580,-0.0713638195787744,0.14685670114922147,9.597894459284714
1600,0.354911941351746,-0.04013133171828396,9.664705093333861
1620,0.0039365383611151454,-0.05043414580262124,9.822076040856896
1640,0.053664635266861035,0.06988522025452813,9.924885690921665
1660,-0.1427409116821379,-0.1225739368446853,9.84028768140742
1680,-0.0034780290270718162,-0.013620008529998142,10.015974219707525
1700,-0.021329826295230867,-0.03692703242097907,9.75345190491425
1720,0.27875046510743234,0.07034979614033045,9.699379763164337
1740,-0.15151235139305363,-0.21276367337559582,9.874689640738305
1760,-0.4142645469398076,-0.11112998195697857,9.945265619047582
1780,0.060997668621115844,0.16300260759673488,9.743652248948493
1800,0.23250237143131844,0.4987233685651936,9.756248935445388
1820,-0.10329983325483037,-0.2392254771272377,9.73441079850234
1840,-0.2735294090962675,-0.3686456283521629,9.818410862186926
1860,-0.16092327712481358,0.2994779562039135,9.753991301516484
1880,0.06503544605395406,-0.05947766566162973,9.815301013556427
1900,-0.0843387944026804,-0.050689905150071865,9.71479858551012
1920,0.00635656408826794,0.062418375257198,9.904195526594847
1940,-0.3536274855640276,0.13827734549882767,9.920707224690858
1960,-0.07805445547998152,-0.14087300397658675,9.850627463053902
1980,0.11823993790327376,-0.2267881189503724,9.687222395518518
2000,-0.03969905360943154,-0.22237411335256832,9.615339463532685
2020,-0.1536063416219638,-0.12139538665666705,9.774752620741124
2040,0.15778944944165135,-0.14398910481984686,9.878683196656514
2060,0.14804677320660206,-0.06999496829374845,9.776154140507844
2080,-0.06981077167811016,-0.03989787209961295,9.57008121609619
2100,-0.11127493316166283,0.06039096269207997,9.744478366986902
2120,0.19170927042739916,0.017927849594135417,9.702380138723147
2140,-0.0824892695284971,-0.17746975845993762,9.987345347424698
2160,-0.024504352167164706,0.058645285304561694,10.082979098295047
2180,0.27014506712368175,-0.18686401749234768,9.736878583161015
2200,0.028029034606672422,0.12326333736191783,9.849510526344643
2220,-0.07431307312114038,0.20279599745316848,9.921592271701668
2240,-0.29646194901593137,0.3673889993029399,9.463000734063208
2260,0.005310971146098183,0.1465188698686601,9.978831281419675
2280,-0.012988564993814615,0.22230195358895394,9.749200935306797
2300,-0.09357621728248341,0.1316682700243449,9.862113222260248
2320,0.13883205662752054,0.1363185988579683,9.53799902853796
2340,-0.19371204789691435,0.1184805207582202,9.674752986450539
2360,-0.23743145886019626,-0.10481775023735761,9.819693874250722
2380,-0.11822468276401271,-0.09886916816252869,9.855752313997833
2400,-0.008161748770193773,-0.22289803885187312,9.656532139275232
2420,-0.22949095116655288,-0.09458254938765276,9.67714613092376
2440,-0.18130057430387722,0.09628359145443567,9.802475683706572
2460,-0.13171699664470124,0.3724085097149806,9.860398435496442
2480,-0.01367780603099917,0.11465080901883837,9.937573560476086
2500,-0.11552514900069147,0.07953371753687381,9.769317353733754
2520,0.13596846804408033,0.028671075117572005,9.844250448304741
2540,-0.3432424097789432,0.19519382394703774,9.747564563121347
2560,0.04808928667110229,0.00014872802539679666,9.700798161753141
2580,-0.10240743381378609,-0.055910416021533245,9.812909459402197
2600,0.055973692384656694,-0.035661714768788,9.459572398598096
2620,0.282515202225675,-0.1441068416433255,9.805105112555118
2640,-0.024481055597507632,-0.01664705612450414,9.864420444671918
2660,0.015465205014339931,0.07426056844033964,9.930439149981554
2680,0.11129514227720678,0.058230294131340406,9.825989119204651
2700,-0.213119743612968,0.02153394887737749,9.97704826842777
2720,0.08525396398263556,-0.0669544501304202,9.655831620006001
2740,0.10835327965075464,-0.006493102309911438,9.907892296965954
2760,-0.0342844303989764,0.06495994014632582,9.962021539866157
2780,0.08419058417771552,-0.06594197458547571,9.81562082651659
2800,0.005537076084747006,-0.13633081540704453,9.665202424446276
2820,-0.12818589308680595,0.0407194959943652,9.620717713488316
2840,-0.21087610753126135,0.16036883803269014,9.570655314138106
2860,0.13349166625425343,0.03527145240875907,9.5752813299701
2880,0.25344290439418443,0.20027968663074858,10.014960443183499
2900,-0.13152315305371634,-0.011114535897389751,9.854602779095766
2920,0.041749231591168605,0.16871317151805418,9.850996866988387
2940,-0.1954800704803089,0.26042902923671074,9.63363647348919
2960,-0.08384284745006275,-0.05156755188278942,9.8407143287681
2980,-0.08752586551007648,-0.05951464978961152,9.888565791939463
3000,-0.18397660871664312,0.025090936667792305,9.608006516444112
3020,-0.024136323762705473,-0.2203330830330765,9.92058385987575
3040,0.13591737738706838,-0.23687727100030298,10.031186048997391
3060,0.07133239209491803,0.17130730076743672,9.69845847831012
3080,-0.09008426477409309,-0.004540146229793735,9.838448962019275
3100,0.20095880168968366,0.19037924155738922,9.8112647441277
3120,0.020581719855465377,-0.14608560485044142,9.859709495958475
3140,0.25822696627792274,-0.2200798461173537,9.778793330876253
3160,-0.20783797821246683,0.13935766492556478,9.936334245088718
3180,0.4409316691441373,0.12835438164542384,9.78753932348586
3200,-0.0380394301204969,-0.14582848755307026,9.8420108056927
3220,-0.18883623903943852,0.07138075287110877,9.70722193655665
3240,-0.17136094440041186,0.12962968623655147,9.68232738090317
3260,0.1286629884632065,0.11512337031746847,9.758751690246601
3280,0.12459145332995247,-0.012590888301972742,9.652828293414613
3300,0.11076794400931071,-0.034294329542694464,9.803799926677856
3320,0.08027598128651123,-0.17494228251464067,9.574697228494795
3340,-0.18006019773974488,0.07164925217757015,10.072495874688544
3360,-0.032449763700196796,0.07233158997856504,9.973583247444447
3380,-0.3576995536589921,-0.11598570259652251,9.936293896442749
3400,-0.1418409219719973,0.04679312280858223,9.71169256275127
3420,0.09001588429114249,-0.1261040979305573,9.469635166508029
3440,-0.2921144675642344,-0.05555552325331347,9.616814555411386
3460,0.3462302736032411,0.26210963822383976,9.715175235258583
3480,0.18022077558755015,-0.11000074333235488,9.495668520461262
3500,-0.181383035357413,-0.02998974516757448,9.6880578754367
3520,0.09944611123244966,0.07158196627075929,9.775152619463666
3540,0.07432635148118527,-0.11837334078997518,9.80815593670888
3560,-0.0297038011351746,0.12342751458730652,9.850387214927279
3580,0.07970275674983765,-0.22228623073802575,9.734495109724463
3600,-0.048642418156168495,-0.0545084997304174,9.830433344184668
3620,-0.01130924001026678,0.0993150342298123,9.840443460662298
3640,0.07426501849367526,0.17792544218191197,10.073659917007891
3660,0.06444532598404579,0.22684218517698831,9.710099394217425
3680,0.04372273500590004,0.06550958771537764,9.855088445923313
3700,0.046892155617204064,0.058502486889365414,9.970382682158855
3720,0.14070161642767734,0.1827625025364393,9.695017239290271
3740,0.11447250236273947,0.06452683825844022,9.741596143348987
3760,-0.18094678831694314,0.22563277128843973,10.19720387675833
3780,-0.11614179799757046,-0.0820544880038944,9.771707465446159
3800,0.21720677917072825,-0.16327381299311655,9.758587734195448
3820,0.23267449819983915,-0.08101218083046527,9.57186134559852
3840,0.08212697811798826,0.11376398576187144,9.978600831734314
3860,-0.04231871679752433,-0.13829874839356665,9.610815586744543
3880,0.12227104323016597,-0.03809502767906894,9.681389102868156
3900,0.10162863002405473,0.021661870946979675,9.746565167906487
3920,-0.23251838781133216,-0.11869178235711192,9.819365003233768
3940,0.009907237931810914,-0.19302935060151974,9.64745585789505
3960,-0.21025968126179365,-0.19868974529686062,9.751979964791046
3980,-0.06906755446107203,0.023896895363782793,9.647103707398104
4000,0.004735285274438312,-0.08954112766503046,9.842577364533202
4019,0.2580549868186658,0.01854378678621301,9.609539069130344
4040,-0.31747428648186155,-0.08948286152214514,9.830120249563063
4059,-0.053461026155565444,0.034385426468856596,9.909411299550714
4080,0.10237324251123768,-0.01282050959123393,9.541874862375115
4100,0.10010519773249492,0.0964675947987144,9.734094425622493
4120,0.1276490235274768,0.23458510879550418,9.998310289628538
4140,-0.14904957312700814,-0.1372656190205735,9.984179108959669
4160,-0.019383603997125024,-0.18027599594353413,9.566369993590378
4180,-0.06938434077285711,0.12051622977054485,9.818403412520446
4200,0.19654031088640603,0.05212573411893058,9.649087545492113
4220,-0.020668768647990405,0.30878006803022995,9.993374447075801
4240,0.002709312386578296,-0.2044140925020735,9.959638041900575
4260,0.028656986236520313,-0.2036171788877869,9.641081044489825
4280,-0.196417370138365,0.16530671691181836,10.056265487255915
4300,0.0776397566514856,-0.002768003105759839,9.793448936632881
4320,-0.1658077749917936,0.03197748662626541,9.678190389902403
4340,0.027473428663350594,-0.10539630718041479,9.87446996317352
4360,-0.1088215311413757,-0.08005980831593729,9.963162646845802
4380,0.17974271371851488,0.055266626556301705,9.797248192894527
4400,0.005684951511516276,0.056758436248540614,10.19364071616989
4420,0.28964181249148474,0.019440877467787065,9.442851244748176
4440,-0.33510024135239797,0.1686656785856636,9.876616698998406
4460,0.20585077998069082,-0.0798105902051506,9.933812228927836
4480,0.1289987049681676,0.0323287614027918,9.52051970508075
4500,0.04387995457184873,0.07699373373788106,9.671428918285761
4520,0.3310818279329444,-0.061979120484944174,9.744745740604428
4540,-0.2142092772102082,-0.22775479068459054,9.462593439154762
4560,0.0318874227818175,0.1587238409151351,9.333476993172013
4580,0.1870823254050108,0.3127646426919199,9.896480988796183
4600,0.09107963071527764,0.4058102151637003,9.71675050336491
4620,-0.05677973053371584,0.0597663085844158,9.99905414283833
4640,0.09719270586761031,-0.08670502040392107,9.664765714388539
4660,-0.062283247215703504,0.11523662030394326,10.06505379311952
4680,-0.05111206408783154,0.2305616377223485,9.827845137539859
4700,-0.09930299242240077,-0.009987981800752886,10.17661574123328
4720,0.15813897411417463,0.055458241461324526,9.786037091917448
4740,0.04682136710341688,-0.1111061124265236,9.69157499388727
4760,0.37746553730572024,0.16364295610129406,9.895689775760927
4780,0.12704201262830658,-0.002756143532385975,9.935647305351205
4800,-0.22251205627310874,-0.1590133270660614,9.908409238333114
4820,0.12038448718512611,0.11762801874131397,10.032740558308358
4840,-0.16332055262941406,0.03704930358124901,9.739511221089344
4860,-0.04142561500269836,0.16160288943114828,9.933268397704087
4880,0.021170260996605596,-0.03436507117013915,10.10198586952216
4900,-0.16355716051528768,0.0714435119179554,9.66787902378452
4920,-0.07581130618348611,0.00696688431901417,9.802802776681533
4940,-0.1010762591209372,-0.09474110064136397,9.893861541089954
4960,0.021137082056125744,-0.13853831481087334,9.941876266487661
4980,-0.011027507343853516,0.01899653387218685,9.99163430291831
5000,-0.015626704482395764,-0.07102595625726374,9.892310353224918
5020,0.2559481986505357,-0.08171207395883273,9.955760398866687
5040,0.08136781738318292,0.08087975313760422,9.659639111001297
5060,0.06494791355441332,-0.21754919188510957,9.682890797915993
5080,0.1645948582172403,0.08645723644942123,9.81393759560858
5100,0.2793421742404383,-0.0766343488669016,9.639104781905338
5120,0.20973679062378459,0.3736811748409969,9.886390560116212
5140,-0.15825689962573894,0.16619994058601012,9.71659286489958
5160,0.07921942982734514,0.129757252686691,9.783304724753732
5180,0.11607558286325576,0.010075370855086582,9.85645525147088
5200,0.14455400941820598,-0.12404635399851852,10.130570397761211
5220,-0.021165168995494393,-0.016934494003611203,9.805194258021256
5240,0.010798750308782606,0.04993159473945604,9.887352343052864
5260,-0.1329221855257078,0.1466893596396639,9.857661055171492
5280,-0.05528212088626743,0.030008303566603278,9.876610864525086
5300,-0.17496142106693274,-0.04779925927264652,9.750178213713019
5320,0.19110096796463452,-0.062121539187229104,9.743812557423244
5340,-0.07792064116091273,0.007748660346539411,9.668749587227255
5360,-0.13990245346549246,-0.14536237288369158,9.650512758674466
5380,0.04430064501401495,-0.03856907569817828,9.821034789679073
5400,0.016017193106331113,0.18741713552801106,9.825749377210435
5420,-0.10293853512560357,-0.05428967259021506,9.670400550263796
5440,0.056496358098714,0.0903744351192899,10.004587531730806
5460,-0.09392859987770108,-0.09955595725791792,9.746417729832563
5480,0.07649530993361331,0.28782961310605926,9.715685305371162
5500,-0.004050871557691282,-0.05630936957645905,9.667824844454364
5520,0.03260997675482904,-0.030065788930881653,9.873770421814756
5540,-0.057158780737335116,-0.08349155748105877,9.818527462932986
5560,-0.10041711468096055,-0.17396221778193313,9.926996337291332
5580,0.03826021102484104,0.27558457826774607,9.707008692622763
5600,-0.23567501803784846,-0.202077020854938,9.637366609304433
5620,0.20771101486790577,0.2441891628975462,9.869722970678383
5640,-0.06835363453704994,-0.05602823173684429,9.838630990840175
5660,0.3115016346431639,-0.0003071923905364327,9.888905618921706
5680,0.10076955316128629,0.21686745910335628,9.55551326802418
5700,-0.013946627536742107,0.03422740506072954,10.103017103994198
5720,-0.09043418723332654,-0.23582072880355082,10.038741729350617
5740,0.07788158576232726,0.02164726064819474,9.730806699838093
5760,0.06941626153825643,0.09267491919200324,9.742896312327023
5780,0.06466989264743268,-0.12813566405253743,9.797457255206663
5800,0.1259413534137943,-0.11511036857525898,9.840787351948883
5820,0.018113722515972003,-0.10392119375472245,9.788344344130659
5840,0.1717557656860722,-0.16664046353782705,9.822909427974338
5860,-0.11507292283955796,-0.14119339768554462,9.773330956920852
5880,-0.03051575827260124,0.15621341973683994,9.923108024940914
5900,0.09292732883703383,-0.09504261031541412,10.000113801648107
5920,-0.11700466379648158,0.26748296092366836,9.880051713820894
5940,0.006509832550644769,0.017471240382488214,9.749458920179789
5960,0.230248877553371,0.08736222707835443,9.829710611119676
5980,0.015855658740382517,-0.12387108126460755,10.067811933141416
6000,-0.07042789424330316,-0.14841881888052352,9.766575925277714
6020,0.16940650467656956,-0.1639585564825262,9.948670219443898
6040,-0.1703964467219435,-0.0712705305992654,9.775453832079723
6060,-0.0497372911793565,0.18020193248517158,9.637577368229781
6080,0.15987802693959138,0.07528619528894508,9.892335414388164
6100,-0.11550887926186139,0.19343883324480882,9.9481772057448
6120,0.03866776386466582,0.019213054422950515,10.078673510567004
6140,-0.010476862158581278,-0.11555244365404523,10.044994502109557
6160,0.23510427861271155,0.07371731116872429,10.219191173967664
6180,-0.21328288808152693,0.06622357621307191,10.090367026926703
6200,-0.08121903984784261,-0.023080191407113544,9.868795800577463
6220,-0.048742224539417026,0.006301543393852604,9.801543873806775
6240,0.056065787221009605,0.13680786843184997,9.758907369636265
6260,0.08279112383296276,0.3465512547627823,9.707734158995429
6280,0.06351496596499608,-0.20839200428908264,10.040693208229717
6300,0.21287077710753974,0.03324536536635228,9.666032678201384
6320,0.10079610364533682,-0.2722489038030358,9.689549999676409
6340,-0.19213506613214512,0.10664031947657836,9.880612144912455
6360,-0.21676159291003189,0.2765594426808022,9.92608593418212
6380,-0.08062223164432007,-0.06981771976238557,9.496904230619897
6400,-0.07884360386882956,0.05566577121071326,9.80684654014856
6420,-0.06551606259050585,0.03332735291769445,9.643928322683372
6440,0.1573053612304203,-0.14556886344193742,9.863499330039346
6460,-0.09468190112537839,-0.06755839114532,9.715661067364856
6480,0.16636479539664592,-0.09181377505194326,9.92914256400595
6500,0.17230462348114925,-0.061652015244813486,9.69349026935296
6520,0.004676499286032655,-0.2143888299524834,9.965621885262058
6540,-0.07818193767111854,0.07433558661762821,9.953442501151477
6560,0.19321065054854744,0.006835497803075889,9.841013525578639
6580,-0.12685568924074475,0.12095407919311447,9.5660338485374
6600,0.07183902119148415,0.19986094953670416,9.55778191725938
6620,0.04088359807305888,0.09996891737352805,9.658905984332339
6640,0.19462454243818414,-0.20768797464124458,9.71847422951572
6660,0.05382824576395757,0.07646158467308954,9.61004685159151
6680,0.0031726113048982205,0.191673223402261,10.106561375948003
6700,0.15827547575548187,0.26881669847729406,9.78754113394142
6720,-0.05701349581635045,0.10324749231917839,9.625769057252484
6740,0.08436031757358964,0.008328727101705964,9.769378417044992
6760,0.01991058713266688,-0.2644451579544795,9.833621233542418
6780,0.005229252106889751,0.16609244853072333,9.776836903827173
6800,-0.22236531034211568,0.047878698687693774,9.593542468813965
6820,-0.0006257723423013995,-0.2509182232030047,9.70396055718994
6840,-0.15162614096848123,-0.17953647756355076,9.634979393717284
6860,0.07950001522188131,-0.1516883028805624,9.733735500839932
6880,0.3554627477703013,0.0743552113108212,9.647943576355333
6900,-0.03391140957107475,-0.1584383516064563,9.849998772978395
6920,0.13746221352168883,0.017274155601920842,9.645025355002092
6940,0.1513053380068845,0.043499464816126404,10.000802258781192
6960,-0.1727961724274772,0.052352149815311014,9.806185573009197
6980,0.10621793956030276,0.01748883888152436,10.149698441331253
7000,-0.047279070186147625,-0.07975775667676804,10.047048732938105
7020,-0.06597541339772402,0.12018810825609084,9.878244664110998
7040,0.1230680360763861,-0.13472405327147963,9.99862313104625
7060,-0.08338770935814815,-0.04608455126199624,10.05406303156733
7080,-0.07628445163647486,-0.16435130720064658,9.58852648357141
7100,0.11370049793242093,0.1788852245415307,9.765800441050178
7120,0.19347512173019976,-0.182441196078974,9.716230098670621
7140,0.009979576025956094,0.1759407042701467,9.758368003940648
7160,0.1000903801195817,0.15142950227955418,9.837861259238311
7180,-0.212771476861671,0.10954128703889572,9.613514018832385
7200,-0.015227710707682663,0.015258690145170466,9.805898072448432
7220,0.06703855831647822,0.029628531173145352,9.871593772638727
7240,-0.126457520977364,-0.0941113353521865,9.699484396339217
7260,0.09668159278160551,-0.3183906635558056,9.565975446185618
7280,0.04231936507065062,0.10946077588396366,9.855230327926193
7300,0.04288250858837877,0.14038171136901031,9.75013524581392
7320,0.1777526631439551,0.026428214789013707,9.699075347800386
7340,0.18982596731075216,-0.03997814881320908,9.525829438650524
7360,-0.182301995892709,-0.29669732262716875,9.708054360345939
7380,-0.09828759561890213,0.1518831690053441,9.76956849187184
7400,0.08075201538577449,-0.14105594847192054,9.842406367161454
7420,-0.04516144620850547,0.017426705706311548,9.885814416383027
7440,0.2985208665948334,-0.09803737723459562,9.6535474252038
7460,0.1658788648859918,-0.11529806333031173,9.740961936933097
7480,-0.12309884112826898,0.18553677297714652,9.688017041718384
7500,-0.11340303144057994,-0.06211868429003804,9.815390535091192
7520,-0.18981661280328743,0.040068476861678325,9.705937539319542
7540,0.05571133384091456,0.08364634861352338,9.782582804120558
7560,-0.0907909186633762,-0.20605124765398428,9.659782834392058
7580,-0.10137889291533143,-0.08010750200196022,9.870453521733129
7600,-0.18980116324482796,0.012894469615853646,10.118317008579435
7620,0.13345722179955774,-0.059049624529079206,9.701582201444271
7640,-0.11204342609572912,-0.08775216432657702,9.467116187645159
7660,-0.1358745368641437,-0.16692598613045348,9.723762897065688
7680,-0.28297128161834817,-0.059152384504329726,9.802944165316976
7700,0.060713305416081345,-0.06278289430812019,9.662469858203107
7720,0.03456531305493078,0.05342367323546734,9.746301961978647
7740,0.10968538412443682,0.18375812240568765,9.884890635848219
7760,0.21532624849091977,0.2200161745648155,9.717456034840112
7780,0.031070063651160565,0.48780756550420157,9.698634072556667
7800,-0.051652216863772416,0.22854719185821212,10.035124116685083
7820,-0.24056734962824328,-0.005201679955858016,9.815101276748523
7840,0.016148417217942905,0.20755691896616316,9.531258737754493
7860,0.05287984400309473,0.2468225192454056,9.764377263992747
7880,0.03855358851598823,0.10759795525587158,9.70697349177278
7900,-0.29210014785589833,-0.11933572390877797,9.99387135766885
7920,0.18531862374038244,0.1376931526713982,9.64380855592686
7940,0.09317473050408118,0.015098392339706687,9.893891827750213
7960,-0.05848374470891547,-0.3933063764812352,10.129426464343096
7980,-0.04262237115930739,0.06453177403454181,9.76790313516676
8000,-0.28803721862919257,0.07965418398134684,9.858792263491747
8020,0.04846827015722833,0.02722286576100889,9.881007876302927
8039,-0.051524084517225545,0.030985306387568665,9.939518665991331
8060,-0.16956196475951202,0.013889960672180322,9.766761303666303
8080,0.2961348565770129,0.00027710542492901655,9.784876558913144
8100,0.23173110653856413,0.3020029009881821,9.522482019839545
8119,0.10858138605839074,-0.2426953564251485,9.875013325707986
8140,-0.003165986055985735,0.03998022678917906,9.854830073420382
8160,-0.18619130471010117,0.045236606842150376,9.46850189063993
8180,-0.0028798297903740496,0.021875495519265424,9.791475345483459
8200,0.07047958218389852,0.10598898476595542,9.866321293683425
8220,-0.016248056565572412,0.09467877873137139,9.565842628318219
8240,-0.005289639711602388,-0.11417618231717866,9.848321533694945
8260,0.028004477183511668,-0.1231312842447048,9.967258097024486
8280,-0.17154547495544736,-0.016475404011355357,10.057130277585967
8300,0.12309760600887851,-0.06647943915156476,9.841079081767107
8320,0.1510642421256908,0.1228653085500918,9.86417062379261
8340,-0.06452745777422948,-0.1053243737147158,9.876236183952726
8360,-0.10415313963717295,-0.052785402880480996,10.063982440523246
8380,0.31812465337004303,-0.008323090708024547,10.235071456896797
8400,0.171188343725279,0.0003790210356892842,9.684224232029303
8420,-0.34799280164853413,0.10181209557896541,9.545366605839625
8440,-0.01531915712714416,-0.21538978910582646,9.510244455648753
8460,-0.1529977280283489,-0.04054389361720446,9.74238185840105
8480,-0.1367648966969767,-0.1771571310719836,9.996748722736358
8500,-0.10347888607536337,0.1411464501329913,9.70264461522822
8520,0.006437202149770764,-0.12342634433601629,9.830695985353247
8540,-0.01978525688828312,0.12018525893387595,9.696487425414157
8560,-0.19422095717302892,-0.007963125281110284,9.748301129778685
8580,-0.16294045972267857,0.13239866901567102,9.767702017705133
8600,-0.30902723490217154,-0.004527359292392409,9.83751446042597
8620,-0.013554666160159393,0.12301919527611854,9.688715673662557
8640,0.04025974297664257,0.10247464923355078,9.932618341592915
8660,0.12917068289450745,-0.052885240045046016,9.801032443469845
8680,0.1471706747620883,-0.010089133335127027,10.018003802616368
8700,0.014771851732598299,-0.0120091531763683,9.652081028809357
8720,-0.060578698607163445,0.20451124497813286,9.61257255839212
8740,0.3210349079083685,0.2656955383484616,9.820990696291956
8760,-0.13899045546815492,0.09121117238700294,9.895482055774155
8780,-0.2035198080431187,0.034779801827697396,9.921428592462497
8800,-0.06925067083063531,-0.1060455289496656,9.972849459958892
8820,0.02918427504716852,-0.1304596524298507,10.01511125749892
8840,0.2025079676495121,0.009329416553425186,9.702366299759971
8860,-0.07094770853836056,0.19127580336529623,9.6220323761553
8880,-0.24309355267240118,-0.26773838565988756,9.745175941751262
8900,0.1099826670491039,0.14410623671788111,9.777380806941945
8920,-0.0677598527554721,0.12191228213544728,9.929123677018476
8940,-0.1603533494661973,0.07369631860507109,9.61323739608862
8960,-0.136912106692805,-0.05420886969163934,9.666094105362662
8980,0.01964301043851075,-0.06109748540201466,9.742696079611372
9000,-0.2651465476089316,-0.09098829774110422,9.693757903660593
9020,0.22117020608990914,-0.4333967412544945,9.69210565693109
9040,-0.02543931982765727,0.03616717757501922,9.587664402882886
9060,0.006608943053878533,0.24616705414471488,9.956518900149726
9080,0.15696343434711138,0.04878311519763969,9.882069039245577
9100,-0.1125996093812176,-0.1313789425988255,9.94885239503479
9120,0.00878705185208502,0.0011520621663612504,9.768704074395334
9140,-0.013307637440534826,0.22946878187081834,9.939786339174377
9160,0.07154837740177232,-0.16481121588953337,9.59508541663461
9180,0.36635272694348925,-0.12090802499410605,9.906021235793565
9200,-0.16526389400573854,0.058266783899330626,9.7495144357031
9220,-0.010855124988681117,0.1075994139684351,9.791012237755508
9240,0.31690285267017165,0.024617613731309072,9.860314805169109
9260,-0.13550830228740493,-0.20660528363409614,10.074500363133161
9280,0.24178627596234642,-0.08361071371887002,9.478094721968564
9300,0.01158853673922595,-0.10899995386205229,9.823224673325466
9320,0.15423264627526248,-0.18948407858446056,10.059732902487971
9340,0.08395571693014629,-0.24896350706078185,9.880784080046114
9360,0.0475515622106544,-0.0728498757791126,9.980936890064704
9380,-0.13386565094472386,-0.12784846791214086,9.684795520657913
9400,-0.022378374143215536,-0.08901987444150465,9.759352681740141
9420,0.10256328430357028,-0.2227705290515432,10.044478120024394
9440,-0.05795247064814262,0.015154697920142091,9.704452628032557
9460,-0.16299995200620873,0.0038223519197456146,10.046947525360267
9480,-0.14735118441945064,-0.16288138464519414,9.800449442291525
9500,0.2120098406881014,-0.07136548078035419,9.964764763468505
9520,0.2393373893315789,-0.08786331632580567,9.834349664519555
9540,-0.10791281727740408,0.2022627259252397,9.75641649363937
9560,-0.0033288716480548196,0.048415024941554294,9.812881681950465
9580,0.18618672214298163,0.11880095153526207,9.845291554442603
9600,0.043835491439083905,0.14144552928342746,9.934648154427528
9620,0.009900879692541031,0.14663720797854968,9.796901825466088
9640,0.0925662911531668,0.0635180897258326,9.799259155874502
9660,-0.1663163704539329,-0.3827942579045956,10.01325177848842
9680,-0.10273821821073567,0.0019857123288261726,9.684194513712697
9700,0.11475441535868766,0.0441936332260567,9.843242041926494
9720,0.03019335410058809,-0.13394683851926736,10.004334894311752
9740,0.0693421753089669,0.14120562329719455,9.797380910274535
9760,0.013721214108963615,-0.03295560648395962,9.70897657081659
9780,-0.1936167221923649,-0.05395270685145422,9.976030662203232
9800,0.06357714552324414,0.32554521721688257,9.931427493894573
9820,0.19481601542450044,-0.04492942701006595,9.892718359657211
9840,0.07748941991054745,0.09451547561555078,9.803312168980428
9860,0.10998718758426818,0.3389218663221806,9.70476903936093
9880,-0.1406889372039419,0.1430063992370145,9.88528206075437
9900,-0.03740096610601288,-0.1262363563984617,9.683467829343329
9920,-0.06807394129729274,-0.24421513333321815,9.735716809807737
9940,-0.0757555738179709,-0.2600300807321974,9.801057014533288
9960,-0.09284218272952631,0.06747382450722901,9.774482664523315
9980,0.08897338861651351,0.0688040186176789,9.727765223533366
10000,0.08302968881119531,-0.05871390412134975,9.627447476183418
10020,0.12691733579526623,0.032863191886126485,9.781156960325184
10040,0.27051576926379417,-0.02243436219931077,9.82321195260542
10060,0.02636590949883241,-0.013199988558020757,9.606508540624564
10080,0.07039050551811053,0.21353732379284018,9.810482977675248
10100,0.027262972182074918,-0.09119506134672918,9.765063876678186
10120,-0.2418422788372657,-0.15816047498739355,9.794529598921375
10140,-0.15870158492416112,0.04545119899475716,9.664861743860422
10160,0.07060585208659655,0.30658236195733124,9.698749593083555
10180,-0.06557121970134075,-0.1238202983843753,10.0026721697426
10200,-0.007367855899702373,-0.025721536945429686,9.662094314539766
10220,-0.213385521647258,-0.06564671692708623,9.727612170322708
10240,0.04341987217270211,0.0662910735293708,9.968477514997137
10260,-0.04423135439061756,-0.01868387046879443,9.659923806688358
10280,0.028261575374333114,0.05250860512677599,9.702265698964252
10300,0.029081621565490805,-0.12556838029456147,9.89748902236451
10320,-0.24352012802317494,-0.022007247595267485,9.915996681776843
10340,0.16555512158096244,-0.2508562421335127,9.722062459326052
10360,-0.18968166125098299,-0.3125837968230278,9.817579218494327
10380,-0.04463678685053751,-0.056947122533800805,9.937895651105366
10400,-0.06911522908202687,0.03497111457015221,9.80651664252843
10420,0.15512031900005638,-0.11281000213376759,9.526401930932728
10440,0.016503766596537746,0.18889665645555406,9.850970394545513
10460,0.144618760289508,-0.03492484955881232,9.94139487661426
10480,0.030921747825167413,-0.0764823714968591,9.857855160624238
10500,-0.0032455946138836254,0.08287071337414366,9.746147206508594
10520,-0.12058926229218242,0.03214794013831412,9.80341653287592
10540,-0.07029435751747108,-0.15222631669049502,9.747575581402993
10560,0.005973583127627145,-0.1748839859775182,9.749147423393104
10580,0.038981717147427986,0.4714101210182647,9.81599292155589
10600,-0.09602928211761634,0.16603791316231428,9.839580353675796
10620,0.21161091451654254,-0.047308284756342744,9.650454974413895
10640,0.045677589158911,0.10864341815561543,9.814637651785056
10660,-0.16594561149960654,0.03926821135855859,9.799618746289866
10680,0.22353860693279362,0.2752738847368779,9.649659171981508
10700,-0.2522993715514118,0.033600115090086084,10.024173690937378
10720,0.05968118931086375,0.054726588319097096,9.812457673732627
10740,-0.08116984033581419,0.2890934826372963,9.929964365458941
10760,0.23649236140494304,-0.20419658450209405,9.8003707237552
10780,0.12577793886637462,0.1923993433289046,10.016145110591117
10800,-0.1743635208049623,-0.2338902250025451,9.89763419690944
10820,0.15132300667477783,0.1650556022287591,9.977764766738542
10840,-0.3022299899726661,-0.27421794234235664,9.79631506163894
10860,0.12575388642490537,-0.05192965929810196,9.93716535057737
10880,-0.0063238388308590205,-0.01841363460964005,9.654482476173584
10900,-0.13604100372338487,0.04941049185165754,9.849240565955823
10920,0.14775941591308484,0.016834245612269462,9.637463445004734
10940,0.11689517295373897,-0.05134926844890802,9.88967369879256
10960,0.02958050832202653,-0.3104341366411321,9.942061055177566
10980,0.04355894618485024,0.22718492317483407,10.104702412657486
11000,0.06115104978142483,-0.04411923816802763,9.838143550322933
11020,-0.052483201597227074,0.01723901571213912,9.956827332901636
11040,0.08469504469597804,-0.15576218142696488,9.58227047049766
11060,-0.2786771074089418,0.1296160068206611,9.804411406622744
11080,-0.5067458729942156,-0.1934631074783346,9.828367775745113
11100,0.07014589719712475,-0.033012700477247844,9.655611285887254
11120,0.05882992252785693,-0.14789947021286515,9.691559818931509
11140,-0.09968815866361462,0.06425198829159047,9.897750580910245
11160,-0.16158552733556714,-0.02524960221122622,9.877397991898178
11180,0.19840549237964053,0.08108778770883544,9.960734358039275
11200,-0.07674274327928597,-0.026341781605102522,9.885279240576903
11220,-0.09037155645932925,-0.16997387030240785,9.909898380285316
11240,-0.14505564360377401,0.24141613186212338,9.914110290547974
11260,0.11991821411212197,-0.020019769785884673,10.031989161083333
11280,-0.3315451865109121,0.05246090263081806,10.003931737686742
11300,-0.028262623491768037,-0.008375689912216107,9.883933007691583
11320,-0.10720995664523697,-0.15602110227748597,9.663917481677569
11340,-0.021562214371744166,0.13656216565651097,9.72276926540293
11360,0.10029394058904936,-0.09827144836320259,9.957823743977896
11380,-0.07298527588701743,0.1000906080582085,9.700689088888883
11400,-0.041392657510255886,0.0218092545105179,9.801621249999691
11420,-0.2804027451644835,0.04972274942196691,9.789539571182361
11440,-0.08221768619431302,-0.10953151786084633,9.691922212139257
11460,-0.15845113101949532,-0.32872883723715296,9.950430486894351
11480,0.03463666747008236,0.0399063999431906,9.808290387128597
11500,-0.03538582921566507,-0.038023254936514386,9.839236484504108
11520,-0.06616440234928748,-0.15837056670301636,9.726999918351256
11540,0.02342028360234569,-0.05404468977344587,9.837470956168625
11560,-0.13504742719151558,0.27344192124563754,9.712609780195764
11580,-0.17035721734946563,0.0922140171172088,9.607113925283691
11600,-0.38878123926151936,0.07177933265889608,9.737069010783674
11620,-0.011545222181883304,0.04055946296082426,9.888899356284881
11640,-0.001273073744492241,-0.030234025585510062,10.010940796931862
11660,-0.00952042850654707,-0.05112890258951908,9.57315338497377
11680,-0.0885782556935417,0.0015485259016431378,9.551378972407532
11700,0.1553301816545097,-0.19992214249720497,9.69182112217283
11720,-0.11354909986734824,0.05105776828360468,9.799080070140468
11740,0.26621571675360706,-0.00022435667138362674,9.820092931343977
11760,-0.044760100471206085,-0.012449694493655019,9.636247985138533
11780,-0.12517301964877267,-0.11554921706084681,9.821182489909923
11800,-0.06119362764247624,0.17411898431362408,9.470670879586518
11820,-0.013319861701706692,0.15482640531504915,9.841020426061307
11840,0.05463373905870595,0.14121418794454052,9.97590143375342
11860,0.27887907111195037,0.04185159768666157,9.540421575017772
11880,0.018295242699749224,-0.05793543005675966,9.71729323683636
11900,0.1043659856456396,-0.08078456602612848,9.708446675867622
11920,0.13533454124860783,0.09979531385205899,10.000458379289944
11940,0.06336000460924741,0.184007646792713,9.824141098575346
11960,0.28540195208769087,-0.03138456012091304,9.66597258710465
11980,-0.052549428652785536,-0.19373323224908073,9.83025620979733
12000,-0.09608463528089138,0.06824888125054719,9.957623928252078
12020,-0.18508630991760752,0.04557382730060569,9.839751634963422
12040,-0.043345946569318165,0.015777302354026784,9.657698535111685
12060,-0.317814413276385,-0.21996585491561865,9.892649002153194
12080,0.09078762421715199,-0.013984463986201377,9.901359347757511
12100,-0.10717997307167366,0.16898772415781896,9.775209836327804
12120,0.09445121224216106,-0.0642812765202946,9.749987950802671
12140,0.051078118221202375,-0.04772014320638212,9.959001012920607
12160,-0.1825234383193578,-0.04014526161199792,9.693996473587504
12180,0.3124471446094809,0.010953686429215122,9.862934427261091
12200,-0.11771920819103499,-0.1463950596064815,9.798412632749299
12220,-0.1296482480722909,-0.11103294252184298,9.783942555696642
12240,-0.06422982648788171,-0.01501416588788816,10.021563965644
12260,0.06885023420756531,0.16668909253753775,9.869520912792186
12280,-0.1637536156940741,0.1849172672993638,9.895292100404083
12300,0.11830995282573963,-0.037275331981506926,9.868177370498044
12320,0.018363660779889233,-0.20308440762723487,9.716138467623761
12340,-0.029806394570709632,-0.20047930397515537,9.815759897390604
12360,-0.15936756054992196,-0.04784508299448365,9.982157919184745
12380,0.012971238656440683,-0.2585772062833905,9.784349826908285
12400,-0.04279373695324179,0.06877886065487028,9.776904301745398
12420,-0.30669761795354117,0.11112682538250833,9.67824688046655
12440,0.043990880112974605,0.07330695085566212,9.493519646276065
12460,-0.14324661092570368,-0.05696767618569905,9.609789016252531
12480,-0.050502566905605964,-0.050204218706372206,9.761201457837881
12500,-0.13500814994475285,0.2032381596003477,9.928809993298541
12520,-0.05606099154085065,0.151751342771017,9.944127324253227
12540,-0.07239295572257541,0.01770678479977925,9.882029264122822
12560,-0.060615560373439153,0.031096033266015163,9.726415544642888
12580,-0.07193364054915581,-0.04053894251351154,9.521602271402989
12600,-0.10557255553203145,-0.04681358187787368,9.791980253690753
12620,0.14720330172818577,-0.26003814106063594,9.721943688183643
12640,0.06229978009097612,-0.17110211722393712,9.573703100120913
12660,0.07539676776986651,0.08233228288128158,9.765348537312201
12680,0.19185524321769803,-0.25528005564249784,10.013558007301265
12700,-0.08611196585881739,0.15909773493610557,9.79967596292369
12720,0.05981888858135889,0.38364801466837334,9.77185696994511
12740,-0.0866491680738534,0.08905325089004613,9.969933062212329
12760,-0.13294451532966753,0.034764915541966215,9.880397640465201
12780,0.19075746412720576,0.14419693194129285,9.597038135435437
12800,-0.1347064028155592,-0.1896969224049841,9.640130223172092
12820,0.365505640605134,0.20596724267199665,9.950774398627049
12840,0.3509129123844994,-0.08961601673155863,9.573086585486521
12860,-0.32985469125560424,0.0064789512751814915,9.866145319709485
12880,0.13211048571336312,-0.07237350015837844,9.768905744251713
12900,-0.13191795296801115,-0.10850081882121157,9.799522848912604
12920,0.08007824890838396,-0.24232358413670121,9.964385178420077
12940,0.023398269450491036,-0.06672788548344158,9.75562165730768
12960,-0.38569559335803816,0.01412629430223587,9.89144259671198
12980,0.011738439069618965,-0.11647357818556298,9.629232925284448
13000,0.19348137054323078,-0.09775619809061538,9.691028286384388
13020,0.03329242746595086,0.04302980786041596,9.995129960637904
13040,0.27960088737484246,-0.2079852288349868,9.72589156324978
13060,-0.11175093227814871,-0.04720190378841937,10.10132735575735
13080,0.2823622331312736,0.19625946457816973,9.703248207433978
13100,-0.005001629731997743,-0.12253171692581796,9.456273604699986
13120,-0.19958297152848847,0.2690587182688122,9.59231570408787
13140,0.08036922329192003,-0.2117909306370178,9.713222245328733
13160,0.25510632468427763,-0.3100977447233298,9.791573669816588
13180,0.02660755990055355,0.07072461736764397,9.481750456519812
13200,0.03295747229460317,0.0420676704130994,9.863665573905399
13220,0.015551532772466261,0.27394023101180864,9.785340671704484
13240,-0.3285440309909103,-0.2745515118997814,9.715193372648367
13260,0.3046619276405454,-0.03852051737682819,10.075222787602446
13280,0.28550794309105554,-0.03429078548017393,9.819765355223229
13300,0.22478241236228458,0.24716606627449483,9.793614495131582
13320,0.06466711349823717,0.1470999854621777,9.480768407916548
13340,0.015288728816665341,-0.08487957416593002,10.090272923138299
13360,-0.04728809969512353,0.2591511876882518,9.731820825631074
13380,0.23771053921400875,-0.1034333154905475,9.862922092817511
13400,0.12401505499538132,0.07341160297587812,9.777304380983054
13420,-0.1736170861212299,-0.010459888602045315,9.767658715558918
13440,-0.06939610050563554,-0.07954735512556467,9.873346113342794
13460,0.05336670065848686,-0.042239365280869995,9.594542443644766
13480,-0.08223218860182728,-0.02960290366982957,10.01879935800938
13500,0.1058191728918157,-0.14073705088138086,9.903140178371524
13520,0.30310710710894373,-0.06980671220399144,9.830773868321883
13540,0.301054085157178,0.21497196662076618,10.037992341568554
13560,0.10555585465582279,-0.0996847663338498,9.627915991744466
13580,-0.1330043442398943,0.02137171892255553,9.787482777359628
13600,0.14815186618991588,0.148796473312419,9.954393355371547
13620,-0.18267493864948936,-0.05028241288812616,9.899425938421302
13640,-0.07238015657646292,0.12607600034624336,9.90946796272087
13660,-0.1016538656171696,0.1365854750895607,9.600448800790549
13680,-0.03322517347247486,-0.03622363320452422,9.52075385841435
13700,0.050054715232335734,0.1631847004240123,9.858304749926605
13720,0.1634597374168489,0.1539275863983647,9.801669360550243
13740,0.04859583797633422,0.0934403435409902,9.696554193506236
13760,-0.24526798968521718,0.14429798670676647,9.923810370860831
13780,0.0952780230441768,-0.02868194488295038,9.720582266778408
13800,0.12241533451747089,0.15750366825202947,9.811493848381728
13820,0.1278816175664295,0.2916541290824533,9.876575330130393
13840,-0.09949782342263377,-0.04778452427093438,10.024998742548577
13860,-0.023818809017359225,0.10423067761609035,9.928635571310693
13880,-0.06492149376043567,0.037551367857818804,9.892721566084894
13900,0.13266720994078043,-0.2204685706486583,9.748802743844863
13920,-0.2791131123428082,0.2282588575512743,9.959917883874823
13940,-0.06966977463400255,-0.13652368357523414,9.438344360348854
13960,0.20412651276232474,0.33565814955517864,9.633018913764255
13980,-0.07015810089507694,-0.26654627247761425,9.792933842122197
14000,0.20514630034835918,0.01952205998448227,9.84063874944261
14020,0.12389235695704587,0.20553036866560295,9.714801126262431
14040,-0.2839089136116261,0.07751118669879555,10.001786966453961
14060,-0.13034247032687452,0.007142937346885368,9.850120868844769
14080,0.2905347034610565,0.12340398088298335,9.880654026088209
14100,-0.25752892781120473,0.10149008352469917,9.791966331554704
14120,-0.09145267527748238,-0.19647856773451874,10.087478938328987
14140,0.01574120044231567,-0.42701286270775435,9.935205273379237
14160,0.039411889756812514,0.06207915475592388,9.843085795845365
14180,0.24728707932569194,-0.024428724399821505,10.246118409154079
14200,-0.14773888810369026,-0.020485331178822695,9.73681777844885
14220,0.019073161072376634,0.10117045441443007,9.860706703136735
14240,0.11467187172574926,0.23552827486519823,9.680059624952056
14260,-0.047465180772566125,0.12414462384494047,9.574818792847848
14280,-0.1364303426944349,-0.17762601631444935,9.757759903432701
14300,-0.07019758053267239,0.02556753786835684,9.919200781087728
14320,-0.18343821986587994,0.061905331015091436,9.545900768628973
14340,-0.0028463764913506284,-0.0037214083697550107,9.87249290161693
14360,0.16253733998464304,-0.16430200501286554,9.642051204161556
14380,-0.07865754839175867,0.13085302206419455,9.857556714434512
14400,0.09988997105179494,-0.0872820840957378,9.608233164454393
14420,-0.3050293045927742,-0.06383501679384743,9.873525271483448
14440,-0.28191072281494917,0.06095301792423978,9.499600072326432
14460,0.18635403259861738,0.12922384003084308,9.91162110294077
14480,-0.027919617534601704,-0.06674916496728772,9.789018774479775
14500,0.06290024471893496,0.05336117094534887,9.631923390724078
14520,-0.22557441608129442,0.020451104477176445,9.710134591280667
14540,-0.1455873883576481,0.12589058446572496,9.88958649075137
14560,0.17516648890750477,-0.15374380268294172,9.80282021121848
14580,-0.00892737715589901,-0.19644649142194856,9.575225624960911
14600,0.09407776513841211,-0.11591091805240701,9.812331665774288
14620,0.0015753189382265423,-0.012966169571664243,9.695135498844705
14640,0.1740029232138188,-0.024466714391955198,9.622451075825772
14660,-0.08581976369129718,-0.18642803156786938,9.881906360337128
14680,-0.3487012542888162,0.15136103812101817,9.84959548518165
14700,-0.1467407077001876,-0.24591444434720222,9.451255109490125
14720,0.08043382681497901,-0.21283733912309966,10.060351439686372
14740,0.037224618682616416,-0.16220298447189876,9.886957256524061
14760,-0.04256233304898522,0.11488764704554875,9.819404752217348
14780,0.17526577066409704,-0.15928966981280598,9.634946756814116
14800,-0.09359440563459584,-0.02713453381170794,9.785762224784513
14820,-0.17814181107817342,-0.25034312031554107,9.754225459105657
14840,0.12903255244481082,0.007390723395609157,9.94305334402157
14860,-0.10708089951844944,-0.18514307417708678,9.990749296655554
14880,0.032933899003938616,0.16985073130648445,10.018952317984711
14900,-0.22139497473337819,0.15268350201927747,10.033774688434546
14920,-0.22725619845394726,0.2678680022841677,9.85455136522345
14940,-0.10179046045821792,-0.033346199580171765,9.802554324510718
14960,0.3316263931909319,-0.14704574280043473,9.683341024447422
14980,0.06911462809280794,-0.2020984989721156,9.676175509095637
15000,-0.04400933919612045,0.28223891455623845,9.50590934732019
15020,-0.0637365001522156,0.0973877935840087,9.729345338481357
15040,0.03358842983192992,-0.1509981241891795,9.714853314432181
15060,0.019303475466682183,-0.058456753667962956,9.668473423781183
15080,0.10686495304802966,0.05216524827788631,9.624959246453493
15100,0.3057205429929288,-0.06403547627604403,9.820708505011261
15120,-0.05016413867236994,0.2087981063222186,9.885415818516632
15140,0.39821248035925283,0.2070432105635805,9.87786632236842
15160,-0.29046952884558724,-0.2496635955717981,10.00378543022641
15180,0.03309959912721762,0.22572751787997603,9.534250651675453
15200,-0.11020550082864718,0.11327551194356744,9.97947737207391
15220,0.07859415504520903,-0.13642502799233466,9.965328843869223
15240,-0.201987177508528,-0.04507508251691768,9.81849940942139
15260,-0.12509123833898028,-0.22004084472539015,9.73155909169188
15280,0.004504292834358705,-0.009797414323797772,9.49336222202238
15300,-0.2069230004023503,-0.134559803709457,9.821805823645612
15320,0.4721731924862981,-0.0886380126833158,9.858855125560499
15340,0.17528863653312501,-0.06726852702390221,9.695887359833396
15360,0.12422768805819452,-0.11070088326316932,9.806666307377673
15380,0.05924365717466806,0.0953673263607099,9.792057691914673
15400,0.0763161224646468,-0.26952322896772324,9.688196654037476
15420,-0.022007009233917022,0.11107096798863599,10.110926246552328
15440,0.03771953559766707,0.016495776188562593,9.39206307212993
15460,-0.03572602389906784,-0.0832631387050752,9.5910999441516
15480,-0.1587668274509195,-0.19933766445831522,9.940314957995204
15500,-0.028340355531627764,-0.4115549971843922,9.876593941399774
15520,0.2190594890311367,0.19655575787162324,9.672590508233945
15540,0.04952544148877946,-0.23562265652023953,10.15477670794069
15560,0.24658479569960218,0.08046060419954901,9.633590085694452
15580,0.15326173198122242,-0.15443823966721243,9.834710217040287
15600,0.3441759027910263,0.03615150865325288,9.6630612111678
15620,0.035029580747373924,-0.22730912317179933,9.758492753019707
15640,0.026674447077865066,0.06426629025154858,9.839272065096248
15660,-0.06109424106207935,-0.19258892796482804,9.69038499755362
15680,0.1856241128105751,0.10810532438809126,9.772506703649364
15700,-0.06293190019000894,0.052035243536728136,9.839568361695113
15720,0.09948835249884955,-0.4617946703977406,9.904215640922157
15740,-0.2559508296397566,-0.16818087792397032,9.70249538112414
15760,-0.06849450114334359,0.39555057795312976,9.792565591001594
15780,0.21863584751250795,0.11395342118177124,10.058379322657752
15800,0.0803007782937638,0.2180680520370257,10.144820323574958
15820,0.20570135180789612,-0.08414628308330903,9.442955334953403
15840,-0.07600863387764094,-0.19982623599099705,9.697692330348948
15860,-0.0319634414159795,-0.20669728169779597,9.838457255941949
15880,-0.2526412989536951,-0.06250316778951272,9.837364373753282
15900,0.00014988985691264176,-0.1130318108046702,9.511576349691886
15920,0.12614564757892216,0.01889842266182911,9.676414790531457
15940,-0.03277022486112825,-0.1900363077191355,9.90750697132292
15960,0.015812109214781527,0.06321076830056872,10.28986188396639
15980,-0.1421515844524175,-0.2372827750999639,9.961147628082246
16000,-0.1272392522847858,-0.15239814753730105,9.948834372726234
16020,0.002473097673626902,0.05809191073742428,9.713020804744097
16040,0.11846380942586116,0.18463929820674022,9.660359368962212
16059,-0.053663028035976924,0.182078894562944,9.824719115407335
16079,0.10752807879239414,0.02803085238911446,10.027928499320433
16100,0.17575306293923712,0.08287869925805101,9.639092465368327
16120,-0.07096343023229285,-0.22579312080555286,9.744623925786248
16140,-0.17314473323864768,0.12524336512697112,9.727331674044873
16160,-0.33783874291510524,0.07621608246882496,9.766203631500055
16180,0.03771431338579159,-0.048947918891121815,9.869319334557801
16200,-0.10950814591575143,0.13727916250620148,9.806244103862165
16219,0.01366582261234386,0.03905813086860193,9.649631514357312
16239,-0.10065325880321753,-0.0006484259454466144,9.684016859983261
16260,-0.037162819743776054,-0.034672927812234224,9.77552074189729
16280,0.05798653540459787,-0.022153675201143502,9.719360681761424
16300,-0.054514338849342925,0.032965460452709656,9.87526302574572
16320,0.15432531502118588,-0.3311186652013923,9.951970308080261
16340,-0.11851082073320035,0.08994859861488189,10.161570438961913
16360,-0.09549844213812805,0.18322855109377587,9.875010084765089
16379,-0.06141012430939146,-0.19284477502544042,9.561542849332724
16400,0.06501648621575815,-0.1769263356263842,9.964292011904934
16420,-0.1647125775378707,-0.016136173344411885,9.622053298986865
16440,0.17282624817732725,0.205115347805996,9.704392121162975
16460,-0.26891867921490015,-0.021021232240849393,9.921376629845188
16480,-0.026271455117309432,-0.08548107004115738,9.766883920446766
16500,0.05199210352367521,-0.13861426069547725,9.738304222538929
16520,-0.2263920243820587,0.36785249294496297,9.467761192216145
16540,0.054941124967534685,0.1983966542178928,9.726578746903138
16560,0.12434151500660452,-0.06879903230700408,9.732815157439164
16580,0.03509414951649357,0.3328154390326037,9.690586866107687
16600,-0.010287741587647977,0.04182435614877185,9.741505403605773
16620,-0.013470430559500863,-0.23550704041103449,9.621911409870625
16640,-0.003107905366022827,-0.1513041098831801,9.587429173068434
16660,0.14308119288907092,-0.006597728854258114,9.686281995162588
16680,-0.03957209924338183,-0.26191989464686455,9.869682450389936
16700,-0.07395721870522162,-0.20872763964005342,9.484833348380938
16720,0.13050886030589176,-0.03238918479871229,9.89237866897168
16740,0.08895832312175984,0.04982544375608849,9.887371966926464
16760,0.15821585552788392,-0.05192885511163247,9.977078968159438
16780,-0.17065230242546062,0.20140034255212,9.712474674004227
16800,0.16756571434523565,-0.0801666939050096,9.792384588169812
16820,-0.025939534979014897,-0.03929656143970101,9.980928634510049
16840,-0.139002398853528,-0.027558417153641837,9.672397952493949
16860,0.11517993748248684,-0.1598946833128583,9.545525731175985
16880,0.049964509343209396,0.05217322031139074,9.797783600040436
16900,-0.1625759434254009,-0.049932993915900656,9.725296635810983
16920,-0.03530139429446726,0.14819424441603324,9.820487878913257
16940,0.09586748348377115,-0.21724819073447524,9.653667984833591
16960,-0.26586280063379886,-0.07262510068169956,9.722718730670259
16980,0.08181976221913682,-0.25305015501672756,9.854479009203434
17000,-0.031390601873160284,-0.20245815126801528,9.812427266062928
17020,0.07725096830356505,-0.06805732389624945,9.778041064734449
17040,-0.33408189839755736,-0.1358572733869838,9.46518519775566
17060,0.23973734050838924,0.14639462568990058,9.64786931791387
17080,-0.09189582182548975,0.1932503968359074,9.620285461902656
17100,-0.08769275362554572,-0.11462316134033805,10.203820303649344
17120,-0.03600273096946059,-0.028388740258167688,9.758953437939285
17140,0.08237510328130242,0.007107263288945372,9.691171845887338
17160,-0.02135232935373362,0.01367290083395963,9.865736476290433
17180,0.2331284140072507,-0.05308968581544259,9.547463602481724
17200,-0.035322629560671316,0.23601081375482968,9.842501445872323
17220,0.24670911020121994,-0.066140654069902,10.00185938988322
17240,-0.03048006316241436,0.08832694942339464,9.945776381281647
17260,0.0009599635147395313,-0.09814402132654537,9.694556141324565
17280,-0.2387919402120997,0.0455501729654833,10.07207859291622
17300,-0.12077790112899243,0.13974909893405918,10.057013649817144
17320,0.044222524134992135,-0.03093515350624556,9.504197162824905
17340,-0.21804289886563233,0.17831690203530828,9.800251988414672
17360,0.2534395604721917,-0.04282771198353925,9.713168289084551
17380,0.03221975078186285,0.02682933119718487,9.67098638041249
17400,-0.05354667755238334,0.015050525799728827,9.703699925042454
17420,-0.013420551985282749,0.15933223461931553,9.663159479485088
17440,0.2511373286307936,-0.1565288520254742,9.98516508940968
17460,0.11728807411236675,-0.12429328410692475,9.811614160851223
17480,-0.28499508528258904,-0.13593852196978004,9.82013220375379
17500,-0.06279409751780259,-0.11280406311514737,10.011942449562486
17520,0.13779312092307447,-0.118551151788652,9.748316054399666
17540,-0.1276745815373348,-0.18570879172641805,9.834445766059067
17560,0.053633811266544165,-0.058189460184278674,9.653499602789969
17580,-0.340964314026399,0.11895079668646616,9.837357460196793
17600,-0.08830176103910124,0.04028172954136674,10.129599064188026
17620,0.016541321313557063,0.274309681501739,9.885863021068278
17640,0.10891863463072664,-0.1201393926274225,9.719026243785622
17660,-0.07242752100994519,-0.20441339273207873,9.730051969512862
17680,0.13899956621105716,-0.1397815572710871,9.764682724336092
17700,-0.22336363784313906,-0.09844291014769241,9.906757581789156
17720,-0.028036432388573788,-0.03290832405315586,9.691735995568244
17740,0.027649477952840607,0.006005586602377216,9.827255929564512
17760,-0.23584284763741842,-0.11050045754609761,9.801570834864908
17780,0.19389749239371074,0.3411382727574866,9.946963646727033
17800,0.04376292319863325,0.1924281430850889,9.731985231251961
17820,-0.16612355618627364,-0.03606408128636542,10.046077647603868
17840,0.08299587990330431,-0.13579404210428675,9.876660469575052
17860,-0.12559259127576544,-0.08680683763810881,9.644893296383836
17880,-0.09780196058340036,0.1272170222580349,9.632179948565915
17900,-0.20572713846186863,0.04160700256617854,9.688872798703615
17920,-0.05426031386770074,-0.16157180714330363,9.7028791379209
17940,-0.32986736351736307,-0.10587123402014838,9.664143530514183
17960,0.03234638515786863,-0.15975476164258084,9.937647138467646
17980,0.2778237342690193,0.07447919403759856,9.92128201061278
18000,-0.06694737836763484,0.23864579643487807,9.778434586939166
18020,-0.3458368016321007,0.19065307575017543,9.857189573080097
18040,-0.07203447240237541,-0.07689280296514606,9.799968524389358
18060,-0.010473825973834228,0.0438958498156213,9.93950549129107
18080,0.022773741001299863,-0.14499176428121102,9.79704486590457
18100,-0.00993940406920015,0.05806255930277757,9.659473079136376
18120,0.2283132907282783,0.08763594428390588,9.965782286224988
18140,-0.028315939241032463,-0.32730699265384505,9.836397537036731
18160,-0.05954142781781922,-0.058754218028982313,9.953980546062382
18180,0.052322186092848486,-0.09253199397800407,9.582268635076156
18200,0.0666797355783442,-0.12627288977049553,9.89683444698107
18220,-0.03208718547541489,-0.13177456456512243,10.01365812370984
18240,-0.03663188530769688,0.32999383638775065,9.651557712723948
18260,-0.09775257292098533,0.02038276419371687,9.823244315788495
18280,0.10936293667552373,-0.0782716164289718,9.7181405444136
18300,-0.23329076329699644,-0.11746587042357551,10.020827871074665
18320,0.01750338510258769,-0.07162958796146025,9.620981976887862
18340,0.13313377146340172,-0.13255107618414844,9.651114217839181
18360,-0.008510813737090053,0.0010552385878548993,9.839961313025173
18380,-0.26139280653103203,-0.1940919751150549,9.653101974124574
18400,-0.02472966277921924,-0.07707782983362621,9.694622582339504
18420,0.1090341112890513,0.097177791113944,9.978738988323263
18440,0.0340859016511076,0.11891839856703788,9.559711044261697
18460,-0.1626550790640016,-0.3115594469282903,9.738364188250358
18480,0.3428186185383793,0.09336356221811988,10.082924404987892
18500,0.13959810863903635,-0.10958089616353676,9.959425972991333
18520,0.022871979805155512,0.16509343095957354,9.59453980097269
18540,0.4159306532052886,-0.16635511506701162,9.855499410002286
18560,-0.04389790767798216,-0.05368302596884679,9.86786932411939
18580,-0.22683609348346104,0.011685667149062521,9.944915154933112
18600,-0.025075692345788828,0.12150596705473285,9.836008549762793
18620,0.010123048220583155,0.12489948306632184,9.770890794446851
18640,-0.2360118835746768,-0.12214206345172814,9.754496255794123
18660,0.10371898636667501,-0.12113394684825886,9.934298759454038
18680,0.14779395935119446,0.16027820023264655,9.60058933688372
18700,-0.21350560801100524,-0.09562911116256867,9.862659204304096
18720,-0.09772750013639214,0.25921681790193174,9.46871861965005
18740,-0.18388201546523023,0.09309630803487,9.67759221439534
18760,-0.19584584392898732,-0.16886964107462685,9.819109662369478
18780,0.06603825729882658,0.1317455850698623,10.013783905834751
18800,0.013529553176986056,0.04307323429122635,9.560038414331911
18820,-0.03321113924609629,-0.023417208288588415,9.803926269374424
18840,0.046212705542902736,-0.06016241300588353,9.820020435090788
18860,-0.05831229428933838,0.11407793316773648,9.822513205517573
18880,-0.0979187817231996,-0.12622699957168387,9.752091070645236
18900,-0.05998335633244748,-0.11615354772100334,9.962048994266508
18920,-0.03745639844656264,-0.09546374962419298,9.710206298485057
18940,0.002683104403626019,-0.07798518202607911,9.90226548303636
18960,0.0766575943777587,0.027390676275748572,9.743963122750209
18980,-0.11007301657254527,0.042487295203057794,9.740209868918289
19000,-0.04406171830877224,0.11107135192840462,9.930519945738947
19020,-0.0865447602012441,0.31319573137108125,9.85204493688199
19040,-0.0940160806785861,0.10352411422649678,9.778155489233631
19060,0.11848524070455574,-0.0680960634240012,9.955589981969762
19080,-0.10645025964545439,0.028571462308217513,9.817689426277866
19100,-0.023358532169339544,-0.0031663514198235023,9.650214905957535
19120,-0.1533897927243685,-0.19158200022291402,9.648632843662059
19140,0.10547665504922156,0.04813498881153155,9.766446275139216
19160,0.16516069536938258,-0.17655039187563332,9.878753241865162
19180,0.025445422768050438,0.02993356071316995,9.568275368019991
19200,0.2904906746721207,-0.044775836246146124,9.78160217058351
19220,-0.3163216197619442,-0.2313565589913726,9.804645555331485
19240,-0.10413474920335666,0.11244298117264973,9.784209583134013
19260,0.09829358281609317,0.07806408055582989,9.978963544257752
19280,-0.23384885479319037,0.1603877201436289,9.631231882293683
19300,-0.025299003672119597,-0.12067880530788878,10.035283660107524
19320,0.01069890306981956,-0.020356324217811302,9.892724065525785
19340,-0.037377493736465116,0.07624898572164347,9.837185916517672
19360,-0.006830283843384051,0.3337335211073964,9.975911243916647
19380,0.12741220295451014,0.003810637002638244,9.697352035150876
19400,0.16247280251517848,-0.06799562190757781,9.717617338394723
19420,-0.21172833219112022,-0.11923109166648403,9.748890203873554
19440,-0.19839021420730582,0.2058484539946275,9.565203415621381
19460,0.06659534341775566,0.1752370387323292,9.751297411977491
19480,-0.17654510671167564,-0.03848735907102822,9.72461235303968
19500,0.2865940269614148,0.0512660976806871,9.692390374316261
19520,-0.015482156383479242,0.23817612224350704,9.53426335608928
19540,0.03457463191667408,0.08678737115559548,9.714233414443013
19560,-0.02648280904547864,-0.10552008234096458,9.716105759520332
19580,-0.05517185613574084,-0.04051393705778656,9.731271916601118
19600,-0.10986844500740493,0.03958436914631187,9.781356014890282
19620,0.2532035875794483,0.29206927442174324,9.69093859124791
19640,0.054697972590084,-0.24134986628681987,9.743050800796755
19660,-0.302628465068749,0.07499456701998476,9.797083018606376
19680,-0.09549683715387874,0.00958830540238402,9.855562112438465
19700,0.07958346397416413,0.2995108963054505,10.02348436520127
19720,0.06295434763599285,0.11378792460569957,9.907640360028532
19740,0.1842391236527747,-0.012290901605390652,9.956024414937655
19760,0.04031349087476612,-0.00709956833734872,10.000284723642695
19780,-0.03817143667807275,-0.015621538844128681,9.735593866670701
19800,-0.026230741709613977,0.06559083027815427,9.632481048376055
19820,0.043724567517019065,0.09803783328536149,9.635056824636337
19840,0.08160034048439052,-0.14273411944217448,9.885641675541718
19860,-0.0960021286631873,-0.08291458459076805,9.881096228569547
19880,-0.04888477033290246,0.052029349723424295,10.004467704154107
19900,0.08544184388367847,0.028259335175899195,9.804619884196295
19920,0.021576551346853337,-0.06212632457128835,9.565475983739656
19940,-0.01574237911049653,-0.2931279268173488,9.859555935065234
19960,0.12589648814362664,-0.12993618622566466,9.808638795444915
19980,-0.11117912968754562,-0.05622048371028298,9.848263489833869
20000,0.09069134689185357,-0.0669163640457618,9.837852738012081
20020,0.183516094051193,0.16495764066103416,9.768515368239555
20040,-0.0010832177755241512,-0.06767820665525219,9.901831721516556
20060,-0.013529394712507126,-0.08089165151397458,9.7969209916398
20080,-0.15857237307904018,0.12045702487173104,9.878312183650701
20100,-0.05502823088924059,0.11382428722087648,9.697283088607247
20120,-0.09922661062364631,-0.19182960269654462,9.566520890273255
20140,0.14997525380363397,0.15658362984408172,9.934316540879381
20160,-0.0390581735245909,0.12878375422571514,9.574993953252546
20180,-0.04270034597314933,-0.0952624940148535,9.923620398427293
20200,0.16212831516442502,-0.18556604127943,9.67307363731467
20220,-0.011558719167849745,0.10923669462926294,9.792518426938997
20240,0.0827624477941515,-0.03361200871736809,9.58026464711332
20260,-0.05390229488037788,-0.1011266169986564,9.564894623473945
20280,0.05801298689105007,-0.04988166535476947,9.768840816564383
20300,-0.026391297683636933,-0.21001089092287972,9.808354623832145
20320,0.1929095669886783,0.031202479696289396,9.529653911455634
20340,0.034778061467430586,0.11469268282432943,9.734463265784433
20360,-0.21056095861664564,0.0330064078126073,9.631050378225517
20380,-0.07306435810237133,0.05358175308274844,9.385487019546627
20400,-0.18952483253815355,-0.056158806285419624,9.670390176293326
20420,0.08091097559380958,0.05559956418867065,9.753379025870853
20440,0.11795227402132277,0.14764087175667048,9.840499056657206
20460,0.0385785391021768,-0.20257841673263008,9.649986609211707
20480,-0.07578213852677329,-0.1996219388273686,9.675046058396697
20500,-0.17082527213259766,0.021630168619765935,9.93354755056628
20520,-0.006936871484981257,-0.03397626852888392,10.06650108349975
20540,-0.09999317031830167,-0.14094120477339364,9.53093938025921
20560,0.13949326194941447,0.1323214459167553,9.891803447355008
20580,-0.05850016443220368,0.045513830572309184,9.823854637248072
20600,0.06854168856213733,-0.081074916122524,9.936299991876961
20620,-0.07196594364782166,0.19407850800343576,9.712243709066039
20640,0.16407485850391174,-0.1429964919434611,9.870300499475023
20660,-0.15237329643389558,-0.2962770036816344,9.730027401486517
20680,-0.05323099462340027,-0.19609198396390912,9.782994534561867
20700,0.08701691993527777,-0.08405820121951389,9.80004743033588
20720,0.25142664349646465,0.01845097391273454,9.800510927170281
20740,-0.21469886285453535,0.07871982708918623,9.729131089576649
20760,-0.19070738774417878,-0.09947371962120628,9.605072937354498
20780,0.07053627982837378,0.09711362244952156,9.926871587281447
20800,0.23692772022724323,0.0751342647669657,9.992870437734485
20820,0.12601759687463968,-0.1125712906470749,9.615362620040871
20840,0.10746604884589925,0.26456530540793743,9.604630475894806
20860,-0.16004252858243997,0.23516937624186798,10.081069917898118
20880,0.03929224756219093,-0.018294399809910284,9.604622233986605
20900,0.07665764819015312,0.1242393008997468,9.832186369309643
20920,0.03191204701528104,-0.04282225316382855,9.598037100884369
20940,0.04565330568511878,-0.013841349406676485,10.019190799444955
20960,0.11308063107227301,-0.06668794674052637,9.845955761324086
20980,-0.36525935006409,0.0499956449673531,9.600275385767283
21000,-0.30558196016349676,-0.20054037478406667,10.001891587469967
21020,-0.1784470143316706,0.07484040832009131,10.04276921474629
21040,0.01296090696838788,0.012984299202919653,9.829524346224645
21060,-0.058408771609395484,0.12992961921161778,9.973154606801067
21080,-0.20003126576885408,0.1652547215562291,9.796392732130158
21100,0.24300021850570186,0.03968525744434651,9.722228073890818
21120,-0.031148006147152983,0.04356829180707582,9.679334546692095
21140,0.02946126867535597,-0.09132346478459168,9.749604618464337
21160,0.14010219658721315,-0.21742574807112441,10.118052147215055
21180,0.319495008932097,0.04648043817789937,9.788214185191132
21200,-0.008905889770329004,0.15365995344553118,10.122110823097286
21220,0.02780726285317611,0.10917623169031604,9.385370840343814
21240,-0.18679384722179448,-0.04395707117046407,9.73791029165692
21260,-0.007162524708010341,-0.14395023061547182,9.371389800881717
21280,-0.18909824324151256,-0.014019901907909827,9.628791331161628
21300,-0.06801760479542028,0.07822614829117239,10.00197424960146
21320,0.11430534537049236,-0.04004917269666252,9.850704214894384
21340,0.05365969174675115,0.10549582991099918,9.812523060960974
21360,0.14210291828397265,0.06455524254902095,9.82127010987964
21380,0.037691377661941486,-0.17574907897377487,9.714380174625092
21400,0.17483017837488718,-0.11448788803472981,9.63052126031391
21420,-0.14734580083020185,-0.03642810900305845,10.009272895789513
21440,0.1824848711150241,0.28466061467319953,9.821698984103392
21460,-0.08580023097869333,0.053500482630320235,9.546834357823496
21480,-0.0566226198339407,0.154797974916225,9.657850531844117
21500,-0.046954083524716236,-0.09914085007836075,9.650304218909797
21520,0.27477427222582634,-0.1615627178406813,9.908654996856683
21540,-0.11329738496509674,-0.02950429098852099,9.883072907825388
21560,0.07218571346078677,0.06306154615568918,9.83527468012214
21580,0.0627654397607009,0.056729492257756135,9.771656531789153
21600,0.014568009298633031,-0.027968841939000188,9.677669749768665
21620,-0.11858824984377069,0.1898904436600932,9.673873615819886
21640,-0.17192651538018125,0.0779034779888273,9.768392371288934
21660,-0.17282696171570958,-0.09947000011327019,9.859715612463866
21680,0.16306625907919572,0.3674142990091153,9.78286485211165
21700,-0.11868311798231551,0.11311517436904503,9.810080410235427
21720,-0.1818857755848427,-0.026586182611550144,9.697139795919789
21740,0.14309441928528335,0.029413550918202316,9.870292555808653
21760,0.091956276849279,0.01877671214467251,9.915073842149715
21780,-0.005640252678024858,-0.27543210454471845,9.577586326815444
21800,-0.07991445921416829,-0.08419182795344288,9.88194934492436
21820,-0.4111794161663551,0.08619681428502234,9.907227793584113
21840,-0.1181357395099667,0.05474684563055757,9.50610683374635
21860,-0.02716384220802717,0.09417354466222587,9.545196149622962
21880,-0.16266477058476977,0.04433798606319149,9.905321638382585
21900,-0.1624526037979158,0.32625550681358595,9.842086633721141
21920,0.3066889246195939,-0.0392613598413357,9.911168388992698
21940,-0.2576931483428909,-0.03941673749996624,9.855472443195756
21960,0.04219598521446499,-0.04072740585510771,9.696963348904521
21980,-0.1225648517911408,-0.06700895933151925,9.704038588344732
22000,0.025944547518837627,0.4514233137679212,9.595333407825976
22020,-0.18522384375020215,-0.0304661973246318,9.817808167168984
22040,0.17637528352722334,0.0008302827682708662,9.773563010141347
22060,-0.05371810294732616,0.19319679926493974,10.00352709397917
22080,0.25298595489743925,-0.07095279555896804,9.591602345205853
22100,0.20176964814570766,0.2824208111402909,9.879827753398674
22120,-0.1401142385197224,0.06288888208653157,9.964406891044952
22140,-0.15486889280384888,-0.05186462582689365,9.724364202450955
22160,-0.2002643896358137,0.07296859009183779,9.74249194515962
22180,-0.15298721558749548,0.03497034313012842,9.668406188180516
22200,0.181202384407518,0.10853006638470963,9.664434622849523
22220,0.2410299570503877,-0.08836733473889007,9.829634411499054
22240,-0.0923129007565389,-0.050822462709445605,9.391008005598067
22260,0.16059664788738479,0.31103560903381716,9.522872041279435
22280,-0.010760674745010098,0.07139245866164451,10.11896306409395
22300,-0.043990538542852,-0.08618807740908584,9.662044034849242
22320,-0.02503107753635965,-0.04322202945503708,9.671379623959162
22340,0.11614560232165214,0.07679765207596001,9.642173597145442
22360,-0.30482757686978373,-0.1110135900039834,9.970164128108877
22380,-0.057974867726789815,0.10992029569651386,9.754087169022364
22400,-0.09508179704369935,0.04607118072907217,9.953146606433366
22420,0.12055304021432388,-0.24456878986962763,9.972875996775592
22440,0.11010268704750296,-0.11363985370322743,9.463630274850924
22460,0.15032818953181765,0.0016333190277284162,9.811089715573287
22480,0.09491082659632304,-0.05617746353530828,9.739542933552391
22500,0.05250165096343715,0.015066554639788097,9.669460302972428
22520,-0.12431158669612025,-0.16930890907940457,9.82542879823815
22540,0.03849217946106948,-0.1073638484848199,9.788684192833848
22560,-0.056453247728141226,0.13972026093016168,9.87760093185326
22580,-0.07958862653547033,-0.07065174202898548,9.48665181357787
22600,-0.33520413271048355,-0.15735849343816175,9.84373516749076
22620,0.1621348857290499,-0.10029980994373308,9.92049245278059
22640,-0.14676784204006393,-0.0023512533011206256,9.79711980766993
22660,-0.0054890195911936794,0.016088494037271917,9.646366001018736
22680,0.2848182613225995,-0.015926171807820202,9.809024848021473
22700,0.13616702356217003,-0.06556907875011725,9.893010495493014
22720,-0.07103556012795756,0.0833718003813474,10.003164989444256
22740,0.3769367062167632,0.07873234314842556,9.651514764350445
22760,0.1576276594486228,-0.20571496078052215,9.776245600276367
22780,-0.12606637473579355,0.357101960500134,9.763315635097198
22800,-0.06835274721163365,0.15759230058872997,9.722717265686445
22820,0.15761085106922482,0.00048562625195850404,9.726117621087408
22840,0.12771047355147347,0.04421365407410954,9.886118897890519
22860,0.06236777440666422,0.02658032005531371,10.077820315402187
22880,-0.18085595789249373,0.17856993812714653,9.69957671534172
22900,-0.013444976201525622,-0.035792618637118745,9.810251112879895
22920,0.1290660429592709,-0.08478173341493594,9.792958154775954
22940,0.2874278490415087,0.0005531059957755578,9.761764043948233
22960,0.02592666442418554,-0.22200694642662583,9.512415973968452
22980,-0.028335224998919703,-0.4943653791288391,9.626550169617738
23000,-0.0313914671031453,-0.008268403431213715,9.772227126162642
23020,0.07846791679940458,0.1243950125799991,9.903610932415333
23040,-0.27174105554707245,-0.29157884109584303,9.914238962320798
23060,-0.05976247826402623,-0.14518137711255058,9.72471043410877
23080,-0.017766246965603055,-0.10911554959521565,10.126417617377108
23100,0.05501215441414801,0.06403572536614874,9.707616920234642
23120,-0.009138282078031515,0.15219710250930948,9.922380426727084
23140,-0.036260346689972925,0.060831495337530864,9.666739981620736
23160,-0.07457155372123189,-0.024292666290190907,9.797324452948047
23180,0.012204499847960527,0.03779649953784268,9.70828061135212
23200,0.08018002814874595,0.12863243389195994,9.915944219174259
23220,0.0587969784965956,0.07566650887596926,9.864896406221863
23240,0.14994717553326184,-0.07484264827958036,9.743761730225259
23260,-0.06212785951136848,-0.25027541862870323,10.005197328643092
23280,0.09338032179028509,0.27859509496018237,9.87571898119418
23300,-0.22799450711291858,-0.31499479540913033,9.804825379052023
23320,-0.048241737124155644,0.2563630261861976,10.03330370828723
23340,0.2153545394027025,0.0008138842449838598,9.748744109052387
23360,-0.13207241776871023,0.09396692740449718,10.075564200716052
23380,0.10735653634000071,0.0721886598430578,9.620790089347711
23400,-0.09324789904434072,0.05092073641399239,9.823016578517816
23420,0.02087649391823894,0.08101129945272217,9.970146797382215
23440,-0.22967601181074876,-0.10635707639415527,9.62206388100257
23460,0.2664615051168663,0.0656562367857824,9.977702897134686
23480,0.22883706336187096,-0.2604934828353007,9.529392541085798
23500,-0.1060481644599673,0.15537508731548297,9.877356052752242
23520,-0.15142116681372905,-0.2632061322501057,9.890200102732873
23540,-0.2402774722639232,-0.11030365103106847,9.877737344488587
23560,0.03675959037106201,0.091228475933665,9.77664171160515
23580,0.03409595622595898,0.25316488930952163,9.806654283164336
23600,0.09042438993266448,0.08636479552123025,9.766888052190263
23620,0.07019803232394224,-0.3209923516199208,9.546123188080626
23640,-0.14354706978383575,0.04089699505500326,9.87591850777192
23660,0.16594290735553271,-0.08608155560710413,9.880687289298963
23680,0.2397838222073606,0.00878630648196795,9.798900143983976
23700,-0.04202621398639628,0.2727153888788856,9.725513313249447
23720,-0.08378528985217128,0.06292445849648104,9.952473965114162
23740,-0.02866375018097796,-0.03757412881487711,9.928940313881156
23760,-0.05400894091540569,-0.23455201892395033,10.083826431653355
23780,0.13564127981997087,-0.199028229096864,9.723233016831504
23800,0.1405456072981561,-0.022886763016076315,9.566201055500656
23820,0.097722310317635,0.08154325343799769,9.702427254720938
23840,-0.04202316141892669,0.019551714761257485,9.791529095971978
23860,0.011751491165403255,-0.13536076499998165,9.86688799508088
23880,0.1574721369662767,0.12314151323715711,9.71977405088995
23900,0.09862621171462634,-0.1542439943262243,9.784478260390392
23920,0.03644798104267735,-0.02588757269237393,9.980672316035939
23940,0.05676826076474311,0.19721656431140594,9.684415152503362
23960,0.17639813834584003,-0.13754257724379054,9.791523621057554
23980,-0.05086864320497911,-0.03573711734203505,9.912033372267306
24000,-0.14874255457747879,0.05899050685690663,9.914050785024697
24020,-0.04783480214660602,-0.3108072048185818,9.84219381577874
24040,0.28893559925048246,0.019792872028871204,9.707352593122563
24060,-0.11513498646780976,0.02663826796160331,9.94299736338509
24080,0.18810368133585767,-0.2686805760247743,9.752309900065379
24100,-0.1606839439626773,0.03683135961380323,9.609431045831995
24120,0.009412689565018216,-0.26046041855922614,9.794691652371185
24140,0.10459311154983218,0.2207351711645961,9.533704329438061
24160,-0.05207606273367033,0.01525776923567402,10.053996018116958
24180,-0.09101944755962149,-0.18675638027943037,9.810324028192987
24200,0.0662819568526611,-0.3008787749835411,10.187907007130294
24220,-0.15155582287005856,0.2774165033617848,9.684778114402835
24240,0.16756490320905593,0.0089170903207234,9.551600762554292
24260,-0.08408410171561359,0.26139672013366133,9.755326266034368
24280,0.07785421692168158,-0.2500048253087651,9.87527029697698
24300,-0.08390661528056328,0.045217230523953815,9.973918398157744
24320,-0.013876949508331862,0.07735760085295201,9.744400409300196
24340,-0.016924579168921233,-0.04520761084086128,9.72515730012965
24360,0.1514889323561862,-0.19459940723709482,9.93246965060744
24380,0.09210987686434999,0.01289844551568639,9.684348935303861
24400,-0.16886219843698697,-0.04515846206200988,9.823740399791186
24420,-0.2126934358049322,0.18736160289865375,9.730848183730204
24440,-0.17311190251219963,-0.06264315625900273,9.895273532852125
24460,-0.12215056913084263,-0.008119569942492919,9.888252382699257
24480,0.16072602103356273,0.018742364374538294,9.873268747080187
24500,0.027286376624903696,0.22424274819509477,9.771574311304281
24520,0.1672807444779604,0.09472068337606804,9.480199651748022
24540,-0.1157311930845106,0.10475218643201092,9.839075374344707
24560,-0.0396379705620123,-0.19093374126250037,9.81753511515332
24580,-0.06413755587941324,0.3083858385891518,9.95490377997353
24600,-0.22966901861181369,-0.20335001339690786,9.924461731436356
24620,0.1830126897511882,0.018128113792255065,9.816779327573009
24640,-0.1609972241020689,-0.20170185544599234,9.8188776596637
24660,-0.184458853697464,0.1564445500086346,10.016393939326315
24680,0.04626788280258557,-0.12632069448787164,9.905110064923445
24700,0.15650711079615978,-0.2297081467675276,9.806078995526791
24720,0.12260083443532478,-0.056288122262656386,9.915697658117805
24740,0.07858713215489538,0.0958582103832588,9.80204840912577
24760,0.23010271336837618,0.08986032742029328,9.77777148942989
24780,-0.0880649841957462,-0.32698884175952475,9.890737743426605
24800,-0.2504949528114247,-0.2539150515808796,9.842190086622363
24820,0.084089246853274,0.005787306918569503,10.077948068018065
24840,-0.05129364263653641,0.21413733702426707,9.655147368057776
24860,0.09597347705990457,0.10192441971068159,9.574883066130255
24880,0.2885368739983111,-0.1972252232212466,9.950727918350232
24900,0.16276055818619106,-0.2596869892708535,9.73710090786116
24920,0.053010902920302506,-0.09740669519902052,9.794792061463692
24940,-0.08114861321104218,-0.1420761141011466,9.771151982316015
24960,0.16892233788448133,0.14794205011443504,9.802716738589496
24980,0.16358785560095,0.08458725126509599,9.584061215749365
25000,0.1255673615621272,-0.2425761211044581,9.746217222065976
25020,0.04341296480827767,-0.03885984235229018,9.81271395047184
25040,-0.13053607264278308,-0.07534696497600293,9.85339416208542
25060,0.046204485995346524,-0.092560952815876,9.83326542749579
25080,0.19623988862334105,0.17241641544520678,9.86990816358002
25100,-0.0986467078092259,0.046040315151938446,9.88172461924438
25120,0.10092384648949652,0.15782342214659864,9.592033282766234
25140,0.30795878004124844,-0.03944822192266305,9.991991719067585
25160,0.10894131620397965,0.2160056921350753,9.49356479008044
25180,0.09906394778527496,-0.3630759704135615,9.863307112893482
25200,0.03330244911217463,-0.20001011840998068,9.63599984406694
25220,0.12058148711936129,-0.12423846752596454,9.762726651339202
25240,0.4715401817540191,-0.10145487185520595,9.626696751590654
25260,-0.10152162541270825,-0.059377434399079575,9.877289586504766
25280,-0.09421201239191797,0.07143360486461442,9.632577324533742
25300,0.05682158692333112,0.04465945015415853,9.714388021051837
25320,-0.14151469743854977,0.1326899522437168,9.902998832336513
25340,-0.11490516524297961,-0.03447370002482665,9.572500742067152
25360,-0.13969119317833772,-0.08567445036787992,9.879875635449036
25380,0.008253073266002676,-0.14264630179795615,9.747659569418184
25400,-0.2998602040280526,0.10971031423995739,9.72576097308266
25420,-0.09919634591096783,0.13594895873219479,9.627755868666291
25440,-0.16944561747860876,0.12298459495488892,9.94227076754665
25460,-0.059624964613692384,-0.22968749634307176,9.954957946709532
25480,0.07063824706581721,0.04460830721047886,9.87094932512844
25500,0.06999735542712109,0.06670801058492269,9.539762582136875
25520,0.015697658396786333,0.09769542638385159,9.831728680875969
25540,0.08339882061179332,-0.04231589217630397,9.737478706990595
25560,-0.0443841838315853,0.1836060237283006,9.70428749398473
25580,-0.011504037542735485,0.10649908991519845,9.945683996099623
25600,-0.1136084886598727,0.025945495470174672,9.705116823018143
25620,0.022796195744115618,-0.12221833592822448,9.79853648850235
25640,-0.05048295320854289,-0.4300222222496283,9.807888446417621
25660,-0.25014494422356454,0.18227948269023458,9.769461078959294
25680,0.0036109842696105,-0.008965531422134824,10.02570712751812
25700,0.33719206268569885,0.06372171579756765,9.811901141495635
25720,-0.23494362274602557,0.07336854420896549,9.987023000366491
25740,0.009756261125512424,0.003243672681525759,9.457562328768617
25760,-0.2685477025784182,0.041095892399955494,9.617794820609774
25780,0.2338514373058719,-0.09804843599980344,9.716037335781031
25800,0.28042727696795794,0.20674772747338432,9.941171379511621
25820,0.1615383540838127,0.2858282813495336,9.852417009399204
25840,0.22271043996397674,0.1265416498537467,9.870858412584791
25860,-0.026922461014789265,-0.10701471807547841,9.96368751348323
25880,-0.1042246526173612,-0.3033924283868707,9.706114575624378
25900,-0.20405874555279033,0.17744625211777243,10.033495973134338
25920,-0.00897402189421795,-0.05492943647574043,9.69174917344638
25940,0.13429199781385961,-0.16375601930852188,10.015843000835341
25960,0.0659203086937933,0.023824923353840642,10.05495908484064
25980,-0.03539985066984929,0.1514958029371143,9.819049446035127
26000,0.2530161376509331,0.06988878800477068,9.650969517604299
26020,-0.19302752159125994,0.07880134447353727,9.872893258264316
26040,-0.12522864832954997,0.2916781039778727,9.51428137821427
26060,0.14039684225931673,0.01733746890116613,9.64592884376795
26080,-0.28634203546193165,-0.01011912629256108,9.999250997952332
26100,-0.19334404540609576,0.06772357845799547,9.85956351713003
26120,-0.020704412097320702,-0.06742818549982495,9.730636649339655
26140,0.09022302366638459,0.07912562120828162,9.750989452983385
26160,0.09115109462159228,0.31878091142389436,9.836938027401057
26180,0.17801147349746996,0.033928800484502586,9.638411175238318
26200,0.07904436689630327,0.06182857327815191,9.842641139519026
26220,-0.14258107622189334,-0.13424076923259093,9.87031315947538
26240,-0.06109150518455132,-0.1925499931280513,9.775878591277372
26260,-0.06990292089187736,0.11849627046467133,9.629579030127443
26280,0.12122618067716602,-0.2716521935290692,9.504173350101253
26300,0.10455588427288277,0.13726384493386307,9.87677383122004
26320,-0.06750327065339966,0.043443087185230767,9.842236406538374
26340,-0.2523008205073615,0.1619397050299079,9.879100013276977
26360,0.026659420176879275,-0.30134085594603116,9.865351970679978
26380,-0.22681215222161566,0.12458386841351975,9.798609695165394
26400,-0.16223272303167016,0.2024077669544615,9.70126589798307
26420,0.021848244318374684,-0.04774755170765464,9.630380947129574
26440,0.03592894529575084,-0.05838055665921205,9.676670108832662
26460,-0.11565262298511278,-0.0967689817450871,9.737987230278616
26480,6.229031576308163e-05,0.1360420682268514,9.617148264372078
26500,0.04863462981768255,0.37247078213585816,9.908023124032367
26520,0.26015994953539956,-0.010370977052412878,9.89378517070574
26540,0.10881806908283527,0.11990719396854309,9.962524709827528
26560,-0.11295523991379884,-0.0369152494518969,9.843809599798359
26580,-0.07104882179524236,-0.16131623447924331,9.768743469883628
26600,0.043751040486971135,-0.007884130436224924,9.866338384085562
26620,0.12055200335417145,-0.10071645322888767,9.822061331328108
26640,-0.00513514566821012,-0.07921824763905708,9.883485803758981
26660,-0.01884794925393644,-0.13205212322961288,9.741365594939332
26680,0.21229336985748792,0.07344089275326653,9.681658311176893
26700,0.0025929403953808407,0.12072761117060962,9.795316488961252
26720,-0.3003519041955235,-0.03811108973397483,9.63144443718479
26740,0.4101562512744322,0.40033996518939735,9.869381697180346
26760,-0.05265441026409999,-0.12970393898923196,9.955177569201602
26780,-0.0729049789078379,-0.27098836625514316,9.861259977705616
26800,0.05170534495248382,-0.052320822908430265,9.744624828970975
26820,0.014927227244214981,-0.04604320186655134,9.849175121070438
26840,0.12276156068250098,-0.17519702723729066,9.63024859836347
26860,0.012007581750596354,0.2653545557328987,9.867355091008687
26880,0.09803239035031798,0.0601888773480166,9.915625919068066
26900,-0.11766764923812739,0.13676237032083716,9.825059316228941
26920,-0.35140801465073035,-0.25324790780448997,9.982302790431206
26940,0.0548219358505613,0.2523629413190674,9.795559469845946
26960,-0.15868765252456393,-0.23406629909615453,9.557682708507011
26980,-0.23761909066680378,0.08213265625480026,9.644529729246269
27000,0.021145920348387418,-0.14004801327896282,9.837023734233442
27020,0.017259868081901886,0.07098362722882953,9.837426594728525
27040,0.07089935450124232,0.022200193445773505,9.833399811595442
27060,0.15720379221663594,0.19524245807996607,9.955005341819687
27080,-0.029741353964186115,-0.029305551595814796,9.845230562486055
27100,-0.24386737238382505,-0.10529945644414175,9.754607698144168
27120,0.11463144864103363,-0.03520918516940108,9.85791042365254
27140,0.08979375567217572,-0.1611570613680834,9.870729434418383
27160,-0.16211789932509646,0.14688403468876438,9.867552521038668
27180,0.2808869949364903,-0.008013424326311504,9.778630419981484
27200,-0.12382023239612826,0.09917610070486231,9.873434557575814
27220,0.14971999576855458,0.18567544962176225,9.863958396046955
27240,0.10359247773178813,-0.19330786689344176,9.940080094070478
27260,-0.15241522299361887,0.10736015162699246,9.95125820745228
27280,-0.07379620859848732,-0.10071218854081698,9.750842012346832
27300,0.09010728853431357,-0.05698488329769452,9.674530640499267
27320,0.15576818502643766,0.00817964601525883,9.865781972414942
27340,-0.10618765646521501,-0.16020189862063214,9.790122524894805
27360,-0.09819611637347099,-0.23118566167289464,9.62259156829211
27380,-0.1927220640819921,-0.023551290116347757,9.942932933257325
27400,0.1919331444785713,-0.010418258336084667,9.788781788462275
27420,0.13279938177700867,0.1499429173623558,9.89642095662062
27440,-0.018412808835546583,-0.06707405886846761,10.10091255112529
27460,-0.19414077002371313,-0.15416647217688675,9.864350567035173
27480,-0.026894622592055027,-0.003552013246655881,9.803489268232795
27500,-0.0019461022654403326,-0.14977928426920398,9.842467455944556
27520,0.07045818843990127,0.18832880441313948,9.623945000874823
27540,-0.27284726154374556,-0.022344105472018084,9.803131167448514
27560,0.10501155593071097,0.07879519347526644,9.756686550681149
27580,-0.04306634236162864,-0.08353758399303415,9.819478103038815
27600,0.14568042953570134,0.03406587627880253,9.613689637559137
27620,0.08212489209770805,0.046022959741897275,9.80111565780353
27640,-0.1547022785590658,-0.0003707380234290516,9.86215925278268
27660,-0.0013927961835016943,0.10651998670502004,9.584157694149003
27680,-0.07455386187533682,0.01756915275736115,9.715982061021634
27700,0.02658491479777257,0.006799470230322465,9.8180107638279
27720,-0.12484687552838035,0.05792747284013962,9.675107280012975
27740,-0.07061979141568099,-0.17655435953906104,9.880084784103369
27760,-0.07455182799746875,0.14930415874340733,9.923457959004574
27780,-0.27171797972121375,-0.08292699034963588,9.711179937992004
27800,0.06716044124012531,0.05018678283462773,9.631763618861923
27820,0.2800793827125929,0.11581865534196725,9.814296322978834
27840,-0.06432450256895077,0.20709217266814797,9.702590940564725
27860,0.06281297527646479,0.04376960769200561,9.695302655847494
27880,-0.0618866600365169,0.14187115980569007,9.85104770574561
27900,-0.37256736113020744,-0.045881496430097646,9.900014901089323
27920,-0.14733019828229885,0.0360301348455732,10.22134064958227
27940,0.2406665011352815,0.044706352466320064,9.960441930892877
27960,0.3285058016572687,0.19703387828433772,9.686069181750163
27980,-0.0016668129681952104,0.1527900789371892,9.788225207807642
28000,-0.12615529222318603,0.21289343093938703,9.82801721006051
28020,0.11879181626147162,0.03159511457506224,9.87751341198159
28040,-0.14083947996254698,-0.3724916579221929,9.924318707653315
28060,0.04231246924790966,-0.3172291459989101,9.724292405268972
28080,0.0012300850307471634,-0.15674126343127848,9.884327395203618
28100,-0.11686008377270099,0.021006303148646755,9.651176517325913
28120,0.08877728932817668,-0.27282997973168427,10.029541964898815
28140,-0.009751138247776724,0.05524681159631529,9.993069438021145
28160,0.2612425487918938,0.22503161561502238,9.796452082422581
28180,0.16890282709534368,-0.1348416616703351,9.867925479823057
28200,0.011543129648473574,-0.11310391453244316,9.909365016287568
28220,-0.19407944466700236,0.0012083357101141,9.954436710367862
28240,-0.1477840410053228,-0.05306755212846536,10.112902605607085
28260,0.15846059343597332,0.041622262909111515,9.730996652460865
28280,0.11990729297265476,0.18894196558748175,9.743574570814602
28300,-0.16950339997789238,-0.14808061950125498,9.975915929864508
28320,0.0076047123009636225,0.1843867897089316,9.537708846415168
28340,-0.11578201851978777,0.19930780894289277,9.849026955476749
28360,-0.17130906833500392,-0.004454110355891634,9.651094925757777
28380,-0.25695427396693465,0.21079083563375953,10.04876365417198
28400,-0.02114249220192333,-0.2226533744998769,9.799095683388519
28420,-0.008334037409107996,0.055411508902245506,9.627304015434044
28440,-0.06019568364473893,-0.20441459651934277,9.588195585909599
28460,-0.18832743847715586,-0.03222597063020051,9.59187058806298
28480,0.041749104364435095,-0.0328580934937568,9.650818795956834
28500,-0.08647521340822091,0.06946535855344026,9.801017429721307
28520,0.10217834154571169,0.13540411060104787,9.829715949220278
28540,0.03186381392101218,-0.04855683355501526,9.782070756232804
28560,-0.06865155065786704,0.06436801093419345,9.899317898108714
28580,0.13502189920432497,-0.003941550180236019,9.674563350732697
28600,-0.11276916982455629,0.08508560361489038,9.741535367470844
28620,-0.10517588828726143,0.015431224015006316,9.746667195028092
28640,0.007800726438887911,0.002470399845217266,9.728923614571174
28660,0.10999619154640189,0.35833573351710046,9.782338621701154
28680,-0.02841634897078488,-0.07691708698323005,9.828540941559583
28700,0.01675466921900889,0.021249270605698044,9.486738424664695
28720,0.03984380315912458,-0.209679226240336,9.83753405756366
28740,-0.04881072784141567,-0.0235853945845993,9.769682316415132
28760,0.03813610745106835,-0.2735602573122993,9.60956259779419
28780,0.03269045479627563,0.35196571980631003,9.953183554638116
28800,-0.25144261003699225,0.1826777166168814,9.749668441521417
28820,0.1949614017710112,-0.2594548718452447,9.75053128497014
28840,0.21715789559943224,0.11741350189405629,9.714032279230103
28860,0.022751743911048578,0.13430815926221137,9.811315242136125
28880,0.15540423737387218,-0.1322006813252141,9.80582767704817
28900,0.02165042972702125,0.1244461620829582,9.786756498415917
28920,0.11971195879903151,-0.0795534966185663,9.943211064491381
28940,0.15115042339225396,-0.128398104983705,9.784680711314712
28960,-0.06012212626459777,-0.09444945186478979,9.507644919048323
28980,0.07206114668430039,0.26856452559881455,9.733651737517723
29000,0.2092217910086139,0.05778122663099674,9.61788543326138
29020,0.1657696173195053,0.1957677728957626,9.769735849645198
29040,0.23259227000467192,0.11961966746998078,10.079918019512952
29060,0.2214969242540094,-0.05992770428224918,9.638689923804595
29080,0.09388557477994897,-0.2133115966565154,9.793666419573398
29100,-0.13558796440238394,-0.09408366890429988,9.681932201701734
29120,0.09682251454759584,-0.02581486858351787,9.747941382181057
29140,0.14292752766531613,-0.06585575359604796,9.83845560614727
29160,0.1339061948829127,-0.12978559063258785,9.903054993595246
29180,-0.08196781084349887,-0.11320197389455922,9.764494940083411
29200,0.11825144475871374,-0.12416735102955175,9.818977965858108
29220,-0.0769100201001272,-0.01111080621054942,9.913969651482923
29240,0.1148695795258021,0.19311277068033694,9.781551913059731
29260,0.2947612897242499,0.020811162215869195,10.090041963043722
29280,-0.1368411394651669,0.014312617199583495,10.031872022687718
29300,-0.054657848700428946,-0.05468832019713397,10.016127979817224
29320,0.01584407923547156,0.0698899822774539,9.835588858197763
29340,0.19906018265488323,0.09520628015609867,9.961836739831968
29360,0.49671852904554165,-0.035202414620747455,9.838269930112858
29380,0.0776575390785881,0.010261951894026483,9.929739507324218
29400,0.020970949796392826,0.17139035223964982,10.10349722161008
29420,-0.018614937623921163,0.041085443262492256,9.719924367971906
29440,-0.27442604880047483,0.006763857202084282,9.711873314121268
29460,0.0032264957164055666,0.0609032705321028,9.938585036804207
29480,0.026259110337345883,0.09959110798452762,10.01231758584693
29500,0.20968587174941344,0.003113513033636559,9.500631598978336
29520,-0.3078402261077339,-0.08179901463069227,9.806587007176088
29540,-0.009483779910789861,-0.017634908860450396,9.666456929859839
29560,0.0354292722651171,0.15961763792986558,9.758512260258607
29580,-0.1846587067422529,0.04062666303573416,9.53414291453874
29600,0.18767863607707805,-0.269568250953631,9.86389749050886
29620,0.026822722416441094,0.12583390513622578,9.977822524930323
29640,0.09171997271771144,-0.04299017331672167,10.02103791096621
29660,-0.021881581240588078,-0.08636668890326317,9.836708992069706
29680,-0.04928682785874707,0.15281753633369632,9.8661135504687
29700,-0.24229831729854714,0.1354329887221781,9.608785094223137
29720,0.10577949600234003,-0.048737973905813824,10.010984310165032
29740,0.1562403286598839,-0.21518716159413634,9.983893301411445
29760,0.09101074404640586,-0.2762959357906953,9.718220633295024
29780,-0.12136608834610525,-0.08120307377749075,9.580516165249861
29800,-0.09693692787595842,-0.08908867103848445,9.940104561875975
29820,-0.18927812146628809,-0.2289980393479629,9.813194115731383
29840,-0.03380735955228478,0.20468700161544978,9.761385935334134
29860,0.21115275052237684,-0.0885890357464663,9.962596002502016
29880,0.09849330825080298,0.1398145645602701,9.705433585815486
29900,-0.1047436051154501,-0.2583358883523908,9.80913510552788
29920,-0.22103448272603873,-0.05029148671358776,9.969253849873452
29940,0.038292221870706064,0.036528988478366324,9.82994184366279
29960,0.06918808900735296,-0.04172273539330309,9.93373670736674
29980,-0.03474582215296116,-0.05848096543679406,9.927273970689612
30000,-0.05379168884819319,0.4544383595274849,9.962679712614065
30020,-0.08084632628429214,0.21749266770480125,9.864918327661837
30040,-0.034921586141554904,0.2922993592768357,9.865681792903619
30060,-0.1466607636231776,-0.09916204444352548,9.830229727026987
30080,0.03504182906503315,0.12969922387642435,9.614368856661997
30100,0.061912671643125236,-0.0831630486767278,10.145768898650882
30120,0.038255445866273836,0.1404016133629289,10.093528894834439
30140,0.018276334040006278,-0.3332184812810845,9.60156724617102
30160,0.19457070858862952,-0.06752018318867263,9.832397719714757
30180,-0.04146317099061063,-0.10281929728448862,9.759905563766043
30200,0.0025395018888223183,-0.26203260484900964,9.5390148921381
30220,0.26442196314694383,-0.13225453743946755,9.736592823510563
30240,-0.21314511897018237,0.10198682055630495,9.45672093358902
30260,-0.3038466987944371,0.10963715935531958,10.201278429764399
30280,0.07550525628707226,0.1554993988186325,9.903307202237139
30300,-0.03348948988398102,-0.07150520624826288,9.821833144492706
30320,0.28621486243517463,-0.02638685247072829,9.836325043353442
30340,0.14438408215816978,0.2177251328595765,9.965291457149045
30360,0.11338864767156792,-0.24149098440069047,9.933298873846272
30380,0.12179054759962642,0.06803739701477998,9.835545616988803
30400,-0.15352879490173044,0.013297959625134742,9.964260307704812
30420,0.01474201372582661,0.2922817736866426,9.523075006500278
30440,0.30754836129067314,-0.008209779111025065,9.433427639062934
30460,-0.18780540202734472,-0.11795859372217699,9.76952275493525
30480,-0.006323779024693037,0.02534650291881479,9.71486461076075
30500,-0.1564094642536388,-0.12769867061401935,9.716363311511099
30520,0.09013969066967949,0.10305200397028005,9.91675095102154
30540,0.13700751835483532,0.10259392691688948,9.704033632861924
30560,-0.1400971381963296,-0.14192166861516609,9.844884935787222
30580,-0.0020846901703172813,-0.15844055737336799,9.93433781651437
30600,0.20232834915948514,0.05949925505173783,9.848844633788248
30620,0.012180978269110486,-0.023377336713848867,9.854660820154164
30640,-0.15642243322708657,0.13005958002053228,9.936603745030482
30660,0.06754067659567528,0.10163274964520282,9.795761468915682
30680,0.2930658495482562,0.16413367531881487,9.612849429739367
30700,-0.20734589452599353,0.07480231932381973,9.701909507469068
30720,-0.06718060456137911,0.03731100170580551,10.017512693236627
30740,-0.044260573131711084,-0.06880547146396855,9.922437132766571
30760,0.07540322219608382,0.06261725764746147,9.989020910268524
30780,0.04357546393070993,0.07966520955074052,9.965986675774172
30800,0.08702682489205506,-0.300987727483253,9.980909428312561
30820,0.2781526497304199,-0.05305794618531775,9.992147303795578
30840,-0.0076412385542629245,0.1587417402984706,9.939838595356662
30860,-0.12634372047183126,0.14815017245977483,9.845229218083475
30880,0.012703573798251964,0.28317208523685017,9.638836189792785
30900,0.2253034488546738,-0.25485955121108994,10.000062530127563
30920,-0.026799354205166635,0.061424030737820934,9.818077295851758
30940,0.10065812321264003,0.0025600929908920662,9.813313030221623
30960,0.020939097092872446,0.10775712641948253,9.646361443498028
30980,-0.027928495532875703,0.00451768014191491,10.10099417118533
31000,-0.06171104335025055,0.06978375608215513,9.727939574738564
31020,0.1356843212530422,-0.0598064464924583,9.611240436387819
31040,-0.07660539745273233,0.0197588815865562,9.929898204722498
31060,-0.030789450949798555,0.1815666788648009,9.89737162614019
31080,-0.2540029648332311,-0.29768533309878403,9.717236687486352
31100,-0.03443719170477933,-0.009347488680252423,9.970072810133045
31120,-0.029460208024350974,-0.26486709945297787,9.612007353332697
31140,0.018406465922043674,0.12847850535411573,9.7452081990729
31160,-0.08339537812468845,-0.22993687077667582,9.66152472694356
31180,-0.19756902974779766,0.1374807348283629,9.920564841659592
31200,0.04888806546956161,0.1763016588558281,9.58751749900557
31220,0.07987883310379768,-0.10666881305096558,9.987652775978752
31240,-0.1079683239752905,-0.1781632228024346,9.923765597873333
31260,0.029622229426443034,0.05439711582394762,9.587348084891829
31280,-0.07560356212933694,-0.02397112066931074,10.076274618543
31300,-0.03385576612207627,0.14483275848777377,9.783550539338318
31320,0.013402854805142491,0.00042556457552372196,9.680375720728788
31340,-0.0895618202324448,-0.015236587462521285,9.820618595697388
31360,-0.15859857463686708,-0.03387019002760063,9.89659952078572
31380,0.2788642687712453,-0.10110819331538697,9.70306565826577
31400,-0.03203081063287049,-0.021687399750814115,10.014938352519456
31420,0.026043291083902697,-0.25473943443036906,9.657298743443668
31440,0.1890542005391006,-0.021241663702377348,9.605759193559955
31460,0.16007568155012483,0.3666073998829524,9.746452688488834
31480,-0.15133233823238226,-0.18424527171893426,9.80219942952824
31500,-0.08000622549565427,-0.12774079624967355,9.862627450883954
31520,0.43494839909440836,-0.11990159014004068,9.729118798320716
31540,0.008351642802876449,0.13319019991773867,9.975758093947897
31560,0.11942768973819334,0.21742208750732073,9.494314190066607
31580,0.04057868337966157,0.1606197684272829,9.840898064466336
31600,-0.03752276840702008,-0.3088433610019839,9.675102727705728
31620,0.004310043912074222,0.09401195685381081,9.547403535958233
31640,0.03716542710693518,0.14742658097452202,10.005832834722014
31660,0.04765110578469839,-0.010525271089134198,9.648197553354366
31680,-0.39315480357952726,-0.0599492097003797,9.850453944345313
31700,-0.08103133313275163,-0.044382294636360946,9.601274322101023
31720,-0.12207164169071491,0.12164586635475114,9.91143306130443
31740,-0.2818328178237745,0.07189056133969415,9.596207064274898
31760,-0.14076843285061377,0.015004587817010882,9.95712338259173
31780,-0.3357728102257037,-0.2647762549599855,9.745627882454402
31800,0.2627325438456891,0.08288895681209241,9.908156895084156
31820,-0.0799420622624677,0.03303938824107421,9.771203419931975
31840,-0.08085624299921768,-0.1467236924611815,9.86189166240306
31860,0.10635006374183921,-0.003206257653346883,9.926861855952405
31880,-0.04147305436071377,0.0680243631896757,9.84711247753456
31900,0.09274583809462288,-0.3497544043250283,9.631400881877415
31920,-0.05705137114040635,0.0576408853211807,9.39575382103066
31940,-0.019271825221706788,0.049522589835510035,9.654322046634677
31960,-0.058445457117608,0.184045196970429,9.909664377546813
31980,0.12512507608621132,0.06335752387778566,9.767791976397307
32000,-0.08880748823731627,0.08613131001321363,9.746420188705933
32020,-0.3826928216385413,-0.01820973505584782,9.66812139867864
32040,0.0033350221865180926,-0.006811787710010726,10.170317630714074
32060,0.14038395097261017,-0.13856394203734684,9.876064551736654
32080,-0.11471844745104028,-0.1476925893411868,9.72252109856673
32100,-0.1660878229742511,-0.021539803241089128,9.544197053283
32119,-0.09819719426414177,-0.09726530846592095,9.920294666298457
32140,-0.3555862552924803,-0.05751081022927498,9.707997167597354
32159,-0.16217028154868604,0.035065360734219286,9.855247739396775
32180,-0.12086339793403814,-0.06465156298567237,9.577939874663496
32200,0.09861975788888477,0.12049140427691307,9.353692394066961
32220,-0.07727254647040567,0.020452639109890255,9.832118592316757
32240,0.1010750114326021,0.1575390253349587,9.945525729940004
32259,-0.21043823745794998,-0.35058536394233547,9.78920152252816
32280,0.3654711332309641,0.09720912116280844,9.77147488732299
32299,-0.13763293734045132,0.2649268607138882,9.802901228440234
32320,-0.16310650598347187,-0.13159333272681975,9.690158214919112
32340,0.1906190405499229,-0.2141423278651868,9.780483713699315
32360,-0.17460872417157128,0.05444838286345391,9.933522674921099
32380,0.034725932334601715,-0.09180012384729691,9.744970391346845
32400,0.4174379931365341,0.08762550510831627,9.812085542000261
32420,-0.08607008683581654,-0.34053596231794975,9.853762413328651
32439,-0.2969856032509239,0.033180396915902244,9.765220415366088
32460,0.0001019440075087866,-0.02101451726617922,9.559547288199468
32479,-0.10833033798679191,0.13534932463117683,9.925735801533685
32500,-0.14730728925581912,-0.09678916828963545,9.819131953889663
32520,0.06997846076458424,-0.17751153493171565,9.77967350667739
32540,0.14548257564614211,0.052819547331062144,9.78762064494812
32560,0.05482052404058031,-0.038975975338562265,9.874843485281806
32580,0.045274806585695514,-0.08030377597761652,9.781096287669095
32600,-0.2347439177669089,0.013241259493013463,9.73720915966708
32619,-0.08716879422471506,0.16661394512770922,9.701800642241018
32640,0.11362349102562136,0.22692939779027219,10.007519318111077
32659,-0.17549452243021577,0.140452897185931,9.853334672107724
32680,0.05961051372224999,-0.051348460213361764,9.659814806294778
32700,-0.14637926645876995,0.16531688557979932,9.830430228714086
32720,0.1266622961972149,0.15975525675382188,9.98327686687305
32740,-0.1452864533126506,-0.14360676453189034,10.248008976574763
32759,0.10744951661706555,-0.15253341699417408,9.615065679314275
32780,0.10713860687457888,0.07664344063173358,9.501147561822533
32800,-0.0032468428879400247,-0.12517779029090656,9.949036818985563
32820,-0.03471308356035569,0.11137130789901073,9.831569907286521
32840,-0.19691002860638127,-0.36255728115513014,9.598849302561007
32860,-0.21260031687929923,-0.19992586235588025,9.965080638857573
32880,0.3103781654608165,-0.1072456177146865,9.771334276816543
32900,-0.13465037745534605,0.12480293152236603,9.965768417927247
32920,-0.2985406400952258,-0.02459851503003792,9.929936572693402
32940,0.03494119729126678,0.11649685867892302,9.905691441844127
32960,-0.08784031655677649,0.1117032940752152,9.694470769649293
32980,0.004952820815090991,0.08602287638011995,9.743075600566884
33000,-0.012885351333382344,-0.17789254309407296,10.208077142157391
33020,-0.19277106553527174,0.09326731301762296,9.98641664261053
33040,-0.31694181583596376,0.047473558978443,9.656719424019279
33060,-0.018966238435977886,0.15516068617461556,9.677811582165376
33080,0.16696280788817883,-0.10320719904858812,9.801838746563762
33100,-0.06817615250526901,-0.08229385660013837,9.680570814391782
33120,0.023111182912173282,-0.38272930170055475,9.901875031732455
33140,0.10273168477299961,0.257566180469745,9.761972448182444
33160,-0.10050261476857998,-0.14316605114721306,9.871360690511034
33180,-0.12893842593677804,0.10622693102535626,9.973914533741198
33200,-0.09732683565092115,0.16207641397899203,9.916210029409624
33220,0.11931487160231546,-0.08204152971970938,9.581803456358605
33240,0.06293603009808502,0.008630659139400572,9.804491268390251
33260,0.02783744377206979,-0.018946736353106362,9.893494570097932
33280,-0.20057704740827398,-0.019882714909632757,9.855387416467202
33300,0.2728609440550259,0.05580923364038371,9.770839732538592
33320,-0.0012868423653641468,-0.037592812229474214,9.867308211882456
33340,-0.048589504108101984,-0.07383341289708661,9.651080676301298
33360,0.09032736945891574,0.1635518856923456,9.706032085837734
33380,0.09033495556283475,-0.18726937129265947,9.664234467773957
33400,-0.02719946251797627,0.010594097900249339,9.646904735471818
33420,0.08910478934403625,-0.10877587663316982,9.954392939425016
33440,0.28284775909851373,-0.07159370988682282,9.744006222861392
33460,0.07784776107901571,0.11634500009091568,10.009895782909211
33480,-0.04274406984147114,0.0802230211337927,9.567033570641547
33500,-0.16819634458171687,-0.01740598186078201,9.73563779815116
33520,-0.17023268377514278,-0.29473249091760023,9.868856139705349
33540,-0.12832831930236044,-0.00808436422106556,9.647260327044961
33560,-0.10204537105630616,-0.18550711335741368,10.131635057375721
33580,-0.19620872666684577,0.011996504433284254,9.793722505293228
33600,-0.05344813275257481,-0.08608024254981335,9.93766426494544
33620,-0.032065397552672376,-0.27389490998026084,9.814934116388551
33640,-0.16640088175110218,-0.03995774889394083,9.986600966731045
33660,-0.2678979390132287,0.05251096800438739,9.945520037920055
33680,0.12766903508612454,0.3819285160664935,9.794791079541234
33700,0.10104825346979059,-0.28914888890620327,9.860265385497135
33720,-0.058253979207520165,0.22781742631653476,10.008701859479826
33740,-0.004140833076927918,-0.09003951989631791,9.855561740394988
33760,0.012503446646794156,0.09180334792185654,10.10577269580212
33780,0.0976584551099009,0.05903261473624619,9.881468495463572
33800,0.07502150095380715,-0.11356465415378658,9.739006983347103
33820,-0.029673668668431304,0.19519861227616003,9.946560367976689
33840,-0.07610901656562616,-0.027070657430130048,9.803590954393734
33860,-0.12335574444966424,-0.122930414301139,9.622924348657293
33880,0.07140842283862466,-0.05437734940859209,9.794871442419787
33900,0.2606425656907017,-0.205446903463873,9.860393998549263
33920,0.006109795529455962,0.08596391250478502,9.769499615261314
33940,0.11098568976815036,-0.026880100485327754,9.850167829889717
33960,0.16281713210737744,-0.1308224795623393,9.785314161378052
33980,-0.014779771668644073,0.11236084158260067,9.809480974665481
34000,-0.284728301457471,-0.09122327447090008,9.750367567522584
34020,-0.10586999031949583,0.21319661366144144,9.578323383994329
34040,0.1452206394344248,0.04766786076599219,10.06798218095768
34060,-0.034447074443090746,-0.17558848373600078,9.991671509706213
34080,0.16228496514798396,-0.10056538177515403,9.842609813959326
34100,-0.13421891511660006,-0.0534982820215364,9.906760762531416
34120,0.07696439407634577,0.04284070033660079,9.754338766103881
34140,-0.11781556842289481,-0.2933035386067749,9.763217958085693
34160,-0.10992761783276865,0.10198606956829882,9.893225930435577
34180,0.09657457569592202,0.037260413709373434,10.02953998624491
34200,0.08991027939165212,-0.032826031589787315,9.680787397236017
34220,-0.21160580683916227,-0.361733489433882,9.776649637732845
34240,0.10640661008487208,-0.15011897493271018,9.888239791939556
34260,0.009489768156558139,0.19450445706418698,9.736035134299849
34280,0.09877376010265752,-0.12827763429224662,9.709868585592991
34300,0.11079906469311802,0.01353265477571384,9.994360046905188
34320,0.03110528337704923,-0.09092427780241885,9.831947540958389
34340,0.14831075384857292,0.18051376965519575,9.816042848063336
34360,-0.0668855222882693,0.07170460581135343,9.762403223870432
34380,0.13790006842837177,-0.13895475443074815,10.115039667397745
34400,-0.3276377625455315,-0.14926614509321737,9.65632541008605
34420,-0.024317274657106862,0.00597407946801193,9.807386937381487
34440,-0.09542413489830356,0.015302142526622403,9.530834409035672
34460,0.005947959345303321,-0.1755860417137861,10.094595021369493
34480,0.2108644791737386,-0.05869576048762058,9.647787919071957
34500,0.205736046599398,-0.003021707742842817,9.54273785179821
34520,0.15191309970590075,-0.0015264732454848687,9.81990055777438
34540,0.017295338739794285,0.20525741769893951,10.016917245671724
34560,-0.28014309333388804,-0.035837828998739316,9.910700120493532
34580,0.04698639612246866,-0.08183738502399597,10.002728659697933
34600,0.03455139631280501,0.345397884898709,9.854361179846844
34620,-0.07529020130787241,-0.22457781838279806,9.60224211646567
34640,-0.07554976255853402,0.03246678697322346,9.879384790757863
34660,0.2553033573625852,0.09275050159586845,9.789211945604857
34680,0.17233987112848873,-0.28460074649345385,9.607046274813431
34700,-0.06797268874785352,-0.0710422250871714,9.78817906208495
34720,0.12720704628281002,-0.09677704908185636,9.82533424882828
34740,0.07259188151713786,0.15559599595477214,9.793877752948488
34760,-0.012432025486281075,-0.06407309646261151,9.811998683287742
34780,-0.10800900260032767,-0.03139907082651291,9.996187616421308
34800,0.015595230193270759,-0.12271452071730626,10.097926245587114
34820,-0.03269576674191697,-0.1782334064432596,9.581852392150699
34840,-0.28210639386518194,0.08258358573100417,9.68917002719678
34860,-0.008318925325966248,-0.13300369178452717,9.873511426696142
34880,0.2494091847269799,-0.07773973695934189,9.68691874673902
34900,-0.1816881329167699,-0.08015135978592411,9.800521892067474
34920,0.08199622297458821,-0.09007460922634004,9.788658366432431
34940,0.12076911693254336,-0.10885442100359038,9.984693777343969
34960,-0.0827034377713259,-0.0634987166834694,9.804436956875579
34980,0.09798987626047735,0.1937143943632246,9.71175655616721
35000,0.30915193197009766,0.1911090857329696,9.68012308226317
35020,0.06483522960092872,-0.017928190571185873,9.606373292900878
35040,0.024053361880242728,0.1742649177793192,9.711828824266812
35060,0.0043525409145609584,0.023675151179747007,10.031335055060078
35080,0.1553104101491066,0.048446403054888794,9.759488061210735
35100,0.06739074823616024,-0.13309120832816948,9.791504503647822
35120,0.08698042892527451,0.021351242456295803,9.966340254510309
35140,-0.09185580373071268,-0.09849983629442655,9.65528451546839
35160,-0.06367577057414742,-0.015763191088130225,9.906542504891481
35180,0.1344357096596892,0.07614984821202227,9.785092688617024
35200,0.33658136670000977,0.02069179247443487,9.751685764346538
35220,0.18870689225339526,0.02059164585706143,9.963183059100373
35240,0.12037741757445071,-0.05573946845182449,9.80196855018984
35260,-0.11682627893079893,-0.19294485619512217,9.518793429672845
35280,0.08568344527368593,0.06394697206592552,10.205671349934963
35300,-0.0858563536602578,0.14482836884294514,9.981869691394863
35320,0.1939665278810849,0.1502098828702564,9.84919893640258
35340,-0.06969838224124572,-0.04487760471475054,9.502995104431385
35360,-0.31625786751428003,0.016958516739852467,9.750930311234928
35380,0.391256095320987,-0.14818617685077107,9.944154436611871
35400,0.06312146723773099,-0.1572220432916592,9.72858103936988
35420,-0.026702718137687865,0.13136923524535507,9.644767753551838
35440,0.07553894502689631,0.16724738873468442,9.938786558002262
35460,-0.2495567152133398,-0.04568432078549282,9.880014844856628
35480,-0.052713805399294246,-0.24235851396810318,9.66124164092644
35500,-0.14250218150712937,0.14856170713945627,10.004422901239213
35520,-0.14122481871803858,0.0473411076261633,9.954359903252229
35540,-0.11619389443568387,0.140652287502509,9.966708471700706
35560,0.1133292228216906,-0.01859299277137411,9.449366232312702
35580,0.027167829657195268,-0.04451989841198581,10.004174592144615
35600,-0.0065013859720788195,-0.025214379574940177,9.606743702354732
35620,-0.09518562533845859,-0.03885580088726748,9.840552046776223
35640,-0.06878787746049067,0.08130789350466815,9.745563061362876
35660,-0.07290305950228487,0.04702897420263443,9.850288423575579
35680,0.04904616380262964,0.10044951085107474,9.873579653216266
35700,0.09550343256581609,-0.07583643926994679,9.847373254971453
35720,0.012055437542736578,-0.15563200667956398,9.962236421745253
35740,-0.01320114931528226,0.1348613033626212,9.77752055847015
35760,0.12341042470117211,-0.291566099723565,9.850536410395936
35780,0.14038769182185434,-0.05285037472795156,9.818788534245694
35800,-0.054897827727993634,0.09613106388064814,9.560604215711477
35820,-0.03381417575664026,-0.02372041124931927,9.479805323839166
35840,0.11105605479574503,-0.1005089706274467,9.976998179717336
35860,0.21491398363255204,-0.02395947033441296,9.918203343839279
35880,0.14253575619494802,0.062482266465947484,9.807263278216018
35900,0.09608973540540447,-0.2492751596399127,9.737160858581863
35920,0.06027915876825981,0.005607210606088989,9.78914091851459
35940,-0.16133169407158482,0.06395590222656095,9.853160408842227
35960,-0.1306277957146256,0.06690042169318458,9.605164722703401
35980,0.0315103481827564,-0.047266197779619226,9.641566554565921
36000,-0.045772937113096455,-0.19767613352225777,9.927250261272556
36020,0.0714550955637378,-0.17156853288796223,9.695882546606201
36040,0.06258542695415922,0.01909800778195737,9.81983352883264
36060,0.13660056719271083,0.22071243122335624,9.782016821480056
36080,-0.13789985507848468,-0.010737830500349398,9.82960631872347
36100,0.033167206395901,0.15419563757536245,9.987261052684943
36120,-0.2434347434893049,-0.10209834576817883,9.69851641302308
36140,-0.05114338343035352,-0.05611499361094227,9.729240637194403
36160,0.15203401392879348,-0.1542183111432208,9.690246969489904
36180,-0.140087082799038,0.11575232038360263,9.715895030607934
36200,-0.02562455478499781,-0.03630922192282404,9.523232231923199
36220,-0.1713621653936808,0.13404439730444478,9.86688645085503
36240,0.03750413225520075,-0.16676313235133441,9.602118273561699
36260,0.3088806347783054,0.3056657115930673,9.95462765889395
36280,-0.19178713451331653,-0.06884406159881762,9.522516878388803
36300,-0.055967993829754675,0.08067175483130101,9.55197369136436
36320,0.09642896332309796,-0.05557125562823886,9.826911940135737
36340,0.16455497752577272,0.12101682007965943,9.724293846933774
36360,0.06500502091522539,0.037009285687252244,9.843331169440559
36380,0.1291419799257385,-0.08955901070762526,9.761207251167283
36400,-0.12653419899963994,-0.2520375325402641,9.628774367219275
36420,0.028336625838742583,0.24086181453863048,9.574830665775327
36440,-0.0370835504914471,-0.15002348510651567,9.687649572623643
36460,-0.1396358271070097,0.2842457482036882,9.62572124013216
36480,-0.018261544997140753,0.11767268870811178,10.244982560695197
36500,-0.11636370786956468,0.21189630003181503,9.870378977088247
36520,-0.15622500749642876,0.06484708508776921,9.76736354178513
36540,0.026929615411641312,-0.1520419035736368,9.901807548564772
36560,0.2864801890354073,-0.06979800602013353,9.850445907067884
36580,-0.19454094902233207,-0.04391156414572356,10.007828464903861
36600,-0.17821304105810742,-0.06952379489774684,9.641575077063521
36620,0.038409126059981244,-0.07094564843962817,9.885920539002905
36640,-0.2361103615165198,-0.07722939201017213,9.890165766026534
36660,-0.11654766487590748,0.38861397315443896,9.811753396715329
36680,0.07590658584658289,0.1738997191144491,9.592651461808686
36700,-0.09490607144649567,-0.006458396431865347,9.973872211827475
36720,-0.004768206459399081,-0.15330547429380223,9.737745931926908
36740,0.2442115115571724,-0.04023280659395844,9.942228040710102
36760,0.08994965363860906,-0.015036463010165544,9.644356107626383
36780,-0.21103443326090315,0.18432539861755187,9.705082910500794
36800,-0.09067528112196553,-0.07275867939233006,9.782308051888394
36820,0.26046373670994016,-0.06570704226243491,9.699999701663703
36840,-0.014833360209861148,0.1791183795296522,9.586822798371418
36860,-0.2001581374172059,0.007130648387016065,9.922434386851446
36880,0.07481533930312705,0.17910504694507365,9.960023096083312
36900,0.07799510116495414,0.023827179236405316,9.889875661028565
36920,0.2763312057293671,0.02483439758583686,9.736527362322986
36940,0.06678544762825361,0.061049480181644605,9.568096623714169
36960,0.12542481139281647,0.16739604783743453,9.878020113314328
36980,0.19736743933792247,-0.013294136806922796,10.17341777337526
37000,-0.23754865418990007,0.17738810084862489,9.73354353270941
37020,-0.018125634494345212,-0.08361884288979714,9.777526097408582
37040,-0.036142313049475565,0.016617216699139528,9.896790734443893
37060,-0.014664485960125864,-0.13422806692622727,9.991945801144045
37080,-0.027838397648707203,0.1835281645894371,9.665851605445916
37100,-0.0666512414374035,-0.13398724093387798,9.683295631504443
37120,0.13719744931636846,-0.009164045750947524,9.619545215645719
37140,-0.07296708207898349,0.07181082303537112,9.891581268776003
37160,0.20000888497641603,0.0885851263171651,9.725829885425794
37180,-0.14633826011801232,0.04554234069613431,9.63363056879786
37200,-0.0931141319377228,0.13077326669082606,9.999172931974062
37220,-0.33422040980749157,0.21297997280952782,9.726728844242668
37240,-0.22780945484064083,-0.16989418204655682,9.535909157794098
37260,0.2870621222225706,0.08846207748445278,9.386126519283964
37280,-0.18350851527239778,0.047787114221893065,9.681049093683956
37300,0.014152410153305614,-0.06107168232409764,9.861616586757178
37320,0.1018004965208618,0.019348623185354467,9.662119236013995
37340,0.0623942191047961,-0.2232892086362976,9.898812458071344
37360,0.2106290491461597,-0.23421750590525203,9.657371506692641
37380,0.35624669146554067,0.08506742737708477,9.895186425116744
37400,-0.03385706461770606,-0.024062962820705778,9.776083802875007
37420,-0.04639188498118046,0.01153088284386355,9.953099545821635
37440,0.1576847528585361,-0.20687587972133817,9.848341331688053
37460,-0.10045996364947675,0.17916343065836493,9.840561147867206
37480,-0.2508808568414167,0.06753261069523325,9.811216393207808
37500,0.04680473751937041,-0.11682078941830665,9.610290126251856
37520,-0.1020567737770672,-0.13934997664838417,9.957952396622844
37540,-0.0721107767378212,-0.22361703545456404,9.641794998020993
37560,-0.09795346821443511,-0.011513205556108337,9.81278570280728
37580,-0.03940915817097807,-0.0332256430999236,9.746857615674163
37600,0.03942509755180135,-0.208049591784032,10.040086976641089
37620,-0.14211931215121434,-0.08904754519572387,10.071348859505505
37640,0.45193264211639594,0.19698995031373454,9.988963791185204
37660,-0.3459081683563279,-0.26951781129876584,9.925167206162673
37680,0.19895592860762099,0.007335952810035044,10.035233141636043
37700,-0.046961383040645954,-0.056230246782995534,9.91771218448291
37720,-0.10979545640210565,0.08242746432182015,10.01342591194249
37740,-0.036021393470715195,-0.2951992490590627,9.818046067180681
37760,0.1475281015146904,-0.07660965923472686,9.605000589576575
37780,-0.05937451505287293,0.09777202430995564,10.243219976695649
37800,-0.0202611375393783,0.23785368295085996,9.961413360709177
37820,-0.037762387457409154,-0.053813648037040585,9.922227980563802
37840,-0.1319137311818023,-0.1738050203025672,9.735276400834072
37860,0.16496231391905994,0.011058544383903298,9.79150619553615
37880,0.0977130779109703,-0.1686282848174895,9.855125631280329
37900,0.029589629534951513,0.17220739044021907,9.84803482646442
37920,0.15226713585546997,0.07339296008207578,9.457364003896977
37940,0.1396407918948528,-0.10154327488035084,9.76330093363471
37960,0.045058277890633255,0.0931332376244816,9.479035742173512
37980,-0.03544622162228012,-0.3277991814404509,9.801700848832999
38000,-0.0021591953713672807,-0.1272449335796288,9.797062813391424
38020,0.08193934291762497,0.08360743872142647,9.560995221196844
38040,0.17981149201485191,-0.06482727733169392,9.582862328551519
38060,0.0021174638794746255,-0.021488598977061117,9.915747296086266
38080,0.10812753514236054,0.272032776351989,9.882607243871643
38100,0.09288373778979188,-0.009259004809738592,9.715126351753092
38120,-0.22432259308229194,0.07870276739404578,9.586393199241154
38140,-0.19696500892292648,-0.1949264377529945,9.921334914655516
38160,0.2065395208872062,0.01223958514129761,9.842331113530923
38180,-0.05303185752280257,0.22336052160146727,9.692938168447773
38200,-0.13539786353419603,-0.03214264472565172,9.762666529471423
38220,0.22104875165572524,0.012932271053274108,9.787158836010434
38240,-0.20620494493448535,-0.0342432866366939,9.671667405299052
38260,0.18569859243176373,-0.10290176160592525,9.527844632000297
38280,0.10226737124292909,0.009148491568112416,10.05404434275568
38300,0.04145625395285726,0.22105722509635725,9.686235226426616
38320,-0.13859261849824178,-0.06529003360036802,9.871777171656005
38340,0.11406311918164797,0.09417159664630909,9.850776891589739
38360,-0.11456568203771823,0.07218294155176136,9.65372658275227
38380,0.0812122374369429,0.22797214840091834,9.932192594086803
38400,0.02904577220909372,-0.10062346349775962,9.95929301660082
38420,0.03235096419026032,-0.2890492931303734,9.932769542832993
38440,-0.14201156437141305,0.24282651997901916,9.965521966767538
38460,-0.19796403299848217,0.1051583642133022,9.691492713821425
38480,-0.03728867256830796,0.007244629410075026,9.851113531253004
38500,0.08789738994962336,0.007662321662904909,9.826008231567277
38520,-0.05735297185804313,0.0897673213256711,9.682066721425752
38540,-0.22210820658005476,0.024746651414135675,9.832146894892787
38560,0.060667075005253625,0.2061935280680889,9.711072212109757
38580,0.01576052780445943,0.0011997952393154887,9.783026021568352
38600,0.009502223105925458,-0.0915888479523232,10.035958157501359
38620,-0.013647959588635536,0.0469052022199059,9.882532291170204
38640,-0.19418667550132315,0.09988339645824475,9.626194671742349
38660,-0.10730204704473659,-0.2886804653026426,9.774707687064945
38680,-0.021428899829950925,-0.10085512167235851,9.763841512679294
38700,0.1150902943080964,-0.11122985657191703,10.028895340093866
38720,0.03560556475439651,0.013569891615718843,9.861607398733382
38740,0.02613184906187407,-0.03438739241589962,9.889013531057168
38760,0.31627590992170773,0.2781629346998551,9.76643262354023
38780,0.044175285063454105,-0.017586667514563736,9.806036438750304
38800,-0.11719497148189403,-0.14371046982614613,9.659568926208022
38820,0.030554566247131744,-0.1523243168518097,10.005278519367241
38840,-0.3944059350502429,0.02855548831765121,9.587718308704714
38860,-0.009939884034016813,0.07865648378476205,9.858234198746157
38880,-0.03070328427291851,0.10938111647199443,9.80379541996952
38900,-0.23572716960946297,0.11433340202367748,9.846755157705452
38920,-0.23233791187220368,0.01007097748716401,9.698312133554209
38940,0.10958545452912152,-0.05386328871617178,9.96974873841399
38960,-0.0440014111110239,0.11266650192320268,9.68635411111332
38980,-0.08318091498508243,-0.037485306973478565,9.944099124853576
39000,0.08581316472693375,0.1717117819910571,9.818789404181445
39020,0.041131138164127466,0.12793552215966253,9.884796613209657
39040,0.11297824612681351,-0.1998836196510283,10.18315467055102
39060,-0.0881682018420124,-0.15248426529486742,9.641843747179363
39080,0.018263573047728562,0.033303653855641574,9.801510892419087
39100,0.3095552433872044,0.11860468689262281,9.724833241915103
39120,0.06158582464945124,0.013226741083828679,9.591467740799366
39140,-0.048016107785417934,-0.05225666518894475,9.593167523309019
39160,0.11879340899350783,0.08527574875136489,9.883304217189817
39180,0.09864684426793321,-0.03258146907007613,9.742527034091399
39200,0.28989326156275463,-0.10413663955742304,9.711252094888895
39220,-0.02824076635546062,0.06942967273630304,9.889638488440504
39240,0.040726605416227184,0.06057145178604827,9.719228368134841
39260,0.13589977378309875,-0.055051869433480165,9.685184409691947
39280,0.06713579703674762,0.1970774661339814,9.37591793866713
39300,-0.04816365463547257,-0.20599311750320715,9.600180120493015
39320,0.19327399639750528,-0.010474091195081714,9.86855303367048
39340,-0.3092541519859854,0.024254002922709978,9.597198140490848
39360,0.01483824400595237,-0.12593663809777203,9.756747085238658
39380,0.04795368892420698,-0.07540041536486834,9.917032935396703
39400,-0.18767566034990577,0.0795680842898681,9.93213731802637
39420,0.06447835766653649,0.016371809151262,9.78481672769888
39440,-0.04784313637407773,0.017612886139134414,10.116972598696627
39460,-0.11122915820561227,-0.027799491358712312,9.871352881821057
39480,-0.060724853370371625,-0.1580242807726255,9.723499095090533
39500,0.2647289155368231,0.07109311277286628,9.760343011967137
39520,0.08024830704411101,0.05731441551446378,9.646918796623275
39540,-0.3170466698962161,-0.17247816279806907,9.774698596608332
39560,0.06356139438651609,-0.15011663575477288,9.484739347851297
39580,0.012743597663416716,0.09047901110285314,9.513971555748011
39600,-0.07905404703129969,-0.21123986464554784,9.753519815535705
39620,-0.024388354197460393,0.2234999937017978,9.715205111224565
39640,-0.1412012999137931,0.1340487876235363,9.729423843321042
39660,0.05919236992981274,-0.24254235634552543,9.672580967429209
39680,-0.085263291055839,0.05650438222202741,9.760873174257403
39700,-0.043702877791018765,0.07725490873905623,10.045296283975548
39720,-0.1551363578533664,-0.21071833267384543,9.75018904302143
39740,0.22206752886212652,0.13519819077886536,9.777539183264539
39760,-0.3636708713788625,-0.16143724558992237,9.581968751599298
39780,-0.04950232212611096,-0.1366425258210877,9.696472617753189
39800,-0.4606131896530341,0.2450829890039931,10.044236023166595
39820,0.03417950111409136,-0.01953550024959853,9.466309762985752
39840,-0.16593482459777728,0.08855767508859036,9.686276278238907
39860,0.05747997921732163,-0.08830051902954864,9.643647879171716
39880,-0.1128742903610292,0.009663001588162919,9.94025853099722
39900,0.28274593009732657,0.09552199771318515,9.897145142680543
39920,0.2365521618250313,-0.15721811701657543,9.883774857465763
39940,-0.11729647896451864,0.20851342300131104,9.939606760619393
39960,0.1875735097280625,0.31792957358774376,9.634809049158058
39980,0.08931608552633327,-0.03764574813393446,9.635736836895356
40000,0.038963411214139446,0.043546727778583,9.934201343579696
40020,-0.13651132849371891,0.1963683884418431,9.51374151659535
40040,-0.04207961070948133,0.1533873442563851,9.72529869902673
40060,0.05398314196970029,-0.06954978545394275,9.755617591212184
40080,0.18205109614047724,0.11087545520043006,9.879971222194893
40100,-0.1356218004682227,-0.2588544841705918,9.979850806045093
40120,0.031804250072820395,0.18119968405039222,9.848471720180685
40140,-0.21141273255822515,-0.11961240138308639,9.874395998526415
40160,0.12249786441030006,0.025621549155771937,9.762683985032455
40180,0.07427911949696372,0.28457859727655244,9.549568221078198
40200,0.05159311679034723,0.1141152077972207,9.805204371378748
40220,0.05145251197875042,0.2491457856825005,9.960471563124115
40240,-0.0824323412124922,-0.1134912480497675,9.878967707661992
40260,0.08031470446834302,-0.13559447522854345,10.147908229155933
40280,0.050232861196647376,-0.05177834909708688,9.685882944797017
40300,-0.06945262694183169,0.012417446989003223,9.889837075412133
40320,-0.09220109753803281,0.35303714094238275,9.707980226305363
40340,0.1600874601661165,-0.04032450914153044,10.093478412106247
40360,-0.07975031731501735,0.036736869183095454,9.873643837768675
40380,0.09056758535490046,0.1864565705098059,9.86707130626323
40400,-0.10153156944816902,-0.20965257897393963,9.932722845982218
40420,-0.09335087806770942,-0.07086714873646158,9.985825547099246
40440,0.09988717134189813,-0.3027516539398324,10.007797650444523
40460,0.29009630530218183,-0.09910043275940754,9.753659558197008
40480,0.03383371234123502,-0.04159075839199503,9.715503540637354
40500,-5.60442487103075e-05,0.2581593940012303,9.763787598320414
40520,0.10457757339688735,-0.03598768784412291,9.72704404647457
40540,-0.12364670996091714,-0.07728369807336707,10.06410506309661
40560,0.028846507011826616,-0.3247115609664294,9.706083194626228
40580,-0.07300151518258484,-0.026696841711114916,9.661397183895664
40600,-0.21875053401402061,0.1078760274688803,9.873453557656228
40620,0.2535038336206339,0.07920950551245741,9.828273542075955
40640,-0.0497680916140891,-0.10671380077563537,9.765042019083563
40660,-0.10164876053190101,0.35105687694101406,9.971525585754833
40680,-0.05764452717646451,-0.3033680337199899,9.63492383136039
40700,-0.14590953870138204,0.021809043626415395,9.645139355125634
40720,-0.04569774956252246,0.11924956253799684,9.554662835454142
40740,-0.4132215567812672,-0.11132414804102997,9.840839283645709
40760,0.04166160400352629,-0.07060033553920504,9.957919967599466
40780,-0.2503760965247495,-0.0988885134009107,9.66897055519621
40800,-0.2935987868421116,-0.06688520017343708,9.797742238587704
40820,0.18945609622513104,0.06624933839658505,9.6335550149812
40840,0.09599945600400275,0.211231355721089,9.69870940143012
40860,-0.1973673374661348,0.23444631388563852,9.50922904328176
40880,0.17080085490485,0.12478902242603603,9.817708950475255
40900,0.06801710264563775,0.000504026655288966,9.779226323517303
40920,-0.01772521608146027,0.03396730686323185,9.653550818152123
40940,-0.020712464799048366,0.3721743679181747,9.744625770757562
40960,-0.14769187902220185,-0.01023727086475935,9.842997768065935
40980,-0.06633520304142021,-0.03283211138257683,9.605265854213425
41000,0.3362660267028458,-0.0021213541196083456,9.778427746019572
41020,-0.01761107625153366,0.06409790293988332,9.818106185685554
41040,-0.1089028479352693,-0.008695390395501454,9.472281427170778
41060,0.07687269524504912,0.10902432067328054,9.849288281442353
41080,0.036383525028432284,0.01954452901379388,9.765049342233226
41100,-0.15433458923313909,-0.1310546979162445,9.950843819962698
41120,-0.05755041393366109,-0.20137602434644913,9.897495919207602
41140,-0.17365533961707744,0.0535595876475352,9.913678006851457
41160,0.27174226485386355,-0.08236135550968607,9.684090230270602
41180,0.07899525576823628,0.24638352812340203,9.963603809663748
41200,-0.15151261502037927,-0.022777506955922323,9.577343598615704
41220,-0.0001319806225463811,-0.024468286213956324,10.013587855027533
41240,0.22421662554474822,0.10063383834055936,9.752491290668537
41260,0.04398984781913727,0.06332597170073112,9.438470681072587
41280,0.0028708273684048733,-0.16369182855481565,9.85559401792541
41300,0.046768423143368494,-0.17963571694622216,9.854237520667658
41320,-0.1564128386322056,-0.10180418405931599,9.861212797268688
41340,0.07766703457728531,-0.07860217254077552,9.722219856512943
41360,-0.18697369133267389,-0.06710182466966189,9.866595927818148
41380,0.05638921946038464,-0.05461995944590189,9.828154922420122
41400,0.2144652850364408,-0.22381729683631624,9.792939960187377
41420,-0.021206656311414034,-0.16671225413085108,9.763271767813658
41440,0.08871144437467077,-0.02332708861943258,9.94971698117182
41460,-0.09727198166861223,-0.140988845278049,9.837240401238248
41480,0.058253413336496154,-0.023852694657636352,9.703365635462973
41500,-0.1500431347922937,0.14699899968978355,9.70799151348395
41520,-0.3776493781089148,0.02183404318362298,9.896737235563428
41540,0.021493936060192516,-0.1386257515119658,9.761710900121319
41560,0.0940590576749968,0.37332556723580235,9.753045273708196
41580,-0.05125759682260451,-0.09319727103165262,9.949630605791741
41600,-0.1063648717761334,-0.06489888773607501,9.686464148116675
41620,-0.0179607608577833,-0.012032876044968647,9.681178227326226
41640,0.06943704884017014,-0.1376936303072652,9.848293759604646
41660,0.2238806253781853,0.05602943992703997,9.801464571599382
41680,0.13710602785404838,0.2119826204898761,9.770986422076122
41700,0.09530741134969012,-0.08447273140836997,9.938340933908847
41720,-0.12235978703034278,-0.02771553434155728,9.716027998114956
41740,-0.0929323657233711,0.01206538101670932,9.591502278032511
41760,-0.3766073218181747,-0.3886060003138378,9.786060009507343
41780,-0.025371140748420905,-0.11626518990336043,9.731618489653792
41800,0.03062355430601533,0.044362846258816736,9.977561837442304
41820,0.2603313620944758,-0.05390077381708203,9.897086287938079
41840,-0.4434179884834263,-0.20441529357342855,9.78798470963046
41860,-0.05341855348098883,-0.056153922316933245,9.724982620080896
41880,-0.21464424239744131,-0.18812833626544767,9.867995984621825
41900,-0.021224445268423927,0.18209217484777432,9.736232641474771
41920,-0.11190308105918403,-0.10488222205981604,9.788116021659928
41940,0.3409030518905684,0.06998885168339225,9.86185079260384
41960,0.20151347331831937,-0.07102512041036349,9.815040657502548
41980,0.028593321191847647,0.011269809435102538,9.762449975139436
42000,0.016284310385153277,0.12210426890253007,9.627830624193582
42020,-0.35030110088696637,-0.04409841754076434,9.968976202477709
42040,0.002123349473551834,0.08684239579595893,9.894237989028436
42060,-0.06436523566038273,-0.11741761511465723,9.642563128454935
42080,0.10480976996743606,0.02287475031227803,9.792564285214505
42100,-0.11099342904359276,0.15131163327276143,9.652908796811907
42120,-0.16659446586515272,0.03648911129196814,9.901518487906673
42140,0.1688353159514307,0.013399078015989087,9.70161689026981
42160,-0.10270745563907573,-0.25530263115925683,9.806209094610725
42180,0.03219324713728655,0.10171820284848185,9.74940568588014
42200,0.0886189449715602,0.4579408682958697,10.079725943755793
42220,0.2920977076194625,0.10814720077843816,9.851364549797983
42240,0.006051954733543581,0.0447432247245516,9.96624243408502
42260,0.04188653138597712,0.15777592319940992,9.78344009804255
42280,0.13994560476443374,0.14639139336714904,9.846596546942882
42300,0.1819708430852049,0.12196982712011173,9.927041352857128
42320,-0.13758348126498113,0.046596712896879285,9.735415957433116
42340,0.023020752971369633,-0.19714647714692818,9.739041709535007
42360,0.21285587926354504,0.06609328988876736,10.14601925541279
42380,-0.2219062202218886,0.03887804730967453,9.704405737941096
42400,0.09076458720022763,0.14192527449650888,9.53089116594582
42420,-0.5058302512253394,0.01816820962314359,9.73754867563385
42440,-0.00907599079797058,-0.11867195699245411,9.684670482146187
42460,-0.07978394362120024,0.018072318713886256,9.904388041908641
42480,0.07867754107136472,-0.15577895690544688,9.735339270526365
42500,0.038378403411636196,-0.09284823852539444,9.553741635095697
42520,-0.012293189324379774,0.14625485045190478,9.425083576723598
42540,0.13966561089884935,-0.41724976331992497,10.023821349963729
42560,-0.0901324821539251,-0.006942057313408064,9.840392695314966
42580,-0.15976413116617796,-0.0568360486695485,9.907279147987282
42600,-0.2518721215419315,0.07006690073110387,9.790634510344175
42620,0.015134613350711585,0.3071132505273548,10.333910555278353
42640,0.3262096016837051,0.08553707883285021,9.84167130494053
42660,0.09981200108858049,0.1012480969316412,9.81497394223486
42680,0.02460824749302076,0.11262307286522719,9.860050131185258
42700,-0.30787344254447063,-0.23854470767631814,9.795600582359903
42720,0.15989346190140868,0.13743931827733388,9.865229914735666
42740,0.21594965279704184,0.03009275799518861,9.933445069906274
42760,-0.08542045610429264,-0.1532535050571528,9.603075147653543
42780,-0.1709250770804496,0.33798478709012103,9.721445573006859
42800,-0.23128489111360503,0.012157435928351942,9.552257900719715
42820,-0.23856531028075942,-0.2114757342769237,9.698091981338509
42840,0.04171046350144328,-0.060308245583437246,9.725457093675006
42860,0.1400728545348484,-0.002989814292618289,9.95038196720612
42880,0.05057321490559916,0.14681260865741091,10.167053716755289
42900,0.23567205471591,-0.0427806851650872,9.734977862992746
42920,-0.0048959041803649985,0.10310639604266687,9.818611570969695
42940,-0.05175516873057464,-0.11863424156550507,10.021397081270086
42960,-0.05239041437751784,0.014757736390669135,9.82828150501277
42980,-0.015604775129366862,-0.05556130884227287,9.867247824945773
43000,0.3304431897405115,-0.2983814629861013,9.739947858278025
43020,0.09002551120588916,0.12858500785796884,9.59046494236414
43040,0.11901401441777694,-0.14164741199785136,9.63419873854157
43060,0.23398634457579776,-0.18992639772425457,9.498083244816316
43080,-0.11649859560363864,0.060362524200715216,9.744795620468416
43100,0.34739148176997264,0.058261248018472614,9.667390991624737
43120,-0.14347804409945436,0.05100671966399579,9.911788670903613
43140,0.11674904427238589,0.026423543762057047,9.88877275398623
43160,0.22330055117825467,0.14991401155762066,9.814204628523688
43180,0.03139610417862301,-0.25767106179575555,9.74929705771546
43200,0.0865724111656911,0.03605201705271514,10.0813043066605
43220,-0.05842920503614797,0.10000903967018573,10.30482607830373
43240,-0.07023911897871864,-0.382114406295149,9.859119277581064
43260,0.033534622065882126,-0.02341291856393775,9.57275108529189
43280,-0.0444768167857965,-0.18889984211644303,9.66874774794256
43300,-0.013641382134130726,-0.1425933012010935,9.955833736290993
43320,0.04410343507819022,-0.05017827976954289,9.829066772962115
43340,0.09837814583014448,0.0748796729586252,9.772888534163256
43360,0.02514529092574099,0.20181010985569078,9.783101433616757
43380,-0.16913607045673787,-0.2914602826662771,9.93748623195603
43400,-0.01803231659163498,-0.35169324617244985,9.70229299783811
43420,-0.10443755880107058,0.26401512783905556,9.981821943405935
43440,0.04452620253160422,-0.09356493748282595,9.813338963847114
43460,0.1042283126329429,-0.02664075373822888,9.655723397674706
43480,0.0734625224966573,0.15040227591026767,10.057386857052267
43500,0.024670435483232684,0.09913027091056767,9.720306944047195
43520,0.06447907728954291,-0.1675775948777113,9.52102318069646
43540,-0.0963233219493652,-0.005511176361236731,9.783496920551585
43560,0.23991192733179234,0.001331214281625191,10.084950968312107
43580,0.17320292295506814,0.027685919379609417,9.667615259446777
43600,-0.11000603090654108,0.11773815117856093,9.684363958182875
43620,-0.021632500896827573,-0.14294621964924295,9.858800065995498
43640,0.0677466165265291,0.07057130237267523,9.689832612269731
43660,0.06487120452057935,-0.27947941399377096,9.91893338673798
43680,0.002181766894208357,-0.18746681731472836,9.671070271305782
43700,-0.1677637406704556,0.054851209905210974,9.70129161427481
43720,0.15562961813197387,0.21266681597814271,9.730599971312731
43740,0.0738581341460309,0.11442900268242241,9.875138031805845
43760,-0.04329381338933997,-0.16509535114378948,10.309962339099002
43780,-0.056429577336219755,0.11354620747040396,9.692445901904874
43800,-0.14981162300414258,-0.0036997245833182333,9.691977467364927
43820,-0.24220512286954665,0.20005009066324536,9.844941956990489
43840,0.012206569707911416,-0.03857278607551809,9.762607502423736
43860,0.23475676915710955,0.13572470719822233,9.932022717261425
43880,0.14513848400360124,-0.45807565876859846,9.800714354181535
43900,0.03452811388185754,-0.04642144517308814,9.66802352318651
43920,0.14522016563574508,-0.03235950431127681,9.631428800593373
43940,0.001629816085894642,-0.138020035646237,9.661030203662987
43960,-0.2193303835471937,-0.2683460243066589,9.975607812784993
43980,-0.29952776241450757,0.03884844021962136,10.03867880104315
44000,0.1611072842546924,-0.050551780033876864,9.822825278621568
44020,-0.16071628597771845,0.1707745542963719,9.55986172257497
44040,0.11949696009817777,-0.2240298625417659,9.59604841384991
44060,-0.014437155831903463,0.08916107607380759,9.791700608530522
44080,0.06745899093955601,-0.27699427345798777,10.020006104855456
44100,-0.00921799342528162,-0.22228419613196848,9.551238962406922
44120,0.23982796194248304,0.20120706729355528,9.890333696878256
44140,0.024561083935968633,-0.1324127454768923,9.8189304468018
44160,-0.041534250332803745,-0.11631411311458617,10.188270941245266
44180,0.13396091011384761,-0.11357664239260666,9.874470804105481
44200,0.1712061943871441,0.37159168713596386,9.533693264732946
44220,0.04798475205178188,-0.05741499907916797,9.641799042439686
44240,-0.08242989171807628,-0.0024313710765121585,9.922315292506461
44260,-0.29586449886109023,0.23982057706738286,9.877322212658067
44280,0.06459965946257043,-0.3492753834831832,9.678938709864806
44300,-0.07970448705083005,-0.14585745138622827,9.940485331982988
44320,-0.05913251425233868,-0.028057334376949027,9.8210479419956
44340,0.06716465408107788,0.2227809906374634,9.919871515001871
44360,0.06556066746082528,0.19219416182122256,9.81952791955964
44380,0.28601756650707477,0.12743562234615097,9.884897938669559
44400,-0.007174270770364637,0.009255683451745003,9.92374974939335
44420,-0.17299602525534102,-0.2854780057600192,9.952650597143034
44440,0.13384755274818877,0.015684919397351456,9.777254567858217
44460,0.24147077346951132,-0.0880336711060516,10.21259888854207
44480,0.03067205803046633,-0.07291646669257631,9.577084189668696
44500,-0.2660749595290262,0.11536282762442551,9.934778251991613
44520,-0.1487671007425839,0.41138564508340425,9.800024087237714
44540,0.054442033911027796,-0.030902456940834933,9.803771230282624
44560,0.3103951308124956,-0.2219893874206587,9.68547102643417
44580,0.1322182067991798,0.08091500222791179,10.042100771469944
44600,0.1471314149999663,0.06164005288828993,9.728936088997678
44620,0.045600942190273906,-0.04069171061281566,9.945282293006048
44640,-0.3142282730906923,-0.1656491841088649,9.592442013765245
44660,0.0323069715689122,-0.09472586374979,9.791298640626508
44680,-0.04906514405292861,-0.04941850949079526,9.903442162344641
44700,-0.2773171362808089,0.23241846598593324,9.63175315398305
44720,0.069897902669787,0.008889461532642728,9.891449554020884
44740,0.05216561831253548,-0.0390199004610888,10.055116804650236
44760,-0.037644853802646025,-0.14797531724131124,9.505727618228855
44780,0.009273687518666786,0.13486186315289364,9.62491361554384
44800,0.14459909538949933,-0.01556900036597482,9.775423870138964
44820,-0.2527415855901687,-0.16056009064714297,9.870225732965157
44840,-0.017691990439014184,0.16921891433163042,9.588110375967801
44860,-0.18565684405795882,-0.007317222773710543,9.681271239461047
44880,0.08534839894904256,0.04967052997456936,9.498572403171085
44900,-0.2879698430846541,0.08751355828816046,9.906557764627363
44920,0.06084808585712032,0.11293086188932505,9.653645688738678
44940,-0.04718788453204563,-0.015036420796365605,9.844702601946992
44960,-0.09231317812688201,0.08261382978382802,9.585628015182111
44980,0.12434332843556427,0.19603715938376592,10.023169353971106
45000,0.18182435359290108,0.21768643995165085,9.73550819556553
45020,0.14854574076563348,-0.19707243331086846,9.66128605604466
45040,-0.001239112427418117,-0.0002595460508563514,9.876400972446373
45060,0.299301144529536,0.17712103585496694,9.89131277858108
45080,-0.04356266219149083,0.3775258965980948,9.998699535237082
45100,0.12705590262585112,0.03542214213997236,9.746648525272494
45120,-0.027574971033845843,-0.015963696384145794,10.021556181625273
45140,-0.20442863655293847,-0.25165507212448535,9.726868853946307
45160,0.05550200559922176,0.05877636932871854,9.71892938198044
45180,-0.07031863242498838,0.12289240057460184,9.585054606841366
45200,0.07144959974151137,0.2022277905901524,9.647634593966254
45220,0.2042740523221581,0.0813615445484948,9.549732740236946
45240,0.16254756739289491,0.2630892555809424,9.553107623095213
45260,0.16097495939565484,0.10541446054565431,9.774198639893587
45280,0.26704895462929107,0.2141798257775352,9.956502207645308
45300,-0.0891251312719904,0.23553113152654195,9.703136755432446
45320,-0.07695303550574306,-0.004194644954837781,9.952803311236266
45340,0.16893150067125573,0.08782115928076327,9.92494178699466
45360,0.12656242970817824,-0.4429348661816891,10.073985094477518
45380,-0.10690397296969813,-0.005339741010340544,9.904076902057511
45400,-0.1225170519904336,-0.12298680659440805,9.819640148143765
45420,0.0172258242915239,-0.1323606721140339,9.777439074549772
45440,0.23454988218079928,-0.08018921100085775,9.895953378921138
45460,-0.14132282599665355,0.14121725315730096,9.768088020706296
45480,-0.10320908175212519,0.030863653517075106,9.732253365216517
45500,-0.09802152081297484,-0.29365130392846267,9.803493463684966
45520,-0.28846915813056695,-0.047386979136017374,9.616415412384189
45540,0.21360614676605025,-0.08872690344964705,9.599125152613817
45560,0.1249294256003566,0.0880199097314112,9.792563715967269
45580,-0.130625525154763,0.0174564886381512,9.838624965196049
45600,0.054620081309403275,0.047349549965163405,10.049389497894623
45620,0.0870630499460777,-0.1079423642165198,9.904264228209678
45640,0.002490927885514036,-0.27187449731635566,9.74014662885945
45660,-0.19386630761611834,-0.15065150816881906,9.89052995414247
45680,0.22085585438774993,-0.043792917280463015,9.7422781187746
45700,-0.014303514732829127,0.03733192342753395,9.937593681191697
45720,0.163056601315234,0.26427318897049334,9.585917317877435
45740,-0.18849749421790524,-0.21652263386588486,9.95592765320663
45760,-0.29603767975519896,-0.1898345212541627,9.765482649216917
45780,0.14642845635093116,0.3420346701529765,9.449033987921732
45800,-0.23908328709114504,-0.11311473940489476,9.743776538660228
45820,0.025841948556269027,0.13305936377462704,9.820612916595374
45840,-0.13715507043370567,-0.1310877026350374,9.593541310115858
45860,0.06476510784437972,-0.07371700632467963,9.73342329441155
45880,-0.1958116549498285,-0.09403209285273827,9.962034428242147
45900,0.0831050294637161,-0.01129854563380627,9.948445086080296
45920,0.3477913735621867,0.009263687714634393,9.796126637629676
45940,-0.0007013651211926542,-0.03162913678320689,10.139906512298376
45960,0.21144439895072417,-0.03671466340337845,9.88281804410519
45980,0.22889667804505867,-0.16168718136581486,9.811234092178296
46000,-0.06484366168378866,0.05920556611263063,10.086989087149782
46020,0.10974504014049748,0.3267808797400044,9.876032338857586
46040,-0.03191647330121317,-0.04549566001001203,10.002482631713432
46060,-0.06148580625984722,-0.15551736225755777,9.67918200921191
46080,0.10578505784509648,0.1714815364671747,9.78571463274853
46100,0.038567112258092846,0.07086699700253508,9.863383707146166
46120,0.09196083776808568,-0.2377457585227863,9.725105964144328
46140,-0.053585649727127135,-0.052180889389833555,9.830334117194994
46160,0.07492665557467276,0.1115546113512783,9.977301845878221
46180,0.14690378794332015,-0.12961536782569866,9.981380541214044
46200,0.022906741895464884,-0.07189392943640908,9.811696218412775
46220,0.09809806000052465,0.04324452573855144,10.21508476397618
46240,-0.29912249125073986,-0.06178384573685536,9.82689800997636
46260,0.06303922144560495,-0.04580482056436725,9.535669447220313
46280,-0.3676450087859064,0.19572463803165133,9.714223048644467
46300,-0.10068876066325885,-0.13734054202241375,9.823523369800844
46320,0.029276148687305163,-0.10862450467565095,9.652624716411122
46340,-0.054535067784967105,-0.13083553754053304,9.676099390988092
46360,-0.20323858708586404,0.09977074769825074,9.673873893549558
46380,0.06644826026594616,-0.07543621222371957,9.790670263413846
46400,0.15488531715623247,0.14096506731416872,9.509679171515288
46420,-0.07067401536011587,0.07374401367527136,9.830648862657272
46440,0.10501368087539405,0.004103881177733869,9.82604704208981
46460,0.2386333361419546,0.10118917020692549,9.676317951967544
46480,-0.0951086401362603,-0.28552353172584605,9.757384645267537
46500,-0.11829766594684146,-0.13476495471673083,9.696072996556271
46520,0.2677772757223572,0.2424501637399169,9.547137390955328
46540,0.22629671845876284,0.23258853474290386,9.904388858216345
46560,0.09980823984319502,-0.2888052240619537,9.70414793767436
46580,-0.2487972036433869,0.14328215164211877,9.860116348147457
46600,0.35092236869416643,-0.18131674599359188,9.76382900817844
46620,0.010556155399008754,-0.00756066293988029,9.769387501211096
46640,0.1058423819491902,-0.15804485579307367,9.841595331194734
46660,-0.007868209474334822,0.022928200144687466,9.719580524452203
46680,-0.05285825430042785,-0.031930719555775845,9.716405080297697
46700,-0.21169828335880114,0.16262614210697587,9.774913680232004
46720,-0.17501312274074382,0.07167274780847552,9.85315924823105
46740,-0.12611645209535868,-0.10680043358540818,9.670731802445621
46760,-0.12220008474580019,0.04851044646601962,9.871562634504615
46780,-0.20324708812962297,-0.09447752411365658,9.843197585342086
46800,-0.042364718302555324,0.006255618129251485,9.882659453115712
46820,0.12543373142620373,0.14888062599854962,9.786577778732298
46840,-0.04552578813171239,0.0631383549764644,9.866868941742439
46860,0.0028518320543635504,0.30446177907186217,9.847042636732457
46880,0.25798763672969005,0.06502181150903753,9.949805447588357
46900,-0.37211275886988227,0.036553428506550426,10.153009535887033
46920,0.036001655331966406,0.23436359039763593,10.000795438424815
46940,0.12766332875043332,0.08873863260463495,9.860484524423056
46960,0.01891075404894638,0.011578109259912017,9.868575610194284
46980,-0.30888686729284914,-0.0010100467906258492,9.8995461894663
47000,-0.11815832350850114,-0.30725524073195637,9.92901435075828
47020,0.016106702524181775,-0.09798547038148729,9.880554093332531
47040,-0.07920247732879156,0.2173530821858536,9.726189069621581
47060,0.0643370687865498,0.1873028019120256,9.993688216049126
47080,-0.06425518459648757,0.12548719484151233,9.715209303969562
47100,-0.16630772803979912,-0.20363277632633375,9.81957339011281
47120,-0.12050026800967645,0.40233102819968874,9.4523678225108
47140,-0.18852399835832603,-0.4386867691770915,9.92228236126172
47160,-0.02331842534581895,0.3261770729987941,9.709522641816946
47180,0.103534125534782,-0.07516493270600119,9.809940687884424
47200,-0.05482039215774714,0.2892179839090829,9.78417334806179
47220,0.05303181702558103,-0.11760767779665282,9.831432740114137
47240,-0.08117328974431186,0.005578559749503225,9.768351410958358
47260,0.004845605831169367,0.16211474607338056,9.968646787797251
47280,0.009665829862797296,0.10592822765663554,10.045292748126165
47300,-0.25709041351128886,0.06742941791857884,9.573655255301679
47320,0.1463121960591572,-0.0989350579397537,9.583500228780757
47340,0.19211261883012073,-0.08722702977559657,9.766606638356441
47360,-0.12404767996130742,-0.0443727752056428,9.963767828882473
47380,-0.10391888481023374,0.0650946581447424,9.947528926133504
47400,-0.07000793424972696,0.09185148598935888,9.857357165999591
47420,-0.2184791199397806,0.05270015008270291,9.92025212006204
47440,-0.16661901571575696,0.1547567437620772,9.82454417416037
47460,-0.08226754506990154,-0.19395853970201188,9.888393853329784
47480,-0.24578771231782676,-0.15637722178411786,9.5654473880608
47500,-0.13926929776490413,-0.05220893175524487,9.551321016224154
47520,0.12742904497012744,-0.026445572702286507,9.806039518614782
47540,-0.04450812226464547,-0.19443894747290943,9.797139515602248
47560,-0.10053196984824905,-0.09042895830667765,10.065034095481717
47580,-0.03747576450853228,-0.18137814266544322,10.030707828884692
47600,0.23879502176879866,-0.18782919374444032,9.736166071691756
47620,0.10541261703999194,0.10841161393077176,9.60323382275513
47640,-0.2611168513418356,0.0046106960470932625,9.922972146057214
47660,0.04765674010024636,-0.0015750450279051053,9.758474862025526
47680,0.04434124929688346,0.12297862204139964,9.867509989253296
47700,-0.23525129832994715,0.08965879749834112,9.818419060326956
47720,0.15265559906904405,0.032443315536465664,9.841880701383236
47740,-0.01701072673625643,-0.49538861110940047,9.852843314723174
47760,-0.17016041802032558,-0.06093462214054334,9.83681054258701
47780,-0.018740890775652462,0.1637767226867339,9.680956713684656
47800,-0.1924923199203268,-0.056248579463133615,9.813643547594198
47820,0.08088454592931243,-0.03697019851744226,9.887459594615104
47840,-0.08430496428396794,0.1630387102302332,9.838402760471904
47860,-0.11879979896639757,0.07586123508188192,9.843225392533641
47880,-0.12935186486012823,0.18981498052310727,10.050967429261814
47900,0.017544433368887943,-0.138226710531586,9.70476769609126
47920,0.03374487764092089,0.15805777272869215,9.857021083320578
47940,-0.14252282368582117,0.08234943123768321,9.667765455206883
47960,-0.3371736347852764,-0.23658081600933772,9.81518959440408
47980,-0.11345359046542733,0.10731233494208663,10.058993382434148
48000,-0.0693476555005259,0.05805126204476343,9.679092235765703
48020,0.01713136008815878,-0.20329009359884712,9.954991412019282
48040,-0.0537040687667553,-0.156493891397609,9.865234160804594
48060,0.027096885827590924,-0.2003126380341063,9.822571703659575
48080,0.1371056285578024,0.4260561803578465,9.909269679242987
48100,-0.10842684854183657,-0.1505299729789953,9.7840556204484
48120,-0.06698458041058983,0.15170465347113776,9.907876272808045
48140,-0.07780707868980148,-0.0177866564611712,9.789170659201838
48160,-0.09356148899262841,-0.1386254289098965,9.493549920369473
48180,0.04420123192785535,-0.06154762621106229,9.662611160132325
48200,0.04196311478427745,-0.0738876279233274,9.834596576345339
48220,0.22503962307506487,-0.09458545644790849,9.813608377928304
48240,0.07045732927697929,-0.005034135063167452,9.635383610763578
48260,-0.02582303492515192,-0.20107646431738688,9.623391727849713
48280,-0.21117677384599565,-0.12309368024356729,9.811065657006612
48300,0.1591117225482937,-0.09889523624494984,9.715592979151964
48320,-0.057972294429828146,0.1872759879149212,9.571633112230806
48340,0.0008359655976642001,-0.21103398500830764,9.829227020261795
48360,0.37581632067044796,0.1914670914867219,9.875518637786852
48380,-0.05715576326474781,0.09930246351072954,10.191195444716456
48400,0.08620323711211315,-0.014834393205416085,9.730012512468504
48420,-0.04296493450177974,-0.23030985836520484,9.57834896016385
48440,0.1488728196199876,-0.14929913553528965,9.929869905341192
48460,0.09367392112584556,0.028463488498034005,9.869362487505317
48480,0.15686272281451455,0.04851289256660138,9.542182536970303
48500,-0.172310567442205,-0.11355065285823623,9.730913131608279
48520,0.07287146506632845,-0.11437208303946245,9.98722816855602
48540,0.03669733580689784,-0.38049422387111187,9.721642805164285
48560,0.06979431648990517,-0.10291114102738082,10.000190709532404
48580,-0.24277204219735526,0.13735205324694663,9.915966272036115
48600,0.025884415722383362,-0.12768242517479597,10.073866388910409
48620,0.04216239528817749,0.16605836660964798,9.963867000929671
48640,0.11863092320381166,0.10115356263175763,9.851951380628389
48660,0.15093680354075006,0.16825177917576917,9.756145327482923
48680,-0.15856398407457584,0.1789482255744779,9.768889532236924
48700,-0.23431317991293693,-0.057295533822432874,9.964346733462923
48720,0.2730223100771259,-0.3099784990169369,9.868328497454327
48740,-0.10397154667355499,0.015799040977264336,9.66813283225395
48760,0.1979106879768908,-0.08900384662404506,9.698840488543707
48780,0.22262859716693092,0.08054825832925037,9.509434051795624
48800,0.13051952400901876,-0.23992419816256833,9.845966378780199
48820,0.1819638366046325,0.30495974731254716,9.923504980051101
48840,-0.03952745587568185,-0.35106565199416123,9.781869508124034
48860,0.017325868831477485,0.10899853427970348,9.809797809702372
48880,0.12037033060334203,0.0466926085334558,9.887491531395023
48900,-0.08217586614278881,0.01514588592808732,9.569620875657833
48920,-0.1093371334223799,-0.1616367425639911,9.71413033766453
48940,-0.060287102636371395,-0.18162550568050215,9.88146708393375
48960,-0.2763982746409092,-0.17438073738129337,9.851365624758873
48980,0.09426126922191759,0.07487550893352309,9.728419172092206
49000,-0.011045654286224848,0.09422516589264443,9.655475531988523
49020,0.22748381124391975,-0.2204443170046289,9.794403786662947
49040,0.06479455356116845,0.009954616117807433,9.737562379058202
49060,0.2567650698163523,0.045010482240296606,9.666570018987752
49080,0.14918441127938395,-0.0968595863573273,9.735679290209294
49100,0.07852843125509006,-0.19456936128046395,9.743901402201228
49120,0.18858047799554603,-0.16706790076703862,9.690571079905155
49140,-0.2000717625196681,-0.04682410434869913,9.75881019078179
49160,0.1577924780359913,-0.35483639550743806,9.694835833507188
49180,-0.008081692344627849,-0.04866183382371077,9.70582427748284
49200,-0.17101547609844872,-0.2827842597088129,9.928437624309929
49220,-0.17695261601144222,0.16129199998117155,9.767777000537905
49240,0.12378375683301308,0.11077397856824218,9.695583867382268
49260,0.036940955296029726,0.05579317368486358,9.600527272710904
49280,-0.06874505124321341,-0.12225373953630891,9.815139030276788
49300,-0.32731548760778917,0.04339367028154155,9.922372453019284
49320,-0.011794100092193076,0.08183794569050344,9.656554559729598
49340,0.07949487027497858,0.3716249220685172,9.751759431303862
49360,-0.16329628318155814,0.05199425752965749,9.88850601787858
49380,-0.08901250044093,0.25740888364952513,9.882241936270804
49400,-0.14708152237227545,0.027625162664975524,9.721857572479053
49420,0.16066715698811543,-0.023732924631178525,9.57151897304906
49440,0.0020884973266678793,0.004696597280294431,9.533146881487397
49460,-0.06310450607631701,0.048100640570558316,9.882140726551334
49480,-0.17343871310095155,-0.10088289569844386,9.72607167682822
49500,0.27656347210751303,-0.06932564961034303,9.825437589890937
49520,-0.10012265633522709,0.12672205905862924,10.034482960538424
49540,0.12822257368889034,0.17873055135133217,10.034938410009168
49560,0.14540535009381228,-0.037014313125041005,9.715842284161107
49580,-0.048426119720075704,-0.12373716322311007,9.705742734022316
49600,0.08977522144064337,-0.10401256911346864,9.919056101562983
49620,-0.00633076077066957,0.007403093520046132,9.970940872130281
49640,-0.13905356811056493,-0.23757093860543754,9.666640522322764
49660,-0.12034509121643897,-0.31234043712243637,9.792921713615785
49680,-0.01845184436878328,0.14138490106737645,9.964191075521454
49700,0.18129134774429195,-0.04380590337636318,9.960460859703339
49720,-0.0511743469086895,-0.11257065308186835,9.897749390840678
49740,0.017472604254028506,0.04089294157235672,9.931046248584991
49760,0.1394068768782084,-0.22353056098827276,9.696006880110543
49780,0.16125605413777017,0.0973872883773619,9.926087980342436
49800,-0.18198344511164607,-0.0969520565400939,10.029807805868286
49820,0.4035071584249735,-0.23534746693190647,9.942408866358791
49840,0.14827810538295158,0.08988139801559182,9.84878101731882
49860,-0.046626993146661425,0.028780477729926215,9.573402157107305
49880,0.06242465763036076,0.05079691069955961,9.88104843308775
49900,0.2046876222453993,-0.05460314326347435,9.836504176725336
49920,-0.11060166720298292,-0.027992085924381644,9.784173065993853
49940,-0.037083988130558174,-0.09870720336818942,9.774719670730866
49960,-0.08231795393896944,0.145223513651795,10.129669309792078
49980,-0.20874007504277506,-0.06443654511538545,9.492505297197303
50000,-0.05583556038642861,-0.04929418347330408,9.768254701391486
50020,-0.03201106570663292,0.11983815854166696,10.016669783985632
50040,-0.178268885520428,0.1404000978459824,9.72890556114027
50060,-0.012381898892662191,-0.11860609036005841,9.735648898159917
50080,0.011882241553393865,0.030165281901595523,10.106590437278888
50100,-0.0509677074775649,-0.0653876590150987,9.769288305300257
50120,0.0957897894666435,0.27853676275373335,9.985788663721225
50140,-0.17224342266235534,-0.07329569761762096,9.722986697672797
50160,0.07954048895726612,-0.0982789587211294,9.865769326938565
50180,-0.5121901732810108,-0.20304405127679034,9.914609662461304
50200,0.33203248585363454,-0.06421139387343792,9.634521520712362
50220,-0.0009424128992528227,0.17258656569959135,9.918537017865106
50240,-0.07834535758156778,-0.035493027825471306,9.84595752618158
50260,0.091973792180005,0.07481207492559212,9.959902141014675
50280,-0.025695086526734055,-0.266483309921936,9.817100335053384
50300,-0.03541547867429378,0.005227123134000728,9.83015070702351
50320,-0.004455406231667171,0.02620667667372822,9.98126328327284
50340,0.08927900100353639,0.4569659695144323,9.846322815226976
50360,-0.17321962088426737,0.0747871872192788,9.656122951869067
50380,0.10831891977506405,0.21176180395725255,9.668972420440957
50400,-0.06876766587677148,-0.055505625534021184,9.641735679135387
50420,0.08688488045307043,-0.06168026598494803,9.889339357828879
50440,-0.1295923405412194,-0.011372626542392133,10.027551409884266
50460,-0.17121856615834255,-0.03642416111642321,9.818222816587308
50480,-0.01909927023388513,0.1364803874285837,9.854687708342263
50500,-0.16292814253959967,-0.06246758307302254,9.70338061579971
50520,-0.093434074726861,0.09857139606146077,9.518637080281069
50540,0.11613639262928835,0.04157212232241408,10.028142493362015
50560,0.10591634659966873,-0.13217908606834852,10.042298852907917
50580,-0.08805653417910711,0.07083205431978871,9.60634393582963
50600,-0.03901320373504649,-0.09891202860328686,9.812550475107551
50620,0.0592220191071192,0.04765134447254779,9.889602907446625
50640,-0.12065040868008778,-0.20726454173491635,9.749192144458146
50660,-0.25826564407886177,-0.10300041319531807,9.7846412712942
50680,-0.15383881379577105,-0.26087841608131973,9.858463907617825
50700,0.1581815275388524,0.034281102660280026,9.7280824902209
50720,0.25278096278959705,0.41929969382032417,9.893438530704419
50740,0.056735581444220695,-0.08692217126311864,9.772313665870463
50760,-0.19483445832858212,-0.22997204395490553,9.93514330844539
50780,0.05154498676374912,0.1169972411174154,9.50366102918125
50800,0.05957824979117983,-0.029445717430105028,9.719691222385002
50820,0.0660368350165119,0.0982577540831888,9.953859831492997
50840,0.26112207064413545,-0.25209552428910514,9.806560980532126
50860,0.1602681527408585,0.12210435247623257,9.760176317355882
50880,0.19160396140085614,0.15660840729508782,9.59969264350797
50900,-0.10217334713878742,-0.17457061937790505,9.980505683605633
50920,-0.04327309510082185,0.05439442731916976,9.921705715615676
50940,0.006763496480623565,-0.2562150693230446,9.902511570728937
50960,0.1257571268686317,0.24244328359433484,9.486091299635369
50980,-0.0008113526353004162,-0.20852033221899496,9.83734306369918
51000,0.1135058882940291,-0.2075159430900442,9.609556596981838
51020,0.1588858018756342,-0.03507330489776995,9.768854478895014
51040,0.06310251857470944,0.0827289682378673,9.942669665333682
51060,0.28339033533352176,-0.12652741566636272,9.712409330720261
51080,-0.028633589174519348,0.1425467898121337,9.63499528263126
51100,0.10813433384737892,0.18708671137163427,9.862320297161878
51120,-0.11837325779581945,-0.2960823755679669,9.531920972456957
51140,0.007240483703120168,0.1970035601114401,9.799338210902553
51160,0.132451259013506,-0.09995684858564394,9.84866176774322
51180,0.2482230246337898,0.2224780609977613,9.834413335277873
51200,0.043352620831406334,0.1965224076770011,9.866672792179118
51220,0.20321760253609059,-0.127755451051415,9.62446295398533
51240,0.2735966308720695,-0.2197446292399141,9.669550030607205
51260,0.00427067788107072,0.07304569830414714,9.948058276970727
51280,0.1968109018144291,0.10501175426217951,9.919009449993203
51300,0.22961403849681009,-0.11976886376115509,9.762154323476931
51320,-0.024785827686007286,-0.1675036378084355,9.7310441274966
51340,0.11910866729431666,0.10165694141635635,9.902316671309343
51360,-0.27047549558692535,0.03775196401134919,9.71535974775172
51380,-0.28942246020097145,-0.028137739064601767,9.857269662499428
51400,-0.17823016355920376,-0.045673418850506235,9.607935417681729
51420,0.048819698221978014,-0.06023006223946346,9.67446140828477
51440,0.1060339227187378,-0.1087193947398409,9.972803269227505
51460,-0.2678455575894588,-0.10577558299459018,9.871791713112893
51480,-0.03350274774836715,-0.05862966623850952,9.713864297161878
51500,-0.022501541188559338,0.18361178515502113,9.670777544869258
51520,-0.18826753263654783,0.12445745229239626,9.869427571003827
51540,-0.048824238005414806,0.2086813605614925,9.717961227206812
51560,0.15291416011604578,0.16489671930924543,9.671114383787003
51580,0.0010947414324327905,0.013040415736639324,9.757388012081444
51600,0.14942059710814698,-0.07632795611215915,9.575289289326427
51620,0.12457861876013954,0.27864921594371617,9.84590737941595
51640,0.08765361996373551,0.2880840708186436,9.829889817697184
51660,-0.016350655957667194,0.18817287461266816,9.971623471316452
51680,0.04959571429914409,0.1567240241126708,9.788433055171629
51700,-0.15430487429687026,0.2246303724000511,9.512785130948709
51720,0.18925212448091075,-0.14811105863055313,9.7543598162376
51740,0.27416135026056,0.11711194328637194,9.618268392231405
51760,-0.18435324393219255,-0.02233375766288722,9.727556432417398
51780,-0.1697486350317537,-0.17866823544804597,9.873708272564118
51800,-0.0038928351387183093,-0.0059888943220860365,9.68467273133041
51820,-0.19441135400004222,-0.08815349280159565,9.565390560708476
51840,0.08523621483707214,-0.28428553808897,9.778117253391157
51860,-0.18762661822270674,-0.10431945483228745,9.775528670156842
51880,0.35044020580878066,0.3222903162992687,9.838790378513394
51900,0.2935338426194935,-0.04651621121954593,9.824642505369447
51920,0.10690909343143148,0.28292757646007705,9.747269613784708
51940,-0.07318531374236117,-0.03990863329777103,9.729055558388524
51960,0.18227848535523647,-0.07063511096734376,9.759006127771903
51980,-0.06086098982048374,-0.18747468221169256,9.781723683262094
52000,-0.1403691125155566,-0.14490242996607625,10.028727421216535
52020,-0.296451129014318,-0.01886215144042941,9.892731221459995
52040,-0.13170627140501484,-0.05588822557000868,9.694977860095051
52060,0.23234473736594244,-0.1872546214527604,9.730428146553573
52080,0.2210817458993727,0.14681553486404045,9.656484704031602
52100,0.09109678835211411,0.18712696340542564,9.658730266123467
52120,-0.0035114301705021947,-0.1141186576696259,9.611945115681396
52140,-0.22226852305827358,-0.003527473852066673,9.92499241460962
52160,-0.09122515888250264,0.23861687151869607,9.797509825339503
52180,-0.07620865135809275,0.12260867949050136,9.420344561146031
52200,-0.02757909740713455,-0.12521693938725859,9.902124418504819
52220,-0.14034267736502729,-0.08775175766390658,9.610185096797744
52240,0.10675221815199798,-0.11007746885186565,9.875301301676418
52260,-0.10634121481732726,0.10360862337263106,9.976142910945581
52280,-0.089308683012614,0.1952902456745184,9.7389072581855
52300,0.08959126690855916,-0.21369230873171138,9.666271143038736
52320,0.06750975353616387,0.3535431960661861,9.791682103833814
52340,0.16571123537649665,-0.17090554202658173,9.934827750408756
52360,-0.11769748136593927,-0.09163600962474151,9.792415157249847
52380,0.12968255541207918,-0.2833142966815198,10.06150262590379
52400,-0.2559890473388817,-0.13563900313128155,9.591177888367467
52420,-0.040623172450590474,-0.05900750058728155,9.6362283334208
52440,-0.16190014053599885,0.10565533168421386,9.815682213217395
52460,-0.026464377380735652,-0.17588322108476825,9.681234828394496
52480,0.19797448218647026,-0.052805401313238395,9.625308306361902
52500,-0.3440931991234826,-0.24593999084352552,9.87054587149343
52520,0.19707683822467917,0.0416086041401444,9.782934429756752
52540,0.18448555785612455,-0.10067714554426743,9.74245704005775
52560,-0.06932690837278903,-0.029528638554821986,9.906414681523842
52580,-0.1292551553616656,-0.010943680266408802,9.855968864796397
52600,0.04207889751775034,0.20597374722503786,9.775847351928093
52620,-0.28712577551235813,-0.1644052776293128,9.656127454305556
52640,0.2007627767944221,0.06410062662395814,9.758246136953817
52660,0.2768454761016947,-0.36725315806876774,9.748682347246676
52680,-0.12057850741406939,0.06557597965979343,9.941556400694664
52700,-0.08851618623608357,0.10086214694296732,9.865827914417212
52720,0.09014122971737946,-0.05833866855452018,9.96521659714954
52740,-0.12401626942241496,-0.10027621475240249,9.860628753290992
52760,-0.10517143292949951,-0.278174596632616,9.881712742998818
52780,0.11123060556332587,0.09849718391285775,10.030119346909942
52800,-0.006510928498950414,-0.12071101760033368,10.071251171774009
52820,0.10066562375886105,0.21279699842595587,9.465107020228778
52840,0.22117622963960362,-0.030681157769986707,9.53848858436181
52860,-0.13390028174849894,-0.12075183548672543,10.009662900608083
52880,0.03089003755987605,0.06533930606770406,9.839527001903486
52900,-0.17829556326556134,-0.24695888706469732,10.079678794535065
52920,0.14983008649407564,-0.1933702061006565,9.845252540872067
52940,-0.02055202702651993,-0.19437847438776712,9.910872331549132
52960,0.02732694452699106,-0.1459262658661455,9.96479887396833
52980,0.21154623322975863,0.051433442368870465,9.877697146807094
53000,-0.22580133982317144,-0.032435010266041446,9.958868962492938
53020,0.05246851251107373,0.2230052328513057,9.807685103747326
53040,-0.16914407339699658,0.13517989226152072,9.799097731669056
53060,0.07379007547030143,-0.06091009321787271,9.912390726415131
53080,-0.28394583188569433,0.15891202807829002,9.827773274061471
53100,-0.07218308775097855,0.3514065696083703,9.726019401976393
53120,-0.06878864550223969,-0.3365174142962955,9.665101529815265
53140,0.18060361956048773,0.017174000876760277,9.914451306097243
53160,0.05908083489007905,-0.3886225852223198,10.121728024578914
53180,-0.18313477106920423,0.10439951855631861,9.966566234081796
53200,-0.10672141501249556,-0.10034633152220176,9.934893732777445
53220,0.16068399601714498,-0.07267358593472291,9.695789624263496
53240,-0.05187563487101263,-0.027325755095355696,9.62923737788067
53260,0.0276072748954782,0.3103299396254671,9.897186672394811
53280,-0.07638722857029495,-0.09444541865834849,9.907377522058514
53300,0.13014303220356563,-0.15648283063288967,9.621228391150591
53320,0.1596557455472938,0.24852462051507287,9.67472788400674
53340,0.33302753177462785,-0.01792833644998653,9.743078561748865
53360,-0.10128239646888766,0.047264142468280916,9.701721632582258
53380,-0.1003965026423425,0.12396826264712137,10.049245926056091
53400,0.021440019156606965,-0.34745079086839675,9.876002200230886
53420,-0.06034288288675724,-0.3694883146279863,9.819577453492013
53440,-0.23976744665179273,0.22733221676763699,9.582698388969824
53460,0.13570173926357212,-0.20870740157638154,10.036335558503657
53480,0.16431023310304763,0.26104617062877533,9.757736230497958
53500,-0.22074046688114643,0.08521772380579865,9.691989702927001
53520,-0.07388328945532568,-0.05540843061620735,9.625724435676196
53540,0.17258786444262061,-0.003089201946942933,9.946259462427232
53560,-0.32943473683557645,-0.08925252850486064,9.757524652766895
53580,0.019496288450241046,0.05496687698238912,9.818491932000986
53600,0.026797761808407594,0.08413772574381756,9.677943253512764
53620,-0.0934636591544392,0.22903932384778514,9.767779361950812
53640,0.04847439883369196,0.014803707640977017,9.85903903634101
53660,0.06683233452319617,-0.1429913265985424,9.845900231047564
53680,-0.21878889008152919,-0.1893749661735538,9.641343520763694
53700,0.15421573377771192,-0.2113881496285737,9.914346973827934
53720,-0.03377032338575753,0.09538445283639936,9.711317023956795
53740,0.22500463990897843,-0.0014442173067868945,9.62926835091236
53760,-0.2128618266186833,-0.33897010302414227,9.902990768574291
53780,-0.0748725690852611,-0.06637587454552589,9.853750647766239
53800,-0.11916538796496357,-0.023388496193484164,10.082576398568174
53820,-0.09128468558222785,-0.06813888433120607,9.882869792707789
53840,0.3280484750379306,0.2567628475581099,9.734543890016594
53860,-0.06685941535718487,-0.09578268020034174,9.926390622650183
53880,-0.003745823669316723,0.1336259889277751,9.682380431491499
53900,-0.022613085014010628,0.006854047582852062,9.778708099086616
53920,-0.07926534817392814,0.039182001321952896,9.693809452873229
53940,-0.09920511344002467,0.052711690829346666,9.755426884615472
53960,0.09999155713314159,-0.08128111852300908,9.950376657792958
53980,-0.11570786124505175,0.1330147359889238,9.681527688560598
54000,0.05511565075718772,-0.06445213345621337,9.791275484000414
54020,0.0946821472729707,-0.1224426729565661,10.00880797048924
54040,-0.03752073765887987,-0.3534923951758603,9.806201078191435
54060,0.042658477596269916,0.10224705821883548,9.705303105405138
54080,-0.12064220848559623,-0.21189481150181905,9.776068467068907
54100,-0.02453269729765926,-0.07012816223824664,9.650177501759439
54120,-0.2512480873259898,0.10659586361119747,9.818537106191753
54140,-0.13434082974965678,-0.13318429516432445,9.55282723980186
54160,0.03576422541626769,-0.06845078456993478,9.835130731450192
54180,0.20861559985303438,-0.04912340169493213,9.846677769950942
54200,0.07626872403420555,-0.017837055734018444,9.723166643102699
54220,0.06569773380112491,0.2607289957625959,9.683019293195997
54240,0.11217327780703192,0.10456322390905785,9.72576595880481
54260,-0.123959324583019,-0.2819836269692269,9.832195808388796
54280,-0.044547711158418796,-0.3129533469366248,9.61541423441969
54300,-0.06479653628632019,0.08045332953565802,9.89131046821239
54320,-0.2644987343398165,-0.21248785655537214,9.846453230804967
54340,-0.2088986806795817,-0.04537625056107888,9.887190342275245
54360,0.054535215323023654,-0.037405628363401236,9.845772501532975
54380,0.17471104835096507,-0.029264907774128508,9.891394464643946
54400,0.04995512456655548,0.10596720986452442,9.866758830817801
54420,-0.16932030400851142,0.11423787725545362,9.699687329771546
54440,0.14613072888381995,-0.02699237338680108,9.658117797528082
54460,-0.07882363065797954,-0.1563166138418761,9.583176885962525
54480,-0.20406769871978306,-0.3219290060769033,9.830038151818076
54500,0.09387667274725355,-0.1368012147553931,9.761311509877501
54520,0.10339770939031125,0.20535710458845938,9.76403461163702
54540,0.2719552395086417,-0.07559514951356526,9.656879491168242
54560,-0.06092967206006192,-0.15281467907895582,9.64455932004148
54580,0.19485988250522604,-0.009787122825787213,9.97223735049316
54600,-0.027259500635939207,0.0709713952753824,9.748694342869483
54620,0.08250755905371088,0.016165744843983275,9.679478049332563
54640,0.2461429267212854,-0.0089848489853742,9.930019597172688
54660,0.06331398502782754,-0.3498365683595948,9.672034594151956
54680,0.13402105803073916,-0.04372009055847682,9.714477770581203
54700,0.19280424660042456,0.12758315585340507,9.644135187644265
54720,0.18354020055125045,0.2524836004966661,9.529440816548677
54740,-0.08542130423755218,-0.24775594220012043,10.04142444122957
54760,0.24099172797405988,-0.25376963583184925,10.021944619516995
54780,-0.01903488500351181,-0.1396904843240025,9.773245559170254
54800,-0.0962498080333229,0.20801667055188341,9.753420734599604
54820,0.008821528820012168,0.08112011722923672,9.797092360760823
54840,0.28140170116365076,-0.12697252869981357,9.771706179634108
54860,-0.09075543337890389,-0.05651357969272128,9.951175407942817
54880,0.13212363959222245,-0.07198363141254827,9.40645030883833
54900,-0.04105469217776482,-0.18796209761019164,9.838214431469597
54920,0.34378897952044263,-0.1925197261923755,9.83627668642376
54940,-0.21191619864500516,0.11499800412228281,9.722189596635657
54960,-0.20211087053319013,-0.003517536812383809,9.3363689527888
54980,-0.22179755909485724,-0.07578581675938877,9.490033818376045
55000,-0.03191109773633509,0.10974812015181298,9.878212128476228
55020,0.05695656760028453,0.039663664490382375,9.595192571752946
55040,-0.20638318428822824,-0.17883902250816122,10.023244089901148
55060,-0.31114271925642795,-0.000532677194728614,10.061625853021368
55080,-0.07914974749697647,-0.034824050565975484,9.685157889407165
55100,0.1742100297624233,0.21204615796243992,9.805825434781285
55120,-0.2917957412516124,0.25526107919679336,9.64804772914622
55140,-0.13879212442223382,-0.005213153268284387,9.759064037973653
55160,0.14660831708039107,-0.26123640081593347,9.583716016199052
55180,-0.034544590606661735,-0.22814707780762628,9.807906476324897
55200,0.009387913815092117,-0.05974207376686367,9.664131830365937
55220,-0.20957214214587197,0.08358544899518339,9.514682009787734
55240,0.04328228747048512,0.03592210042127699,9.757859231516706
55260,0.04584148517662517,0.059815513101975894,10.014632772873338
55280,0.12796166878475107,-0.31346839642890933,9.924181765820672
55300,0.12579607216079733,-0.09283533826024291,9.692629546710418
55320,-0.016515341137455394,-0.10655143712344393,9.777655225544864
55340,0.0970498750418891,-0.014375495248804956,9.917700467477959
55360,-0.19084763715745065,-0.14188590484789382,9.849888512458534
55380,-0.06991828089463997,0.07897595243016993,9.796070802599631
55400,0.10598174483921163,-0.16008143264123356,9.790745418272104
55420,-0.2783816811809349,-0.15388178455689616,9.886724464271994
55440,-0.18987421672802698,0.06607173825683568,9.82948052888772
55460,-0.10341862841296914,0.10629984737720026,9.717621092364
55480,0.08063375443450864,-0.0192018945301353,9.988976509975473
55500,0.06183554763591681,-0.08644074955755719,9.639042380177806
55520,-0.16440687236111554,0.07695743909878551,9.812705271227356
55540,0.020521789724432783,-0.18848460605490727,9.759143249269089
55560,0.18630124192309835,0.15834593127290444,9.971186677774453
55580,0.19013070524449868,0.08714453869986995,9.976411093542659
55600,-0.27112124135892024,0.15390245568649993,10.07765502864654
55620,-0.0686382174012458,-0.17737616063061012,9.896343963873463
55640,0.14391833349729766,0.26720333383896283,9.775805449661433
55660,0.1731635012353279,-0.24920339798549138,9.387809319657432
55680,-0.05841752631539113,-0.05432020137476643,9.74571167261867
55700,-0.04916675500992321,-0.17429778103871016,9.85678542166578
55720,0.12134197154164329,0.15027473206674632,9.609467718796884
55740,0.2414772606582161,0.16150599578843716,9.51727043560316
55760,-0.071661295490545,-0.18886426573954207,9.889258451838385
55780,-0.22467461999862942,0.1979198490823931,9.908076970227308
55800,-0.05753190644877019,0.0915883287776903,9.594413604372177
55820,0.11457275426251151,0.08100400913507136,9.948663995966033
55840,-0.36051197339283486,-0.17344124070068825,9.618368649376679
55860,-0.15029807351904326,0.15618011933609824,9.792784228738006
55880,0.05796621396843834,0.09306015443323441,9.754565093270264
55900,-0.12469444762635049,-0.22836204954166917,9.8662705822808
55920,-0.04389957497145289,0.3424051207564542,9.883964483756104
55940,0.033445648525559465,-0.046657006196438915,9.827707443644444
55960,-0.004286657919461094,0.04298748550723996,9.61887686266245
55980,-0.0461566518736834,-0.12684460558184274,9.696046407204921
56000,-0.10033956804653099,0.17756875663754845,9.668937323705798
56020,0.15863347647080892,0.14322840474721107,9.894754714639046
56040,0.1870556015148889,-0.21065067182822114,9.980783305148364
56060,0.1812962039172112,-0.06276429978325049,10.01308517436531
56080,0.1681683460685162,-0.04460742649110414,9.892015897656586
56100,0.16305697506928932,0.074784180304445,9.777766562373564
56120,-0.11420866022512903,0.13616895111175728,9.965583365641862
56140,-0.00506671276544456,-0.2506675108815801,9.499027394582805
56160,0.2971502462419071,0.0636680415533414,9.716059750524593
56180,-0.20040238351728845,0.09206003385526292,9.76584622922615
56200,-0.13916410725898418,-0.06980154774530477,9.529344784493642
56220,-0.021105775736011384,-0.05136501776652552,9.796861657777525
56240,-0.08682146833200766,0.3383676119725554,9.730329999710598
56260,0.1818636271630755,-0.2402222608978788,9.875635454811002
56280,-0.06376353535485428,0.11167987473533227,9.79765130962454
56300,-0.09428837365651362,0.129276823122151,9.555546396065587
56320,-0.14592112827483275,0.13373722709389851,9.83797796390463
56340,-0.03584138926336592,-0.07677670004663074,9.67345546712541
56360,-0.06421658032722723,-0.03714306038469266,9.736954474979997
56380,-0.03616134051929233,0.048749968397896026,9.616923458590689
56400,-0.024045223748064226,-0.1996451327204324,9.799090261195193
56420,-0.012322798854053138,-0.14781279658727403,9.695087473440907
56440,0.06705067331096999,0.01738397212229216,9.583361428493292
56460,-0.06254609713949508,-0.025084982336163787,9.699248108615132
56480,0.2190282937239266,-0.12847665665274163,9.670340957456062
56500,-0.11814903054618629,-0.004096297260701045,9.84345102717375
56520,0.14783174034147584,0.052209966682817896,9.824137026045792
56540,0.07146399897952345,-0.31087689094391735,9.954582219027879
56560,0.0036315163592932596,0.07831852290654186,9.480087849536998
56580,-0.06377285181273488,-0.06709367236966025,9.632759817731952
56600,-0.04885609940724025,0.32629296369017524,9.878809672779756
56620,0.014392634397880612,0.043824246615752016,9.668420408406268
56640,0.2604236966301651,-0.010617284020450353,9.80695141557567
56660,0.19344845833359983,0.09310643785775331,9.819763543227264
56680,-0.16470041103585228,0.09629098851841997,9.812730497250687
56700,0.12707289801470148,-0.02045302677568427,9.88533270458803
56720,-0.06508489469371684,-0.09141449358499275,9.845419514638728
56740,0.00509812210184929,0.09829706804843126,9.41376017785304
56760,0.17551054422690046,0.004741989056420014,9.902896792896817
56780,-0.04742000248323182,0.11444089775514632,9.592827991455998
56800,0.06615898790383459,-0.00780395207546651,9.818409677253651
56820,0.12036800302187863,0.043868093504647605,9.861927263296678
56840,-0.055434064745768744,-0.016511344944496454,9.802377230492572
56860,-0.14919237177211395,-0.031292314611948584,9.757403231886355
56880,0.03663863607617693,-0.1807128306601524,9.588470431601802
56900,-0.015466883322585603,-0.1392050123195078,10.061231836126682
56920,-0.15518720933056168,0.04789542010025494,9.77169994755744
56940,0.22715079746982142,0.09635024141816129,9.754544493270183
56960,0.306429272772332,-0.13307009649648366,9.794827535638683
56980,0.14033221848414038,0.024862736835206227,9.966155464417945
57000,-0.18321576768946796,0.2072570209364537,10.009261663237565
57020,0.20251732918543813,-0.14508450304995868,9.598994390374228
57040,-0.017162523649018345,-0.059455154271531044,9.736716239437413
57060,-0.10372504160601506,0.08790652174669174,10.127531463341322
57080,-0.15423364959877428,0.1036346626103062,9.844843187834321
57100,0.08366922452872678,0.0041478103132913105,9.727286681610687
57120,0.1741105327861582,-0.13082555294081386,9.713096872888139
57140,-0.033712592786470326,-0.06982858567237815,9.916811230063953
57160,0.25732836642400053,-0.0022489508029593535,9.838395183535564
57180,-0.2152088106079503,0.27273048453413656,9.752092556560042
57200,-0.20331654716493872,0.09598626143509499,9.676389148958593
57220,-0.00816939934947126,-0.015940229370639106,9.712901657753077
57240,0.206653533355587,0.12718846152557245,9.920035952444126
57260,-0.025212997356604473,-0.25751155138987486,9.900038867982571
57280,-0.07346651616562125,0.2244902884208184,9.83950396765597
57300,0.06605955143613168,0.15448950563364147,9.616734880110753
57320,0.08527779865450127,-0.055991082431368,9.981160186612676
57340,-0.12583755846039293,-0.0913685726753532,9.769400665936475
57360,-0.13905995425144865,-0.17159079495678267,9.791795746864626
57380,-0.04982931831119418,-0.14237482692399525,9.932981083075726
57400,0.11525003611796154,0.012852814367722485,9.827766384987648
57420,-0.12135668019369317,-0.37433109837324696,10.113023611482628
57440,0.09567388236313823,0.3258992274905907,9.873063079080348
57460,0.06738029802207333,0.11322025702929331,9.800822932238642
57480,0.1740486812158365,0.3761482708379395,9.758735460791545
57500,-0.027788379779663985,-0.00774818583995272,9.902015507173969
57520,0.09550803527998838,0.1872593825684975,9.86466383598496
57540,-0.0564290981844745,0.02311596338041495,9.752926004362761
57560,-0.13421164034543148,-0.0010253512912094401,9.868791637755303
57580,-0.024212672216530087,-0.028476987888099332,9.485160845813104
57600,0.3018315125420092,-0.14769433411370275,9.955715069858046
57620,-0.20633512872193932,0.13251822904939353,10.043016328019888
57640,-0.030078892999049388,0.09218515867142052,10.137893009657803
57660,0.009039287369446914,0.11902749659847013,10.029921938415235
57680,0.04050512007530751,0.022166928948699073,9.704058350740613
57700,0.183578678654195,0.021331827246961137,9.957485347963448
57720,0.02971219251935991,-0.062060225377955566,9.805160529123333
57740,0.012807050814762638,0.2331527713417824,9.798204098621502
57760,0.0707569947582275,-0.07055977416881573,9.786259526027727
57780,0.02024795028189783,-0.11897532019831789,9.796037914428476
57800,0.1249146690137968,0.1166058647896067,9.75599566492543
57820,0.0898239474298627,0.007121815090391314,9.647406359104826
57840,-0.0003638683933904025,-0.05464387185837462,9.669073189207344
57860,0.173000569339953,-0.0019153128629101077,9.687555828738383
57880,0.32226320596757174,-0.052120367030754566,9.769600634848842
57900,-0.06087979758367244,0.1084540926050004,9.801135560601873
57920,-0.04220304618968141,-0.16909660009304636,9.975284283893581
57940,-0.05402313038721304,-0.03447407859471249,9.785970113500206
57960,-0.23186140906838737,0.021891506688285035,9.62574859012813
57980,0.07872727656515045,0.1493423073483207,9.689586791265695
58000,-0.11920012329690652,-0.30962134716738676,9.751040843812314
58020,-0.049815904743711094,0.009489745011100092,9.779352171328929
58040,-0.225141552154246,0.0822089892309628,10.037542718131368
58060,-0.24491414181871993,-0.20707160756516887,9.649847943756853
58080,-0.24629285155092703,-0.01111515292817405,9.909276890021188
58100,-0.009242061810127615,-0.030410231147943324,9.909665290454212
58120,0.34275108826504136,-0.23808650311509133,9.746703198085221
58140,0.038207360192415336,-0.06143638765348075,9.561461157872865
58160,-0.021345914430534945,-0.0011697112533295367,9.876614169494996
58180,-0.07496907746543487,-0.023581592838659,9.89847561164034
58200,-0.005888292611674172,0.051762561971291636,9.664190437253627
58220,-0.05219054774430626,-0.04387089864825166,9.737211947005429
58240,0.17283804997144508,-0.2690915236436004,9.677159537594632
58260,0.11170670500771464,-0.12258879798941597,10.021293765110993
58280,0.10930066577961035,0.0157296704221335,9.726676318724303
58300,0.13753629006654572,-0.04795818501307949,9.705619464650617
58320,-0.26056478320032095,-0.00967850649898128,9.97591935370894
58340,-0.06654578747014268,-0.09031795817185906,9.667181736151193
58360,0.14843725673914523,-0.13667780964864612,9.455010157621997
58380,-0.053243380189830644,0.023011488485127744,9.847348867661037
58400,-0.15855861970849552,0.15768576004469523,9.775014278435354
58420,-0.042673433902314754,-0.13460583209440868,9.976343089352474
58440,-0.06568657248849682,-0.01836004411538752,9.951606951157096
58460,0.1351189339256625,0.026639268388865343,10.009660629689506
58480,0.07735600192877054,0.08370913408666684,9.684691440571227
58500,0.011040080687370783,-0.13902876751477788,9.828082447143357
58520,-0.06550622021151539,0.16921340382404124,9.758367140509181
58540,0.14084632774603328,-0.06896121765922632,9.976703319034735
58560,-0.002511398521919519,-0.13219072239702112,9.810183447982208
58580,-0.02959421639564552,-0.08091084975412846,9.861508071382707
58600,0.0009582958100298151,0.08108975491578942,9.918504577379966
58620,-0.09850229280942346,0.11741701092651106,9.97784624017213
58640,0.12112761231307981,0.3072434141903437,10.11108822705188
58660,0.12837553502305538,0.1579827539030917,9.898405042634046
58680,-0.15160105019727715,0.043663612853197635,9.7441192407161
58700,0.15040901242919774,-0.11287033988846369,9.847010298760168
58720,0.07229290045161005,-0.11899539559128675,9.827325712624509
58740,0.03628707065285701,0.11768334038158851,9.658045068796124
58760,0.03599529615772504,-0.07716357144574106,9.908528235473764
58780,-0.07570076194648415,-0.031825626895429865,9.646556537864823
58800,0.009193544773151678,-0.10447607238266317,9.551340890594764
58820,-0.18277351168531022,-0.26058073498797996,9.764301351012708
58840,0.025339969158699793,-0.031197015568938263,9.452576945258738
58860,0.014443071949767064,-0.040177872117894836,10.04102966277392
58880,-0.1257374126746168,-0.033502925925408815,9.925176816553872
58900,-0.009181033308806978,-0.09740732455292495,9.916184340384728
58920,-0.16286498973048413,0.15366280159927959,9.732449203189132
58940,0.030842031463050583,0.07341365579694765,9.806311666869838
58960,0.03530891803248656,-0.30375424980183763,9.609843820266581
58980,0.2075341143439436,-0.1823500396929334,9.77550005209831
59000,0.12932244594086956,-0.3967429550311818,9.681149687194186
59020,-0.003739823655959993,0.16353921720460224,9.694474410808956
59040,-0.21470647877067567,0.1071824670534751,9.996379863464274
59060,0.2970340295577194,-0.03792232477450211,9.90801456310749
59080,0.18220023663627188,0.020390737216071233,9.704387863412272
59100,-0.03904648863590985,-0.014656800162361573,10.144267734274882
59120,-0.03164715243190789,-0.23048053022465423,9.509781290997232
59140,-0.15621164911094418,0.09338044956633548,10.060372196742238
59160,-0.12055660428230211,0.1336026557960337,9.733480094321356
59180,-0.1634174183387834,0.024601435274794435,9.555423863550839
59200,-0.14848276926292683,0.08620842550806523,9.732464627088774
59220,-0.2857333961141901,0.07057394446095658,9.890353755120609
59240,0.11102789060224015,0.2359938335578154,9.97858920145638
59260,0.12353982220441559,-0.2250840425398317,9.808599267628715
59280,0.2234990977687618,-0.28312200652503317,9.720166220585796
59300,-0.015306481428254911,0.06701392597403379,10.066958866387779
59320,-0.18211998235909407,0.1855311842523939,9.68621432567274
59340,0.15161068104045006,-0.1748135035451482,9.734993953128066
59360,0.19927881695171829,0.09422810199205282,9.835469513583941
59380,-0.2054328147940719,0.12119568604654757,9.84016372802449
59400,-0.24565934248779275,-0.26670533940019775,9.652092852659928
59420,-0.21713880838416308,-0.08666884834603072,10.023776846109175
59440,-0.04587986721253536,-0.11832833542011514,9.876879600000562
59460,-0.2019195946423226,0.028824797106600665,9.793035356197173
59480,0.1976425246091229,0.011183814941084011,9.686692206862874
59500,-0.08737350245553031,0.21778017868384364,9.638758500553902
59520,-0.10763460192279095,-0.10018797475152531,9.820984115101139
59540,0.19764455986334573,0.13461540515073922,10.072339750989315
59560,-0.13367471201373868,0.12401943082021004,9.74966013181987
59580,0.10387256497984769,-0.06752863937732737,10.062070803083394
59600,-0.08644428148599609,0.199425352842747,9.932239894324756
59620,-0.04597125829830933,0.016824150629271374,9.688945990843198
59640,-0.30854936500600977,-0.11871589163072685,9.834211390255682
59660,-0.1011611560582421,0.10927609267561698,9.950521600792618
59680,0.10562602391805878,-0.20843107650197168,9.77482472235874
59700,0.08890415631946205,0.03983312554924725,9.730115977022338
59720,0.004598547984317585,-0.1951109684107152,9.937350424537172
59740,0.107087618984934,0.09555599366877651,9.728954165042579
59760,0.19016669729536712,-0.031750154525799226,9.627424979315768
59780,-0.08149348476676006,-0.14342660959323666,9.608252978517864
59800,0.24540341337176147,-0.11108446060446021,10.08099267177063
59820,-0.10651707407089749,0.15098286670866964,10.022118065098939
59840,-0.2700762810453174,-0.3019673755718365,9.821007647866258
59860,-0.07557918758603288,0.24845495811467253,9.804710098203383
59880,-0.057780893641609224,-0.11229117002675805,9.732235781139938
59900,-0.013332584626350188,-0.05920315388765954,9.467218320548929
59920,0.05920819035347966,0.1680148284862782,9.348058684906087
59940,0.03616477756639262,0.15469098393386108,9.780241251656735
59960,-0.2739183400251667,-0.09747946124705689,9.830331480476328
59980,-0.007172155776825833,0.003393817735679002,9.691763536646455
