t_ms,ax,ay,az
0,0.28919254657885596,0.1682794603818104,9.541420332944416
20,0.020461027928056357,0.36804370963576893,9.860221004138184
40,0.06535055555281752,-0.3909679766554428,9.757706082384153
60,0.2272924789284928,-0.04289325087449461,9.977318019688582
80,0.1648487871535938,0.03053944708553466,9.774507385542075
100,0.11579130208896765,0.1654555359155518,9.86472937178369
120,-0.07583411674414606,0.16056521810600918,9.760084602603058
140,-0.20377471016797277,-0.14580944952601702,9.749928012047173
160,0.07523377923865361,0.03190057816386212,9.473617896144587
180,-0.10239190190977031,0.17522429855114754,10.079347562334386
200,0.16544697309981493,-0.16153407086134847,9.825495475154582
220,0.04225088961015505,0.013502497621707877,9.77463515790418
240,-0.14905887033262563,-0.054775867637080616,10.037884180331131
260,0.05354505256823203,-0.0005778973692741211,9.36924879317058
280,0.14183609496089247,-0.39449834268102446,9.794604338846877
300,0.035504023256272985,0.1339145900556776,9.676179605910292
320,-0.15651381958941588,-0.025378300183368913,10.142692593990168
340,0.05246579993462065,0.15817397585995654,9.754446404023886
360,0.0714003409442618,0.18811148981952552,9.978146735137639
380,0.1648574751952885,0.16465072393638028,9.53525261333344
400,0.1444068845318408,0.1712150075232301,9.914292448059765
420,-0.18165150259353452,0.17618895294847728,9.893728656488415
440,-0.0995542712405918,0.3070725284117339,10.192660008728886
460,0.12114262559066657,-0.07749913743720259,10.147646459691117
480,-0.3395357204168519,-0.36041799608237873,9.677440848147144
500,0.15544576219647335,-0.002035119466514107,10.11896324785598
520,-0.16788997766699953,0.021113138777654243,9.80349027529083
540,-0.08435512877688667,0.16000010531372247,10.079116451490323
560,0.28866798684983136,0.0631679138107411,9.831475600715313
580,-0.012896577565378396,-0.05632562723214577,9.821805979088486
600,-0.06037582901619301,0.21501714157175322,9.841674580161769
620,0.056282620635440664,-0.030013056539092777,9.880659146509538
640,-0.018788980097864533,-0.26764106642085855,9.895677407014931
660,-0.12518180419887165,-0.41315664987419115,9.911074189626612
680,0.04997150907395049,-0.1149299546060786,10.217256242447315
700,0.42736596678601385,0.4371352262528596,9.97909490396459
720,0.18392614714735256,-0.005630896495800744,9.77628335991137
740,0.08758114672384563,-0.10168119176747314,9.819460073199254
760,0.05145684123009336,0.022470744604332432,10.053034496035616
780,0.15955781395580584,-0.3253050543482486,10.07393946587981
800,0.12481762635663314,0.32997642711893965,9.408478722774854
820,-0.1713471194261187,-0.2324221208578887,9.997913580565609
840,0.10141159514032216,-0.2054713336643349,9.9634664524283
860,0.010447584297946724,-0.09484024928961034,9.819559557649955
880,0.34317133640864933,0.2691630887472897,9.71442723940088
900,-0.04221520656999265,0.2176806954134658,10.347449880960804
920,0.25035235955039276,0.13664096342538484,9.950647877472887
940,-0.23113696823418312,0.11007658478147185,10.213307768262885
960,0.06258253498524582,-0.38587094245394415,9.487349108788472
980,-0.14228815435247727,0.30522134372785303,9.646084571581543
1000,-0.17547576130811332,0.09240310623262692,9.932666406240227
1020,0.15706454495773,-0.09984178332190807,9.954832808091505
1040,-0.19662856012303026,-0.20178616972141739,9.83143402065255
1060,-0.02762192366665786,0.10774131805921167,9.726653827356344
1080,-0.14039679723942067,-0.2325481054132423,9.709050616204712
1100,0.07918417350832924,-0.07844060918075882,9.769766282276928
1120,0.05552373417291831,0.3880182612113264,9.722346387570758
1140,-0.4329562175346306,-0.09849720125724064,9.408376835945687
1160,0.14025753337432587,0.04847284100849088,9.362323862746885
1180,-0.1218776392853515,-0.016197253554725483,9.742059185985719
1200,0.40156085118374457,0.27241591862518966,9.812159772139385
1220,0.17684845246262454,-0.10666450932594085,9.977083379179339
1240,0.19133030037695253,0.2059698636218079,10.035528879790379
1260,-0.47051066184816115,0.23232493706305354,10.095918553672242
1280,0.3507425589933568,0.13126636248008203,9.626350527432464
1300,0.013416621849013205,-0.03977161711053537,9.845472308943306
1320,-0.2600665493938731,0.18183942780692347,10.013548116735807
1340,0.06644671520605121,-0.14233103626510593,9.773860585702879
1360,0.25973905249889745,-0.4417291398782019,9.935380622201988
1380,-0.30846277238476094,0.13765161580238292,10.079353957743356
1400,0.21383024377682563,-0.17306664432379243,9.73487170243328
1420,-0.058837558152425265,0.0020417454225479434,9.526504990380356
1440,-0.10620842277501086,0.06316824417244642,9.56511141562973
1460,-0.07798393196344132,0.2929978996664513,9.52585690807571
1480,-0.15722610251464186,-0.2507482838300291,10.17011042156207
1500,0.043866600829389174,0.2516444366319595,9.508046211136921
1520,0.053437494690329435,0.07883107118625458,9.734370741238662
1540,0.2081557246591781,-0.0679760868942042,9.937299437617579
1560,0.278224431395713,-0.050533966073404435,9.604412708145869
1580,-0.05850331925894001,0.0198918647985997,9.914885313898028
1600,0.21477510671778555,0.20524516344861488,10.020429637778074
1620,-0.22294848472029907,0.0902777670851545,9.72645828027694
1640,0.1285675933397906,-0.1710825540187737,9.827118677985105
1660,-0.2103923885862339,-0.1733998421304103,10.124239456383371
1680,-0.10597302943602274,0.002275418643339648,9.83892757832049
1700,0.12185066992993228,-0.26476571076970745,9.903244438309798
1720,-0.14035632851365662,0.41307428757712916,9.896985822054003
1740,0.09921931299119092,0.3625877129593904,9.70989117254562
1760,-0.28050711558723296,-0.021467936886691123,9.939640875024729
1780,-0.1351991504663679,0.1553435952571281,9.949270217830305
1800,0.10697999112119241,-0.3550488880843657,9.82086219496747
1820,0.29518171803626153,0.5624721496385305,9.55177735389307
1840,-0.22238692988590275,-0.21907295322673473,9.73414470378344
1860,0.3092144586416088,-0.26040892483825767,9.85916679629677
1880,0.05364317560447234,0.5901507939514418,10.148861702909878
1900,0.44227589186257604,-0.047224352681717874,9.687488100707357
1920,-0.056702958929373264,0.19062551300160768,9.57138818225313
1940,-0.09619684428829649,-0.17495004250142468,9.68822698803584
1960,0.0651554344716931,0.03814502454581453,9.864326652247906
1980,-0.2079935504803519,0.17162666535801824,9.651000671243898
2000,0.026400160776997333,0.12940234324116415,10.422336399597251
2020,-0.010550973122009364,0.05214625945351681,9.917944182841545
2040,0.25917415901932345,0.058470971244871474,9.974205752109597
2060,0.06817249988567256,0.09124647128832628,9.537635710203418
2080,-0.24185660125018102,0.16634508452539254,9.65756451623971
2100,-0.2529833924513515,0.34163852496661096,9.809215441141836
2120,-0.1845554546094593,-0.06337763740083956,9.658810312151783
2140,-0.39901900132501633,-0.01641011674625012,9.92107133485376
2160,-0.41594691397968026,-0.09800491491140853,9.511721870782731
2180,0.4129786362949488,-0.022834093153077644,9.66388719687046
2200,-0.1604759035164457,-0.012536229812382638,9.410891186457397
2220,0.25238778173073595,0.09524412959245379,10.043968134874584
2240,-0.14297278028967927,-0.04101667629839634,9.98290089022196
2260,-0.07748260977864811,0.4449848232174475,9.625726859407404
2280,-0.33159392530352033,0.16645738698409204,10.060727052150762
2300,0.2485044482020524,0.11328463885395353,9.679198286374962
2320,-0.07491710818141986,0.19891750046779122,9.695990305938198
2340,0.3277916070906715,-0.0033566637477500695,10.038494999037354
2360,-0.1353384855758549,0.34079744439206855,10.074850463800509
2380,0.2534572508663692,-0.1758379872074547,10.316296834186135
2400,0.2931406587858405,-0.18764838861222707,9.96219028014577
2420,-0.29222615144958325,0.12249314764075442,9.261985193844037
2440,0.09102121164868741,0.06335487738111308,9.992060192231454
2460,-0.2002217707218189,-0.03658614516256577,9.911627810179086
2480,-0.22484343898449533,-0.12721515046145407,9.933401175568084
2500,0.024902024228104003,-0.1041405481215261,9.942696579286226
2520,0.16054114533705954,0.4406657768804597,9.8943859527101
2540,0.26621838437869483,0.17513579183964034,9.640648096989375
2560,-0.06599573215125595,-0.4775372875971826,9.755000629530313
2580,0.19569466992404816,0.15295417002412992,9.963823766673478
2600,0.11129730411589256,0.20208777336129052,9.978308965187646
2620,-0.0015168088693019162,0.20222219313650658,9.435033438417157
2640,-0.18554556349543905,-0.09656191290261275,9.298650102964721
2660,0.008272656902725295,0.10347089950636004,9.74183415117792
2680,0.6926713082782288,0.27666029630935607,9.700779936466914
2700,-0.18383877183200892,0.06405599714427093,9.61340724875993
2720,-0.033697035459361514,-0.07405487715481728,10.068825117672127
2740,-0.17626390846220694,0.0012756527135500183,9.845962658825101
2760,0.27079891286679064,0.17899064398745346,9.955107810453043
2780,0.3556197466409897,-0.19749387270080332,9.708153756414937
2800,0.2638488105586639,0.17503299439449105,9.631982647168506
2820,0.39047661444252374,-0.16047294418924385,9.295765202867159
2840,-0.015898042790027107,0.023952389065740196,9.52555698423961
2860,0.3300448767097139,-0.09683340447570958,9.819234507313734
2880,-0.16389678610476296,0.03394279323949818,9.905254709263804
2900,0.30596131456462716,-0.20217438727787818,10.038262767808002
2920,0.29309962297954106,-0.08212793666449597,9.6353946459275
2940,-0.12474482563751704,-0.0008285487591578111,9.550356908185167
2960,0.18527150631672956,-0.22403550100751662,10.001674453971164
2980,-0.21506720720893086,-0.2042994122048296,10.046426863331627
3000,-0.2792809630006542,0.281874084103836,9.430926300016672
3020,-0.2775375870638345,0.11393243266512779,9.41094354960726
3040,-0.220844431239065,0.007644551422951779,9.466893143964763
3060,-0.22843233346530312,0.034215565650246846,9.614555332607084
3080,-0.024633185491370113,-0.0730280175195522,9.921826630771408
3100,0.3428226819607794,0.12866793079581093,9.74790803337099
3120,-0.05353680406359993,0.06530539765938818,9.849530989559803
3140,-0.17168541409456237,-0.1481790603743722,9.622787223753267
3160,0.13188822275319215,-0.03218800701114865,10.078038907607514
3180,-0.05262455886105079,0.006976634405776324,9.648614130902898
3200,0.01459689775037963,0.04370261030192197,9.945831900312491
3220,0.07500582571814605,-0.27156040203612414,9.671846559154236
3240,0.08304603305136135,0.14458121760814188,9.720615115672452
3260,-0.1402726871413387,-0.025994764588598337,9.899878530988815
3280,-0.05295768263183703,0.11935800298241786,9.75286507747451
3300,0.18164665192256005,-0.08683025385279394,10.171032902586976
3320,-0.07877476842662816,-0.2500733061318278,9.522164523649051
3340,-0.051959256125826817,-0.3130480562855442,9.711627758510216
3360,0.05692487675834771,-0.41377154324537085,9.551016000621406
3380,0.07986427318851615,-0.17240794255784503,10.07288584667506
3400,-0.06717792103888945,0.08488714616858994,10.140323651513695
3420,0.10795567388719385,0.3295851258704907,9.850371479032768
3440,-0.005363914438645666,-0.027870492213533334,9.579832675317533
3460,-0.26538829794768865,-0.2534150507664745,10.02117530519536
3480,0.1253204458009913,0.04096335323766315,9.97531198698773
3500,-0.17748855008432798,-0.02198226788085688,9.38430098826956
3520,0.6077547438619595,0.10056710837703929,9.767298291993965
3540,0.05416289747688078,-0.2392893440743844,9.82245856791332
3560,-0.05967312512275259,0.03822819410367913,9.70661435019382
3580,0.1664868355324219,-0.13313305004148737,9.886560339076008
3600,0.289252291611588,0.18375269257897958,9.943001619139537
3620,0.2994479008015884,-0.12329333501622362,10.045551953887568
3640,0.05784351812836355,0.056432760098068226,10.102421678249403
3660,0.21123133912606185,0.08633950829471199,9.668929556870276
3680,0.13825730314443407,0.27536431205509554,9.495368414269233
3700,0.015766128172301514,-0.053487571007524715,9.97151764923934
3720,-0.30438278700344623,-0.08537722262865016,9.503217106189009
3740,0.0025097940784849946,-0.2056901758788243,10.067372042987678
3760,-0.5154975377843706,-0.3348376223595216,9.886725314689109
3780,-0.17911812097832164,0.050069908663842505,9.996705984393035
3800,0.27027493111169615,0.1352092255493088,9.983339224619156
3820,0.033812721424847016,0.2051746339151424,10.035254776561777
3840,-0.010541534382965151,0.09391467601932836,9.920069317069554
3860,-0.17644827366713203,0.5446834925402037,10.022306930362097
3880,-0.17282120507750087,0.31888908635229934,9.643547194563233
3900,-0.13891645690568807,0.15262146152056597,9.548833243340791
3920,-0.28018508004903037,0.11797142403368176,9.80802557585683
3940,-0.45623882461773074,0.16651887476614335,9.908504674833775
3960,0.2039319910560641,-0.22007875440273397,9.388519604871279
3980,0.32837807157694715,0.06549862058940681,9.671510950955922
4000,-0.1298947647671447,-0.0631824141792956,9.785730220470626
4019,0.1509775465804054,-0.024337034923889507,9.841830108746242
4040,-0.24892852058839177,-0.00251282690066392,9.91191119842139
4059,0.0674741916181033,0.06741975227372048,9.64345208435793
4080,-0.27970768517390004,-0.15304917091933778,10.014029199125407
4100,0.1792915069167017,-0.17557398851856518,9.838041742171287
4120,0.007876902292463083,-0.16407731612330612,9.802139249566864
4140,-0.257860501232314,0.20635613006816791,9.310603484878108
4160,0.10687522013283915,-0.06938079548112587,9.763398144080005
4180,0.3273062294169038,-0.17977632455143916,9.724586238818432
4200,-0.0017764965170932315,0.21769444698494533,10.069894711092427
4220,-0.011134482629537278,0.06025787651639989,9.778546894828597
4240,-0.0008001353736435655,0.02989887468104857,9.642650960164987
4260,0.022078672877986205,0.030735701443997877,9.878819226025657
4280,0.24701804556781826,-0.3368331391586597,9.797888076726766
4300,0.25525207019150153,-0.15468484695670967,9.976693026484003
4320,-0.4249494429796863,-0.23908861426471903,9.74172515010064
4340,0.2386414324052698,-0.19567554563946943,10.030324765111153
4360,-0.043779964141252355,0.04480705601510831,9.534568425283004
4380,0.33036509114838475,0.5210800205825257,9.916217465808568
4400,0.08905525623328187,0.2605388301972057,9.925454100975458
4420,0.18952158858249124,0.30191504197521263,9.762224942064861
4440,-0.10600610772432635,-0.23368875763457556,10.130093084122358
4460,-0.2711184602964007,0.21669539746768374,10.013607702950829
4480,0.04490885994891377,0.007494629375477048,9.994940663873974
4500,0.18983753938305165,-0.20255413689726828,9.690921028279439
4520,0.14415759746378343,-0.1266239015840885,9.76994190050931
4540,0.1534991524132583,0.15097002382450084,10.171401952945432
4560,0.04200022922186891,0.6373451605339875,9.725017298470995
4580,0.14064266924158295,0.0009594712571704139,9.667321813988945
4600,-0.1685358379625365,-0.019692718089653134,9.858325412653908
4620,-0.03210391252075083,0.2183830940211352,9.85063063319358
4640,-0.3151451289247334,-0.12885482281525407,9.973566070903798
4660,-0.014335304692636809,0.20015632502770836,10.019014174099143
4680,-0.06566361796532984,0.2327630015332679,10.262704281075775
4700,0.007126370632950363,0.3104883315107313,9.661278396285264
4720,0.20529478801247342,0.03212925750579273,9.971806344272554
4740,0.009092108004636798,-0.06871800283575016,9.838496404684102
4760,-0.585237027990627,-0.2842685496690986,10.054189391561875
4780,0.27095224704251425,0.3922305794393181,9.604203885551604
4800,0.027064656085858535,-0.4734805659389143,9.73783560547928
4820,0.151997922426918,0.07057711829404732,9.688566483307689
4840,-0.16220638914376723,0.07123165229999705,9.70203206965045
4860,0.16211840512163064,-0.02237433905949585,9.726279119003264
4880,0.30358547419091336,0.25417172239126534,9.652504196775183
4900,-0.3275605267460585,0.47413334238257754,10.039947633321574
4920,0.24266351077182044,0.030858452803001757,10.1774347268979
4940,-0.19097542581840324,0.18997059198725838,10.235685246832896
4960,-0.1578649901949555,0.19258524380713643,10.134273026894077
4980,-0.0033145062789056105,-0.0024296934875143936,9.702929878946096
5000,0.41444996088923675,0.053897696912356435,9.990406642259888
5020,-0.36590644897188546,0.06227271494694822,9.96277710536952
5040,-0.13167835889786225,-0.11556335057088818,9.883009021128295
5060,0.004712614178216959,0.16428007663634345,9.845835243662975
5080,0.1269493597734603,0.18233264652515802,10.051201144786571
5100,-0.02642165310932883,-0.016798395897961678,9.906522014206562
5120,0.08244642266267499,0.26716483095009097,9.764599930180651
5140,-0.21120055549367367,-0.2672234889554476,9.563520493180112
5160,0.15132319112034953,-0.2412609131967321,9.666142001452297
5180,0.20784143150791717,0.33578246119472727,9.984727696002048
5200,-0.22467314816536044,-0.21567792963755733,9.937709311473562
5220,-0.16163529751072056,0.23215774577942028,9.470900900291758
5240,0.07612343244901763,-0.1905098223947017,9.78181633130993
5260,0.06337384339839823,0.1341618071560686,9.742076429058008
5280,0.10282358307042538,0.06906178818400184,9.809545268132329
5300,-0.24855184801670652,-0.03244813107199847,9.851283864462992
5320,-0.08218232989086582,0.014648927939515319,9.586574206632191
5340,-0.10173405809838117,-0.03731390019807306,10.010999861830328
5360,0.26965494779947563,-0.32827528812214135,9.774558490468038
5380,-0.02197986670295237,0.13887275441783972,10.075428443660652
5400,-0.10444153686572975,-0.1795781145072557,9.846316937462264
5420,-0.1853193242695228,0.2834734688205818,9.875790747041394
5440,-0.002782685926709051,0.19485372290982542,9.861943908994721
5460,0.23712596522610876,-0.17824129812453188,9.779113136849487
5480,-0.3154025300270722,0.2308021417107654,10.211768633581723
5500,0.02034020738263752,-0.009166501352084666,9.793084505504083
5520,0.09970941607887786,-0.4284240625459548,10.088917169087946
5540,0.3980496445775231,0.15284387584485035,9.84416493360208
5560,0.1343328543538052,-0.07634503284285343,9.599342980081717
5580,0.2700062040654419,-0.11622546025443355,9.703103787287326
5600,0.006181764695056014,0.08582828852410669,9.910973146503071
5620,-0.2829497196025012,0.1959227479634963,10.055822926783556
5640,-0.2895666418953299,-0.012958147852696273,9.515760194205722
5660,-0.14784793091978948,0.04086435061244599,9.890185963607
5680,0.024389127708940046,-0.37276577868840644,9.759663478800814
5700,-0.06092513378169892,-0.02322139294432477,9.583528837394262
5720,-0.09719100176367752,-0.0934288060876301,9.830668193079221
5740,0.3618700994039701,-0.03107509916921789,9.769256087586866
5760,-0.4860197840215432,0.1889238529336119,9.483713322332466
5780,-0.21469865269883212,0.11757691358178966,9.928608544830308
5800,0.47956326666377924,0.22169914326541026,9.70024575308887
5820,0.05909504511207158,-0.19648359277737115,9.694190585296768
5840,-0.13848592465963624,-0.21515700002238966,10.001606775607968
5860,-0.22972612982805246,0.14382932263389975,9.980575368066196
5880,0.1592900757067832,-0.14180952199572308,9.517233548482391
5900,0.13787897323247203,0.2402248458920412,10.401114709296754
5920,0.16037598915360396,-0.25099980742050243,9.796125146477536
5940,-0.26472478418453954,0.06510348346112775,10.037622010123052
5960,0.02397840899755927,0.04826029899838116,9.49575055882242
5980,-0.04772589366491921,-0.5308327812005164,9.576235322914535
6000,0.08612852603041127,0.01284280645907526,9.903634308734048
6020,-0.32945437472485495,0.23691989768093055,10.193541411996978
6040,0.11671244306495694,0.032571149850216516,9.8834094844969
6060,0.3065875950849175,0.061175939392660555,9.654893961804786
6080,-0.27971465042191784,0.059839125496806006,9.710060243694159
6100,0.1735249307132093,-0.020505079207590482,9.71468737972601
6120,0.33503414700615375,0.03746579307778999,10.025937905264533
6140,0.17624577715256073,-0.1749667646834063,9.78455915779417
6160,-0.01220260761036788,0.1361315263786857,9.992705075815755
6180,0.02403808376342825,0.018925188937057438,9.828125598779572
6200,-0.10931677642699328,-0.11728457017308291,9.789259742088264
6220,0.042615356252883235,-0.1524436234559564,9.811336307937708
6240,-0.21212857559381237,-0.03257372107718124,9.792571805927226
6260,0.009300038276148512,-0.000748562727373662,9.792322494804349
6280,-0.17162651166408674,-0.2523167635506263,9.737955609256728
6300,-0.2949242188728163,-0.12135528592503456,9.381954708069724
6320,0.30198118291718834,0.5380595578685026,9.948420475859615
6340,-0.3763623693199194,0.11746087648044574,9.656996922942941
6360,0.36017766090267095,-0.10633731752961584,9.97556879652578
6380,-0.44205445273811983,-0.13450633248232158,9.55061567005659
6400,0.18850734308612424,-0.19357833734380203,9.902990457392288
6420,0.037165323920659285,-0.06744225459991869,9.525647262641415
6440,-0.3283360098146373,0.01878467408715447,9.943274448763159
6460,-0.10359419765701622,0.10259742290476044,9.954615631393922
6480,-0.20729186946009226,0.3205033378689023,9.32628455066595
6500,-0.19375417003624051,0.13932663387637587,9.409759211694693
6520,0.17778018953365138,-0.4197864363548952,9.795823506932026
6540,-0.23903641044791457,-0.3177199924202376,9.611439892963562
6560,-0.3905767390783229,-0.38444343661606767,10.17839327440807
6580,0.22524022439512953,-0.1211735205430198,9.509440914347458
6600,0.07827861526059186,0.040164487987817465,9.788104696647626
6620,-0.0002461283059890777,0.014193285830107927,9.816614257107654
6640,-0.05811772990833652,-0.4313136789584653,10.01232588683064
6660,0.14045459162532775,0.03519645833355825,9.448088586224838
6680,0.07474148403482092,-0.4415338032406389,9.871219780415407
6700,-0.023793688624803588,0.008516452332171286,9.999632532540465
6720,-0.12034103669113448,0.12149590980785785,10.003874872982504
6740,0.218003154353405,0.045072864814094116,9.849525889704571
6760,0.29454184712246284,0.18034662847740568,9.780167231968393
6780,0.0949953912956067,-0.15718770330728582,9.764827433681411
6800,0.6071626162011556,-0.11483389448084949,10.040577618689163
6820,0.0458435327569214,-0.11320623602707572,9.895061842907083
6840,0.037647593339814406,-0.03210184937707287,9.550121765845393
6860,0.3083303410559953,-0.3232623473746688,9.839426764751693
6880,0.059913113316733074,0.11260229509840236,9.900298096704951
6900,0.05325801868904807,0.2961075998274855,9.716358818010042
6920,-0.07226915451207348,0.019491696703324738,9.568073265148602
6940,0.09751050917726697,-0.18128091145379327,9.950462272568673
6960,-0.34141410080084067,-0.05394623002002592,9.358022031453702
6980,-0.14796605135553073,-0.23337760104037644,9.557859232818243
7000,-0.2192590092658493,-0.009115110324226326,9.330809187028873
7020,-0.4436634396153405,-0.26737658713910656,9.657474730657169
7040,0.22161205775958065,-0.05479768977833045,10.136088663442637
7060,-0.0671936144263863,-0.06538731835212162,9.486116722817458
7080,-0.1788637823754506,-0.5134874007844769,9.880894463027568
7100,0.07708441797912771,0.325490664719605,9.844477219149065
7120,-0.2528560052592832,0.34616988042923835,9.657045624215575
7140,0.1824145887472499,-0.06322826435687028,9.575679935584633
7160,0.28606069112764215,0.2730988917821748,9.926027496525851
7180,-0.290516942145525,0.06383570561772378,9.3127399212457
7200,0.24137991546448415,0.12160191271883725,9.908690558780625
7220,0.041738242257217256,0.1368347851145541,9.75302737415249
7240,0.23056475925035538,-0.32518465067014285,10.055361077581143
7260,0.040562602326273484,0.0972225745558953,9.285149396605227
7280,-0.17133795052589867,-0.00046196646718975836,10.049370040738001
7300,-0.32387423507520785,0.20640076566653975,9.753471715989154
7320,-0.22552704396130624,0.2932069550972834,9.691244214340905
7340,-0.10169995155030516,-0.11256586606470483,9.542219693081277
7360,0.21451658188879064,-0.37788750014558514,10.060383305550188
7380,0.12949853629830185,-0.08150490807025303,9.708756144431375
7400,0.061864304624535654,-0.3834869018797273,9.887151778070777
7420,0.29847399028257543,0.1514970308241397,9.816773596624431
7440,-0.3732896252264783,-0.06641773232070385,9.64141521161547
7460,-0.23801715456653239,0.25482037052867396,9.996828916000391
7480,-0.2317496045405274,-0.08664947096170095,10.066619995971934
7500,0.014371113888445704,0.36517540513053137,9.889543870855043
7520,-0.3374386108810636,-0.430263252321868,9.732135729477063
7540,-0.11795097811776645,0.0704977911874784,10.157700257375458
7560,0.27822177136946674,-0.14253426642181785,9.544972799822657
7580,0.20368321911540643,-0.046002641869756125,9.659694128173756
7600,0.31520808899956104,0.3574349012847906,9.688648152505626
7620,-0.1138830343478316,-0.14362137474587597,10.119986894998837
7640,-0.2078947505984685,0.015841341814440992,9.803707489141802
7660,0.05601162117050418,-0.00025673336907993034,9.680071601883528
7680,-0.18600095035656064,0.20860361700655639,9.760669985677403
7700,-0.01661168822122913,-0.11008427375269843,9.858780434532097
7720,-0.025808818717895077,-0.12054705818082237,9.643357871148027
7740,0.11024055569428969,-0.26394722204091536,9.940156329480727
7760,0.29377656788473855,0.0957938229177311,9.65909016768646
7780,0.2834586740389745,0.11736995982968362,9.744217248841045
7800,0.1921943256558979,-0.5233683464603647,9.731194425106509
7820,-0.03926999603897979,-0.12448687172007725,9.731089855462574
7840,0.13655802055227265,0.07094485539130214,9.948460327820904
7860,-0.07442446029229781,-0.07612488677388889,9.967652204562407
7880,-0.18240510022347822,-0.046430451422868384,9.761528620006256
7900,-0.3061333586672277,-0.17835877810118678,9.840039353325382
7920,-0.11359175122446837,0.1889499916102621,9.785246633111734
7940,0.10486390755379765,0.6079251260593097,9.856196928359823
7960,0.14232645551929932,-0.14917682628888213,9.713150492666536
7980,0.01206181995632591,-0.1400754928191724,9.9546235405993
8000,0.12163308018222851,-0.055990497683657485,9.7466739000056
8020,-0.1107758411864037,0.2046175454452313,9.94619112474782
8039,0.3419213378670279,0.2898821596657578,9.736449597321615
8060,0.03485686502194708,0.06391844320690872,9.938969627577697
8080,-0.06046395431010685,0.0345890726843209,9.79252108342625
8100,0.13946577521068773,0.22063786837250873,9.709879475293814
8119,-0.02644441507026243,-0.14232533730682304,9.765437820029957
8140,0.07318709962971938,0.13786800705747937,9.74980574354838
8160,0.3062665043053877,-0.19628526450707073,9.974239307766917
8180,-0.1580022000619308,-0.04011416516973479,9.723040593216501
8200,-0.05016430357358007,0.2463460579261718,9.92585284679017
8220,-0.029697842879791304,-0.14202711462362147,9.880288879220071
8240,0.016664061638643927,-0.09118053360066593,10.173719254211122
8260,0.39191229103355857,-0.2578629170573317,9.64383593339231
8280,0.19229058956147438,-0.350579144082114,9.944481504527152
8300,0.2738499912583337,0.15700263135856674,9.871328208452383
8320,-0.508217294376339,-0.15138140954953913,9.919519819634882
8340,0.1119392707429851,0.10539507388335599,9.550536220902453
8360,0.0679895442452699,-0.06477634090264282,9.543876146896782
8380,0.12151551297400559,-0.13245175551089536,9.712682475232956
8400,0.016603834395263625,0.24571012321055094,9.965955751923506
8420,-0.12153794044503925,-0.1809748589981959,9.764215551636497
8440,0.15699788069730847,0.1070291317640785,9.650528271345188
8460,-0.026779882926210655,-0.2856480630862457,9.898864248372849
8480,0.011749223140082256,-0.03403875200694094,9.328448600243124
8500,-0.10817181597670543,0.025557644488739463,10.11021646981335
8520,-0.028681412502277334,0.22956400622333512,9.761736257120694
8540,0.11949363518178933,-0.018549401684759045,9.725099879104118
8560,0.17760147615818284,0.016634049524454495,9.80756028507691
8580,0.005317371489432819,0.27263735523813576,9.76777086780809
8600,0.02940407239497202,-0.08498897028115981,9.768930719945361
8620,-0.02864848440299353,0.22064496828949395,9.908789027813693
8640,0.1920870784836143,0.30420050467288334,10.23183125049297
8660,-0.07586629582667702,0.1315263378562263,10.24203854747327
8680,-0.04740810722124511,0.06953266348690311,9.619938913280523
8700,0.03328768769546789,0.03844501101632021,9.627612052260762
8720,-0.07501434057432613,0.1752827806349876,9.63138774173758
8740,0.07068623482842527,-0.14909964747450408,9.921729124302672
8760,0.3438757144542942,-0.15833435015065428,10.144308838571
8780,0.010040945990799103,-0.2260286153794457,9.986421142211324
8800,0.3093286506509845,-0.14151796012332016,9.883593267469495
8820,0.20083677250948667,-0.08799836425324777,9.912477593234023
8840,0.05004613046476182,0.35002921952306965,9.720383119180218
8860,0.1539327636904623,0.106602147149401,9.939451456239096
8880,0.3059193158076958,0.09321322116106553,9.734889937715618
8900,-0.1566544444921089,-0.12674167412962636,10.03895200328837
8920,0.15736096728633395,0.20387089547150417,9.58344732690963
8940,0.2657791209910402,0.10910181709372185,9.292017836958928
8960,-0.13396600771935793,0.029732442499561897,9.92999730457818
8980,0.2866953997333371,-0.08743008876649942,9.933170414284337
9000,0.1491133183064732,-0.20329446355229958,10.015819277989237
9020,-0.14733411784753636,0.05271703826568043,9.802778048589438
9040,0.1085324790935232,-0.008343158775195293,9.57136529552559
9060,-0.2703381620853813,-0.1823203844503526,10.205618402774197
9080,-0.23172575527325284,0.004929740882833965,9.733984783442164
9100,-0.289958485913102,-0.030749889655330327,9.701931838670637
9120,0.0655139857963998,0.186030581182726,9.767767648778996
9140,-0.06378436142175761,-0.1727207121529033,9.897586453147072
9160,-0.14192467284120952,-0.10766286940745735,9.680954466234612
9180,-0.09632981092191634,-0.13564147837894777,9.916330741194681
9200,-0.007890243083091684,0.09197575402734559,9.660026997596802
9220,-0.0586848916711033,0.09845774945441325,9.903484671136454
9240,-0.09246746020913933,-0.2566066481953662,9.632655799468779
9260,0.040025239623337816,-0.03429319550842524,9.918872742432216
9280,-0.1843929123449481,-0.07184582971058452,9.775727754883196
9300,-0.10167940963389806,0.06450511798374961,9.8222703287681
9320,0.24084350290869883,-0.20692677185112998,9.553192495790428
9340,0.07731708192235853,0.08225877713280444,9.856818580085099
9360,-0.35692772806415857,0.0789116061790391,9.651304963697628
9380,0.31948843826303186,-0.1642145341768666,9.800360181712756
9400,-0.16494038416669476,0.34165508009813444,10.110672758472052
9420,0.34020688000717253,-0.16191683274857605,9.991030211939743
9440,0.027056084989646165,-0.014451459556923616,9.895031649946283
9460,0.20206631916710924,0.14189410009265882,9.804377263605241
9480,-0.3504261317446009,0.09408811909416087,9.8994319406349
9500,-0.1502132462916305,-0.23235416682266163,10.093142024164282
9520,-0.12484389895535915,0.023579381468104704,9.433883144165973
9540,-0.10901192287177663,-0.2320511170736865,10.156064562406705
9560,-0.15405349207152075,-0.04343537167519016,9.826179463284388
9580,-0.12394299613109519,-0.2892489036581157,10.020222021138856
9600,-0.021825524159522935,0.3782097944719502,9.792253665664633
9620,-0.1206675141375217,0.33145175907984215,9.694500509024554
9640,-0.027924854636440656,0.07519532239794931,9.572764275202696
9660,0.06825569948753443,-0.21994431475270143,9.774582792789001
9680,-0.3541083715420805,-0.13551530093344846,9.255886532532
9700,-0.046283484395325016,0.5507521426383668,9.742492303913522
9720,-0.19375818316569307,-0.06466245600712185,9.793478169722787
9740,-0.01897064522225754,-0.11252893925786385,9.904387289496682
9760,0.12260544625474751,0.2539858052591547,9.806302955613667
9780,-0.27961301610639794,-0.33846018165780645,10.364680432440153
9800,-0.07707121718224114,-0.4216692314045199,9.821444939897612
9820,0.18445474288748454,0.13278600088975115,9.92884926738086
9840,0.20989876293747428,-0.3128230273808419,9.952293213217281
9860,-0.10505876990666943,0.08772396901633216,9.835633916229234
9880,0.17917964427300231,0.2168887868365805,9.92282490471014
9900,0.05966066365741745,-0.05687030723031248,9.78198185587591
9920,0.011653314252912774,0.3205959987058389,9.681982075682543
9940,-0.09981989008792246,-0.13869188341020275,9.620917674792791
9960,0.05501845718225662,-0.27168573143660296,9.552448792612102
9980,0.13635253348955184,-0.03244968733267822,9.683392256556296
10000,-0.13203509353094156,0.008763185193488761,9.778892150691256
10020,0.09423829013567687,-0.18997682712200648,9.75157395415881
10040,-0.22976629162766835,0.2297519772008667,10.048477725090958
10060,-0.23517752865260927,-0.2804936752767175,9.953620019902475
10080,0.11002070325630522,0.059296429274850376,9.799856072763937
10100,-0.04346530520059179,0.36129115700012265,10.00544753930038
10120,-0.16119949605682848,0.22481198574383576,9.758204724374764
10140,0.06978064732019264,0.2766214445209722,9.892551644296871
10160,0.14171319458448092,0.26583090129814585,9.504418321276082
10180,0.010341287886999732,0.10595743489139664,9.583670558880774
10200,0.29369209347578235,0.19120788775011063,9.585096375379303
10220,-0.13621421657438415,0.023819197348320702,9.791605235022882
10240,-0.12948802640734464,-0.592208118130399,9.963773649963235
10260,0.18407009114715903,0.0363453793017939,9.741418903108197
10280,-0.19946800325129743,-0.5067658472432982,9.96988807481156
10300,0.14258030816435469,-0.33003923765912685,10.19160343492411
10320,-0.32029718593335377,-0.01938520388507429,9.710635145964034
10340,-0.19730147599443607,0.20759921508185575,9.890643258199303
10360,-0.03437958112451412,-0.2824880359746566,10.01579455562157
10380,-0.08055779391339268,-0.46922643696190924,9.968725956718517
10400,0.3040444240529493,-0.2490961478547813,9.798664272568427
10420,-0.18988445878037577,-0.33692411671869543,9.924026473326037
10440,-0.006207824999237399,0.025655731223420297,9.666040141143213
10460,0.031388560675620285,-0.32603858484950377,9.43145024801213
10480,-0.02083476067752846,0.04812736452760536,10.004526761080907
10500,0.22612965121003703,0.23431719648160196,9.922369971249607
10520,-0.11279704501000205,0.06152879149661209,9.856531349725426
10540,-0.10239312789160793,-0.0016984833149333379,9.85286827692008
10560,-0.19574227831565605,0.2689192517929634,9.733421543723788
10580,0.17487966013772382,0.08553209834280064,9.74510162634501
10600,0.05224929740890321,0.11629597657054913,10.135071342800838
10620,0.05529040477931733,0.0931582060852244,9.58322475303945
10640,0.04305369769265248,-0.5488784939237428,10.121997857608074
10660,-0.21992591546291088,-0.15408286908891206,9.52730572348704
10680,0.09965077447329658,0.31524019775934664,9.83852287903281
10700,0.0642421542127052,-0.19700539226573985,9.493277166266944
10720,0.2849723628205597,0.1432366604365901,10.245037377941411
10740,0.08509526270156563,-0.1307248209626419,10.03861623340868
10760,-0.15404495493575024,0.009869327888939424,9.672212880426889
10780,-0.058980227475858904,-0.3366622422715473,9.555640965040014
10800,0.3573284901647695,-0.22080068509861994,9.601363643615962
10820,-0.23565247838325962,-0.00479807567703672,10.129439483214702
10840,-0.2671418465109396,0.037436826357906856,9.751191856741206
10860,0.04905475422658076,-0.2742157603970367,9.723372427572123
10880,0.2875423587113188,-0.35751967111528776,9.857997837376974
10900,0.01630061444534794,0.137320925805119,9.63665070139044
10920,-0.22911000583420185,0.13000269426478447,9.87620605691815
10940,0.43513856220276503,0.14659106381272202,9.857516096168025
10960,-0.14836374386699713,0.30715839440195525,9.746539991993076
10980,0.16490895405804643,0.22391314726652875,9.768046973940546
11000,0.28797820668374874,0.14802732760634738,10.10453701278663
11020,0.02127057416100657,0.1604653946196477,9.889373334159506
11040,0.12196623140186702,0.003368961983077678,9.909144143462125
11060,0.29480856210167117,0.012973462832098792,9.9836387604804
11080,-0.25106978790241313,0.1255466567468274,9.528118269360274
11100,0.15807041203659927,0.19258206061364708,9.568900740394398
11120,0.23634173136723696,0.38334626259263055,9.712052580826533
11140,0.2511988228255137,0.0872747763423756,9.76131097063525
11160,-0.07956943792160602,0.12260138620892003,9.59014198828057
11180,0.09231336332231452,0.25038740886096816,10.027682960624649
11200,-0.11073756325442828,0.06253544058029592,9.944176833673014
11220,-0.11574373324474492,-0.12959414179355092,9.838076643474889
11240,-0.18182792267506978,-0.02471973706791131,9.944119564514539
11260,0.12659929865259087,0.00258911547493677,9.915024769257622
11280,0.04154946512618585,-0.09677157727457242,10.16440663326687
11300,0.22700373407052332,-0.18316450916622995,9.596863666260033
11320,-0.4676744360587301,0.21313551395556676,9.972433223511619
11340,-0.17322950559211459,0.30775088743758333,10.013179413752768
11360,0.0677774701958853,-0.17786094804012775,9.880610921879725
11380,0.34601726789099296,0.41789809034957837,9.645533259599798
11400,-0.13784104779588796,-0.30573806103991963,9.631463010544515
11420,-0.3456634240663296,0.10459311843154187,9.461843406024965
11440,-0.11082588490028476,0.10400922029207385,9.755955270386039
11460,-0.010021351576810614,-0.1582127376610234,9.65968589868657
11480,0.1669367270385153,0.2435622296095788,10.1782547630648
11500,0.22976633467492602,-0.003970681656735027,10.014106551854574
11520,0.14804440724397036,0.015971056304655864,9.69366945417723
11540,-0.011299332988975506,-0.21172485915903416,9.976006296611176
11560,0.421252439981413,-0.43966501446693596,9.472995656257275
11580,-0.12858056068182597,-0.22384129565380506,9.837868757413629
11600,0.008048347957187422,0.22612049543271456,9.640705471560706
11620,0.125373204140257,-0.32409632180799536,9.77248078173148
11640,-0.09256891025419965,-0.12133637673337244,9.970301764525287
11660,-0.03622708877658307,-0.11244434286316388,9.919075259657403
11680,0.13605956047621268,-0.2805425778484767,9.54398682609809
11700,-0.16885947358024003,-0.04082203949024302,9.424389515943341
11720,-0.02710567068461718,0.015572271589569552,9.949415728008047
11740,-0.020559318163401372,0.01037824012775621,9.949543934249258
11760,0.4584024449221984,0.1915074703875056,10.074416474305282
11780,0.1735202524118681,0.09815989011865583,9.963706532959577
11800,-0.12309047650165045,0.41454666001895957,9.689370606941505
11820,0.1616889943436875,0.3191279474356222,9.917222636418598
11840,-0.1943829714083678,0.059711438811244744,9.679471236507428
11860,0.0978329957059502,0.07476273496300787,9.938215851167815
11880,-0.3090603258547421,-0.012979824334680616,9.820126201945364
11900,0.15873132955874295,0.1363315330372374,9.97994250332623
11920,-0.016218996603551413,-0.06925776792497831,9.545775837039908
11940,-0.2455038774209395,0.0430492734087253,9.632629415354723
11960,0.0986957510405893,0.2129745465634978,9.835096082257882
11980,0.18285961651932672,0.2628133175049054,9.78760034500974
12000,0.09326585852318867,0.20567631420955085,9.834012271871314
12020,0.0516084416460729,-0.0519816216169236,9.951250144181468
12040,-0.24057613092457833,0.04062693201683318,9.522979056748813
12060,0.17591731973765962,-0.24666062068683525,9.810885016189069
12080,-0.40854554968726886,-0.36675095861918416,9.97615068398872
12100,-0.0947798656966966,0.03259053581232745,9.502590149217024
12120,0.4048135396343535,0.32611280930667985,9.881661757687711
12140,-0.25503966978482584,-0.4884056733438256,9.799945139695012
12160,-0.33274390903761786,-0.21750375335754113,9.96565071382524
12180,-0.16604819954050365,0.22214721988037495,9.811661878796164
12200,0.08913990105802438,0.12065166075911596,9.752551644359839
12220,-0.0014848460026277502,0.09924229329252039,9.70426963683143
12240,0.20978481321887354,0.05775542334502214,9.632726171327931
12260,0.023657358173760516,0.298502402588108,9.604133484786312
12280,-0.1916795082245357,-0.05951861911101489,9.793520046182225
12300,0.19499834653786607,-0.007929300764336197,9.75562132500956
12320,-0.09703705008930777,-0.10849830456999734,9.769404114102358
12340,0.14411841212813833,-0.2380253873912606,10.116114524680778
12360,0.2854517838217267,0.42562109206837206,9.645308900385935
12380,0.11288090880725832,-0.12134973290922793,9.890591359014348
12400,0.26834043166206656,-0.31232124146414825,9.588466402751331
12420,-0.22267075042943227,0.1321383335159802,10.169536560369437
12440,-0.06813147191478051,-0.448453408259095,9.64282027167529
12460,0.05124971903197132,0.03618879019668008,9.969037791704043
12480,-0.21447553167689928,-0.36827477085047006,9.72589490067497
12500,0.27564114130326306,-0.021357267487247672,9.653231471751756
12520,0.25761380736198114,0.03756255621088256,10.307536970837184
12540,0.10916112239570208,-0.31871558398908134,9.8470583650867
12560,0.13462847634597191,0.12280506334115832,10.139296940226496
12580,-0.007440051121484461,0.16008351597088766,9.906665153978608
12600,-0.18982955429265622,0.10040213051779119,9.740826752550989
12620,-0.1023837860435283,-0.2872301938910481,9.720518826651697
12640,-0.03140870885421094,0.31168106484870123,9.508715714039974
12660,0.0634116780478046,-0.018319155467673355,9.589470832753825
12680,-0.0076213713587711856,0.31433749628392116,9.52013227631148
12700,0.07337091852992515,0.0631673853620233,9.704984705047078
12720,-0.239239527413301,0.29685782220294604,9.79570002330009
12740,-0.12814408634063018,0.1581400998849779,9.708109812702961
12760,0.05214891515826428,-0.19267865532518014,9.747069119747712
12780,0.20710530767991844,0.25039752274453286,9.826984546366694
12800,-0.2986589940216948,-0.1253306576913299,9.886594539142454
12820,0.0846057989030064,-0.13766792458368385,9.920168209019634
12840,0.16221487800672765,-0.22056950711257076,9.787865306305978
12860,0.007104953844466618,0.10274286645343361,9.627772250852704
12880,0.03555336844371582,0.07192706330037422,9.540169199068094
12900,-0.05853516609451445,0.06514301585145528,9.71095006369788
12920,0.012259162350388497,-0.39661450822143357,9.77951520071201
12940,-0.0530246659890413,0.4062303645495291,9.8462616971405
12960,-0.2737588791671915,0.12665987775802046,9.996617864534807
12980,0.2840668366670437,0.08168367635877545,9.536801251424194
13000,0.08235841014770444,0.0027176799239084838,9.567018228345063
13020,-0.08185062365762308,-0.07441324669267162,9.695770920759992
13040,0.2785348558554781,0.09886937331285213,10.058318761303633
13060,-0.033277495626480635,0.28857302608354757,9.345480498689314
13080,0.14537202030872842,-0.2610574606994632,9.668895587600078
13100,-0.30466989598820926,0.0754032257696341,9.981419717145913
13120,-0.09585801010437624,-0.04126839900892421,9.63921710558516
13140,0.23108432025426998,0.09467364725280937,9.96511410995427
13160,0.3072790207019031,-0.2611186995566237,9.807151256888572
13180,0.38716862127396,-0.026375066391192865,9.965013736746664
13200,0.3001184970849788,0.14386822331336943,9.597514379913928
13220,0.3728807859183643,0.3031337807757817,10.014986244440237
13240,-0.11225461521590191,0.07249206800118681,9.841483515275671
13260,-0.25244418140742586,0.36185374619370597,9.523991581601475
13280,-0.4481930372568707,-0.010458361880906979,9.657688165204858
13300,0.042503737213065544,0.09192278235146893,9.768526429456227
13320,-0.025082088840320843,-0.22665727410809344,10.014633039730816
13340,0.32239898110932674,0.10662394134346512,9.985411543989313
13360,-0.022240371889208986,-0.10940018581662457,9.80230280089597
13380,0.3425085451049701,0.23876921284863173,9.658343307595555
13400,-0.28608767061835116,-0.3159257397218314,9.534712375117861
13420,0.37061358296299174,-0.4497219650402846,9.68966182992773
13440,0.009415062312666825,-0.38353187939927036,9.519885287009817
13460,0.2938173973957903,0.21057103399083604,9.71600287054075
13480,0.21882660851716393,-0.06447221128218364,9.631347774730587
13500,-0.14637993059014098,0.03420541057360112,9.92288822746667
13520,0.20307823919028067,-0.03123337405926331,10.256578082786918
13540,-0.0940858736196986,0.21804438317143285,10.036081444289339
13560,0.2019318235060609,-0.28455965138501377,9.661993699323599
13580,0.14232683511649324,-0.1515805910112627,9.439469411339815
13600,0.11006455425748284,-0.043503101368481116,9.849495482790347
13620,-0.005335423778971525,0.16911344600499767,9.888920552680666
13640,-0.021581493227971718,-0.09130326201503426,10.00076017889457
13660,0.03919162426167639,0.0831659481612646,10.147696299406093
13680,-0.44928498589120425,0.1913904188199784,9.604215557624117
13700,0.22110938657134196,0.054201148232319196,10.160703396787655
13720,0.011531380516203785,-0.06570201600773005,9.837779817003005
13740,0.0700786142914385,0.08891228540166549,9.755325153964378
13760,-0.1573017074664133,-0.03764153703275944,9.905636026682325
13780,0.08702644964516675,-0.2600101769348468,9.961059743845947
13800,-0.06529347242320926,-0.07790718677679581,9.828366255119974
13820,0.3409719945582695,-0.250493540352148,9.689256518656922
13840,-0.2531532285417447,0.23556267028470723,9.858946418983049
13860,0.2738168047933542,-0.09640361565046315,9.266654221174274
13880,-0.1329266759873815,-0.39635905743263,10.34758303648851
13900,0.09821469208874399,0.09076389650597322,9.604524238216872
13920,-0.024973667139970596,0.3535765162476331,9.710634556767678
13940,-0.1672840002669193,-0.19896479589191482,9.721477304453298
13960,-0.38418952122451844,0.14679482057167337,10.106783994200713
13980,0.17233292420078594,-0.3240754755968657,9.82817506192092
14000,-0.3177521491869383,-0.0821837284585471,9.781518946536591
14020,-0.06839895583664604,-0.011954513947744088,9.837358360876872
14040,0.2845553002206351,-0.018854665524190767,9.85648917901275
14060,0.29039173015337977,0.1411358355329694,9.584071226385591
14080,0.08112742937998811,0.09158744071219956,9.954706160472913
14100,-0.2996822135755315,0.1979628228075274,9.669307230428595
14120,-0.003074246019053878,0.1523963756402413,9.994984701998776
14140,0.03687407908717978,0.13547364405801868,9.82685144159997
14160,-0.13798800788178453,-0.12773302372476233,9.483479943655409
14180,0.2892085974789275,-0.0781155653788137,9.792706110508723
14200,0.06899522299877989,-0.19781308701974065,9.701885174421685
14220,0.08463859235655809,0.1247654475336776,10.034625071764065
14240,0.0005213553767347307,0.14797065839681356,9.851452846673364
14260,-0.25030429266444815,0.06578253114347822,9.717598937958874
14280,-0.16439127922172167,0.07056783811452995,10.165128851635155
14300,-0.17394119614993953,-0.35039407780186194,10.131488597282633
14320,0.2632985542890367,0.13216950937242167,9.577405694527705
14340,0.028874197834839656,-0.11124906501156827,9.768004180816211
14360,0.1113161556819114,0.1481136435807469,9.816210113880654
14380,0.10350217570732723,-0.004643942788788241,9.76735121338661
14400,0.10161164956002096,0.15104647038849175,9.906346520421657
14420,0.35449362126250333,-0.027015346754132336,9.682386827961947
14440,0.19060316231822289,0.0953298085249647,10.00557830958997
14460,0.08124125276129314,-0.08770281601609517,9.810011595053862
14480,0.051530940725834896,0.27389230173056806,9.656142742161975
14500,0.3124620227902728,-0.16786933004815754,9.748504517311488
14520,-0.33777296145057,-0.15799971174098604,10.044810770264169
14540,0.2890352426134985,-0.2145681821884664,9.724349619290024
14560,-0.08229167338774299,0.10535241113690488,9.764907281757173
14580,0.11936542148047587,-0.04068982924545862,9.535478814819362
14600,-0.032192714071748056,-0.037218205300202645,10.007944817645079
14620,0.028495334010673334,0.1623446327595589,9.34791859787349
14640,-0.027471895791865094,0.031539629079751476,10.115056590009797
14660,-0.7029981807316136,0.19901173547623707,9.731930133623166
14680,-0.20738990735408167,-0.04941040534863969,10.113807236503265
14700,-0.14699700465733928,0.2595361970123912,9.839326608852915
14720,-0.25065864916793146,-0.03858891246163702,9.502203357200827
14740,-0.36091388343200687,-0.01476923825526633,9.951969785669547
14760,0.11577719243744118,0.39869624693020783,9.731291293194321
14780,-0.19419589489829603,-0.1667979806721795,9.927864048887484
14800,0.03089686291830407,0.06776058733590422,9.515009398843077
14820,0.24839324209340652,-0.2840717469899858,9.65322205182647
14840,-0.20715346506820453,-0.00305916018243666,9.753636377845643
14860,-0.027417955097107868,-0.19593310251274731,9.747929417312928
14880,0.23544833078956062,0.24418758668119844,9.6390483072946
14900,-0.054265743945640516,0.046056224588703794,9.842578611067882
14920,-0.0677476696147537,-0.10962867218047295,10.153780638382807
14940,-0.41881927195480717,-0.034808297156713616,10.028227771488575
14960,0.2748674511618984,-0.13583888959112886,9.710769984052584
14980,-0.04486591900381624,0.17593300169135523,9.860892678597311
15000,-0.26500810105575595,-0.052988446597181244,9.83303431265665
15020,0.17178267135847428,0.08364953456847857,10.011957807568729
15040,-0.08244020895653198,0.05759970192308719,9.511840844169583
15060,-0.013115230215568067,0.08264296305961716,9.535574728739903
15080,-0.13013969586441124,0.3810033747584052,9.757802531685803
15100,0.14754524399079294,-0.12545032219772953,9.862313764448977
15120,0.13433892194581207,0.02760276001352384,9.729733679962841
15140,-0.09276053802458942,-0.3163050580218434,9.74888647915667
15160,0.004294444905966884,0.0359002658174814,9.704028247817178
15180,0.3097206056826215,-0.0514854892600813,10.169705446675499
15200,0.031079997324099048,0.26587689927792707,9.514485675228116
15220,-0.09107336825106413,0.10627199053766881,9.917528582003637
15240,0.2808480959556278,-0.1564700946285296,9.921380138500961
15260,-0.12943525228704486,-0.16076801725288103,9.735135983796752
15280,0.014865371284628202,0.21254646042426584,9.881391188332685
15300,-0.24172727050299758,-0.10197664902088802,9.742599685401636
15320,-0.17530397754330496,-0.11929568308002003,9.757974536625857
15340,-0.11114501059787803,-0.013133605713908886,9.826186710016454
15360,0.11046433898933157,0.09879104831941343,9.422775684815896
15380,0.2074635942269922,-0.05463228194389189,10.112359595996654
15400,-0.08862380233778192,0.012221217045704091,9.834598832821706
15420,0.15002410200488547,-0.0864327169150163,9.684673111841146
15440,-0.01845698301839557,-0.27827585687561934,9.794110041696808
15460,0.14043639839177738,-0.3167495183789768,9.741416490420702
15480,-0.15704167929702012,-0.31971553758400784,9.99684670885725
15500,0.05490015669572958,-0.16264028093176072,10.089058335550057
15520,-0.029955434748286963,0.029897798628741354,9.58597861822746
15540,0.02762935960413695,0.0749413419266765,9.953354555211353
15560,0.500050801666759,-0.0451314884568933,9.709551901542183
15580,0.06004126434091056,0.3965598818518126,9.743342866266117
15600,0.2833162063426825,-0.10605782266960034,9.895915302698402
15620,0.21788976845999924,0.13892673393330415,9.770415622225407
15640,-0.30173816888863886,-0.1613453584165518,9.798975476549625
15660,0.08546478954682148,-0.09978154521732215,9.72341362814979
15680,0.2186286673698967,0.07518990635564882,9.773306071192073
15700,-0.30559124252210834,-0.14788141029013677,9.982612558763844
15720,-0.1560699545490999,-0.28983828436388825,9.71800840610457
15740,0.6924444876518815,-0.3665762394121831,9.833817492027347
15760,0.024090248068297133,-0.3197490525245337,9.611774121915527
15780,-0.08115294092431544,0.16479491334374846,10.040557715765914
15800,0.013850026163242072,-0.006096829703261934,9.632869055364502
15820,-0.1631554733765735,-0.12485712707391079,9.657805037526687
15840,0.028802395284717765,-0.11586384440030972,9.458533744773968
15860,0.052419803862938624,-0.28031331444199337,9.62224731814906
15880,-0.04947723357756496,-0.10408119865528108,9.668281227350999
15900,0.29086497145087564,-0.05099934029265819,9.629245640365525
15920,0.3493760761815643,0.1208153511281071,9.739960813839076
15940,0.21578254051560722,0.6292051385927648,9.943461246234557
15960,-0.1463756640970992,0.05422738100929021,9.518370542461932
15980,-0.09615740461606705,-0.13706785514364292,9.888467791544427
16000,-0.2610150499246754,0.09914686878906234,9.857190833913675
16020,0.0865218188618346,0.06906045761544335,9.647167306580586
16040,-0.08726312542240053,-0.21293671578211956,9.75816960188658
16059,-0.10449506562850441,-0.08691680724073296,10.010214643861193
16079,-0.12955970226629074,-0.022222868668661164,10.025956028607737
16100,0.05389672698314385,-0.1493812339510888,9.598117746798067
16120,0.0373092295230411,-0.026269111096881004,9.287994808073659
16140,-0.22417735008459871,0.23677771547131254,10.065164465704939
16160,0.31052673976535694,0.22161939208105022,10.206911184413116
16180,0.04071097087948242,-0.11893490184595462,9.804036179431293
16200,-0.26663191351931576,-0.02466208563912318,9.661306142730515
16219,0.17610665347261825,0.003972722781089783,9.842399589828256
16239,-0.16557298677421864,-0.04785807040386804,9.569044990538744
16260,0.37011725218284386,0.04879595591345761,9.98706261903541
16280,0.27501044323542584,-0.29931153836661156,9.702783548046394
16300,0.11548565174385722,0.0010571255857690068,9.941025965844672
16320,0.4747885112165385,-0.19146666290706624,10.002944510708657
16340,-0.17162314621062164,0.10151114599977858,9.750513718626227
16360,0.0682445079577259,-0.10532719860041169,9.778535409549667
16379,-0.04553019366550515,-0.3743911913376112,9.749714091114896
16400,-0.1723585176432153,0.0717640618391502,9.94579152766157
16420,-0.25022250005039276,-0.22246934097674745,9.656955798027703
16440,0.2305964726438553,0.1462002742229422,9.587982408145137
16460,-0.041367998747333996,-0.3167001691355412,9.965227460793233
16480,-0.18457044377433995,0.16637680423299578,9.633687285273142
16500,-0.09884288659237378,-0.18070432736513128,9.576608366880516
16520,0.6282617765547946,0.5203075724520957,10.231446784603845
16540,0.012131866291143982,0.09201226716660987,9.739422622671327
16560,-0.13434593811701231,0.319139867811111,9.62317052662255
16580,-0.03867947788117579,0.16441781054737858,9.755955166647405
16600,0.24392303348133898,0.059725862625832085,9.504937045391516
16620,-0.016589751776725788,-0.31245563861485126,9.659348179406006
16640,-0.032248787701531854,0.2520067960507387,9.427017898413556
16660,-0.008550429704450154,0.10262199282360118,9.706236639851607
16680,-0.09986433007985841,0.009870403337816445,9.894747079433248
16700,-0.04685035507969801,0.10300647920879076,10.366499945419637
16720,0.2811711563209563,0.061558591473174495,9.72132850744059
16740,-0.039691484422733396,0.1451367426101425,9.805487945918454
16760,-0.012671693800077191,-0.1910934526290843,9.865362262008807
16780,-0.5762617944215854,0.1163677751545901,9.683959013560829
16800,0.14339666816436836,-0.13550319390528592,9.702751103576093
16820,0.25149356361314185,-0.21330933107425581,9.70632564362135
16840,-0.13345246381074735,0.014751164870859935,9.91781851653962
16860,0.09819203488135314,-0.28341997318801126,10.029942021108116
16880,-0.21459718428236838,-0.06471389978101909,9.80577808184658
16900,0.06655623948724886,-0.17402449453549532,9.71923985639657
16920,0.07444518323538045,-0.07494464597349441,9.433175969073709
16940,-0.4449794689443852,0.18443975278030622,9.462800351699878
16960,0.22022350423702233,0.04794384937631088,9.607312274778346
16980,0.2657677971995968,-0.004498695555364202,9.382876563409207
17000,-0.027084064045074536,0.09380638075855315,9.623157706829584
17020,-0.2171543973913977,-0.14938543117159378,9.8161785653917
17040,0.0002477186923607668,0.17367505152437224,9.750553423315855
17060,-0.027789225373669426,0.12966969998006247,9.651234303952709
17080,0.18872726371868453,0.15227513799125336,10.022861475700306
17100,-0.00904786304708137,-0.11045241125129404,9.9250161972289
17120,-0.02344320979399027,0.0011203146685479421,9.914545589323058
17140,0.20353656696838335,0.2286066204451586,9.834050525766969
17160,0.13527061770668866,0.04356271677540118,9.622792570888562
17180,0.02323150343605324,0.09517256421216672,9.775828131781397
17200,-0.13300654869979697,-0.13951887552506112,9.566788231197572
17220,-0.14665471695414375,-0.14412439982124273,9.82373853862115
17240,-0.13011593869282037,-0.11419031974206349,9.30536792294443
17260,-0.15555129606590337,-0.2592624386485086,10.063207532777591
17280,-0.06907864064349557,0.07649258210711052,9.784706731854593
17300,0.24256872669239435,0.03620199443606942,9.85032895926015
17320,-0.06171895331159373,-0.09139427515224492,9.580031543565164
17340,-0.04337598271666203,0.2681656988089623,9.636021800740084
17360,-0.40420961093131896,-0.319816791153021,9.821268960377191
17380,0.21559507437109837,0.3077339869908863,10.202845414183344
17400,-0.06724413157809282,0.12986517793580507,9.773955490655945
17420,0.13555604740289157,-0.016937379254882007,9.856755374543363
17440,0.10833521496885455,0.12299276042781826,9.465112804266537
17460,-0.12282405953574344,0.36619497057211686,9.48724685099599
17480,0.10702009795739756,-0.020168571721206577,9.903885985778773
17500,-0.2898298466650512,0.43211913119114664,9.257970882250826
17520,-0.13099181896189757,-0.15095014622412248,9.73286817475197
17540,0.3095030778577155,-0.4940850176914185,9.60718236457731
17560,-0.17918896415622443,-0.14939788643839713,9.926168557333826
17580,0.09523695075925967,0.39191659630005615,9.673356808404858
17600,0.012713317703358915,0.2611029685441495,9.645353880813696
17620,-0.15054639331863173,-0.05949491670107267,9.684158547944511
17640,0.30638268797011997,-0.3056270050516339,10.053367847489822
17660,-0.01705885308949592,0.007100060376888326,10.13437132271072
17680,0.16131566648140191,0.018709870519715836,9.920575390819176
17700,0.42390389588921135,-0.019720949137447378,9.813056185216636
17720,-0.29336829632049616,-0.45756320256061783,9.863847488465899
17740,-0.010184700860669787,-0.1197534141843084,9.766965760170597
17760,0.19126476615703283,0.06204207988981972,9.821576582833382
17780,-0.012980353219850277,0.13148863407504227,9.632599329412917
17800,0.24246140877962424,-0.23998645750537684,9.894162785416551
17820,0.1336937287148671,-0.18920813694520505,9.871858479827186
17840,0.05188530772325365,-0.026063833049955465,9.9541763422713
17860,0.10179103900470608,0.18639651377376776,9.437465937131956
17880,-0.15539380186019078,0.2576566261896825,9.808884380633787
17900,-0.3085411788859355,-0.146620731571461,9.761795389386236
17920,-0.36332273906904433,-0.07043779843679708,9.915760899743967
17940,0.05933357025315022,0.10947407360501411,10.004316666678275
17960,-0.1990420403374986,0.08131708856997713,9.763263454111247
17980,0.2753127404687829,-0.12630518647652036,9.760423544465096
18000,-0.2412795041225383,-0.30989410077558727,9.85212516732857
18020,-0.3504510711128454,-0.11816593004913992,9.452262161628912
18040,-0.4051050633926015,-0.13423119256913305,9.837392398438325
18060,0.2846646685683593,0.227899835968858,9.83237032830327
18080,0.011935483153496268,-0.09985256227842511,9.73756926101918
18100,0.11386016580560368,-0.25235239229954626,9.485468890644347
18120,-0.2480204850161326,0.13945883926073013,9.926833972063953
18140,0.31240998874316994,0.1760240891708251,9.758835077680969
18160,-0.3018645601912437,0.2927364081339846,10.262387500029803
18180,-0.008006036614465804,0.012988759617021929,10.084894803296837
18200,-0.09074135640414521,-0.10468083805015534,9.658433361485669
18220,0.20945570015274387,-0.05691432600090847,9.507906156516805
18240,-0.23079611361371744,-0.3863760298654784,9.741936338878713
18260,-0.0847649271537118,-0.002210997098520181,9.594311230841194
18280,-0.06426208697944823,-0.25703312168660647,9.491848454415534
18300,-0.014979058468981947,-0.0690085453875288,9.733075728828506
18320,0.0016444855824957973,-0.0745010587880531,9.8581773241103
18340,0.14646470597544828,-0.3709128506469302,9.759522546813155
18360,0.19099896293766813,0.11533796242401345,9.741145192963835
18380,-0.06481728306111667,-0.19614030322161913,9.886767774079319
18400,-0.027917337037337404,0.05932859877560964,9.856227739775022
18420,0.035830211084303364,-0.08081093009985907,9.803938055208171
18440,0.08111974113252184,0.13208265878227,9.961044225064432
18460,-0.018472567111823306,-0.1737957410263641,9.521880563538149
18480,0.11157666549961337,0.27803201258275384,10.05230451951028
18500,0.06324144304395284,-0.06136378697004607,10.002876898697721
18520,0.16671282757318612,0.18899488782670615,9.638896104148467
18540,-0.12177156534631702,0.27136361620261623,9.915819932901806
18560,0.046909041946961126,-0.17802297256188968,9.673384989145763
18580,-0.11073468544447712,0.15680961402762109,9.723368263634224
18600,-0.35418587190094897,-0.20348164799874932,9.60456093377515
18620,-0.13756531313148102,-0.06387775536922756,9.740677016404472
18640,0.035947356305504295,0.06098435567462528,9.921884957473196
18660,-0.09852951316634483,0.04460867416150495,9.967158110734553
18680,-0.19530288364421647,-0.08051098024757199,9.364904947471485
18700,0.13963145631933724,-0.24986738512508777,9.897325753479834
18720,0.25021942537725483,-0.004670672259939321,9.661279167650006
18740,0.1400804030322196,-0.1997497947556438,10.040138732171943
18760,0.1432146822726655,0.24057698705437255,9.619126526971778
18780,-0.26138225755034594,-0.17685262387983364,9.664677852369788
18800,0.11360008345628643,-0.07755500304365703,10.092121051997323
18820,0.3353322391830085,-0.006547055384831577,9.677202688161547
18840,0.26906592708347127,-0.46610656704444775,9.588670774854162
18860,0.023975175542220215,-0.14686491686390643,9.568054525333043
18880,0.24144155652172228,0.14460107416339832,9.707767498318889
18900,-0.04260519587113901,0.22919049991349555,9.578112493195006
18920,-0.06109786182860963,0.06151264917624898,9.626551136443208
18940,0.10027150090590874,0.03391255564370483,9.811978943626952
18960,0.09338055485042061,-0.0163411659285763,9.965003772380223
18980,-0.1168173462256099,-0.10565113378749612,9.781045396277314
19000,-0.03147235520509229,0.2779108873463813,9.51067184554649
19020,0.2220877396268192,0.24942823789751803,9.990414775849226
19040,-0.09131093324602403,-0.18742096720857326,9.657853164887293
19060,0.038645199126026694,-0.020402196831486828,9.63435285030713
19080,0.07241541572828729,0.17644026909888752,9.683349755592523
19100,0.20330484485488798,0.04163881736615275,9.725305473500777
19120,-0.007483470627451297,0.05119931186962019,9.774983966742838
19140,0.06583213583157009,0.15366202752645916,9.522802827276866
19160,0.24782826183790238,0.06904489652097037,9.853591663853745
19180,-0.08708621120922998,-0.18420768269558913,9.8670795689044
19200,-0.12088334712659599,0.10693274710385746,9.807861144257496
19220,-0.2732020361073814,0.11572077513491685,9.845560945224651
19240,0.1552848293499209,0.03620016696806202,9.840798053821976
19260,-0.08699930290783041,-0.030908455812648297,9.45834905368159
19280,-0.10268316641335128,-0.042928216702816435,9.959901509940757
19300,-0.35192379122210665,-0.2384045776831971,9.382788299136031
19320,-0.08215815969939105,-0.19037686926347455,10.063444944748454
19340,-0.18666076687795802,-0.15017820309799562,9.642899075369542
19360,-0.05692386327440912,0.39736196909904015,9.876271630569272
19380,-0.06342146934852837,0.12128149583243673,9.99489698642364
19400,0.0107842628428032,-0.06132700184499217,10.24648843114651
19420,0.32946465044992,0.17268141784040855,9.652904647653438
19440,-0.21293940256831145,0.16651446881799217,9.8758544978401
19460,-0.011098893438490673,-0.03985357603309553,10.010635722589637
19480,-0.10701869034953287,0.16971319512196342,9.610517087736355
19500,-0.053082007970876616,-0.08191294317101669,10.046395457372961
19520,0.03942277769282619,-0.337494999868493,9.879185149529922
19540,0.18331898211169154,-0.048119419972782546,10.25818003978933
19560,0.030081528215414734,0.1334528748284258,9.74187906319865
19580,0.052238794010433964,0.3623063406420843,9.747858507521808
19600,0.14186509556662966,-0.35640742080735954,9.6641577187761
19620,0.04093584396708097,-0.37238401400452004,9.457968834022967
19640,-0.07256305906851336,-0.2890663110501647,10.00147161984994
19660,0.011288869606954317,-0.11373554345968706,9.731605321641773
19680,0.04018655149740677,0.16031781782753293,9.849559408998083
19700,-0.2988967617593101,0.3968400578962912,9.83238440610531
19720,0.16839454531515163,0.2784277948024033,9.457205335235678
19740,0.051910969837091425,-0.3405694753772455,9.7868316022981
19760,0.15847113128576776,-0.21168207017693433,9.819511670590876
19780,0.06338198516784607,0.17988662892066412,9.977222375945496
19800,-0.2233353093663244,-0.03868066771805928,9.532331007609578
19820,-0.1097704545437489,0.08358859320695637,9.769817677901129
19840,0.017949990540508737,-0.1250108645201261,9.662419414153538
19860,-0.2197002210050636,0.2550773536728258,10.094426153118837
19880,0.25454100551119907,-0.16871477975191182,10.309452183050988
19900,-0.21455873712104429,-0.048877667107198444,9.649263292154215
19920,0.3435668818136349,-0.1820733607186525,9.97915482161891
19940,0.07756009004204971,0.2354557904916772,9.884148797042515
19960,0.13297742501482385,-0.13138180656083373,9.767309332551713
19980,-0.2109116129463438,0.11240868041722547,10.193299892773062
20000,-0.034490997669002564,0.24468919448390467,10.435986840178517
20020,-0.049283111787109486,0.03549038314513619,10.020686908926036
20040,0.2955452866325593,-0.34508024920060865,9.603882967006083
20060,0.4153748661275001,0.2720385500333527,9.842284019255164
20080,0.38155808134633956,0.10666356064584225,9.746454852861385
20100,-0.4480077203229268,0.24759576246676507,9.988382856580152
20120,0.04049788329461809,-0.11777782919339852,9.844083318526664
20140,-0.21524238384715422,0.07898589353279867,10.156991530121815
20160,0.017071264146078596,0.4767654111430429,9.915999215094383
20180,-0.053301480870763654,-0.4929048720880701,10.0437139287028
20200,-0.2892050857273381,0.14033208611827833,9.629147540695099
20220,-0.19932343829048782,-0.010951089890434276,10.318159905777652
20240,0.15754099377111858,0.46449371429484637,9.762616775297312
20260,0.005155414815173427,0.30629857244392866,9.772112107272699
20280,-0.09002793531403075,-0.21222008083095123,10.031616225307424
20300,0.05329473225718389,-0.019798552830493754,10.016717698633611
20320,-0.17628818170046767,-0.13378428367319875,9.903121331433683
20340,0.1513892165214756,-0.22384589726510826,10.065846939957966
20360,-0.03924553469655428,-0.31044711896421273,9.280767840797253
20380,0.23692220870832045,-0.14621957696798463,10.002147454092933
20400,-0.35555426497285814,0.17429568216200186,9.779101254244305
20420,0.0968583698661502,-0.29740114377708293,9.563968941146406
20440,-0.051380712888447616,0.22877317008659134,10.243486663981818
20460,-0.23613388870937,-0.46930702579213784,9.821053221158028
20480,-0.15974255184102212,-0.2376210078520254,9.870397751047133
20500,0.04224646641828557,0.25637610501373986,9.837745131161833
20520,0.14691270892994837,0.17680084456662837,9.961425407637003
20540,-0.05425036647744296,0.10452781943710543,9.950147577432096
20560,-0.006337687246766617,-0.07044994259419304,9.817170289028969
20580,-0.0634597717586674,0.005716621109010424,9.782779137556885
20600,-0.07042672896741996,0.5553968440380743,9.457003279652469
20620,0.40029456041383515,0.48451539607854865,9.790680134132678
20640,0.16895542869048719,0.187177852434263,9.615158287528708
20660,0.33305631322249385,0.13981750550818867,9.465177204307139
20680,-0.046949388863647176,-0.11062391170533639,9.572969875596472
20700,0.10825321218287552,-0.17626236634992734,10.00494971027197
20720,0.00598710238248538,-0.146332327131092,9.770378210907683
20740,0.23284667814777862,-0.34532472327788183,9.863994231893006
20760,0.08106710770795186,0.06985002128350115,9.770693140534723
20780,0.34272471781020686,-0.4099078133624935,9.884296412005243
20800,0.06570195372468433,-0.14477122290271874,9.819346966358976
20820,-0.043728221842616,-0.3419560489237513,10.02596754000471
20840,-0.16089813716691362,0.010454047717754815,9.866368207747641
20860,-0.08626731341653354,0.09065433179526024,9.92405853156972
20880,0.17592878834786796,-0.17562770539485345,9.47436794960244
20900,-0.0693101192658514,-0.14137168535333608,9.95068809092807
20920,0.042534490982212785,0.06392830158920842,9.877259891774962
20940,0.17705449959955577,-0.21082910080411202,9.507492802295936
20960,0.269273033325668,-0.2017036665283615,9.79653385383906
20980,-0.18480400502463593,0.03936521152068889,9.508172815960926
21000,-0.029539092042926863,0.037928063908004885,9.864759525486457
21020,-0.21887495956846914,-0.02615240022887201,9.876121632845612
21040,0.05179782679475369,0.09831956659827654,9.719628240435735
21060,0.007646720980683439,-0.08322959340922326,9.969561728430218
21080,0.054954064721405516,0.1000768390840332,9.463739517914203
21100,-0.22765500530845495,0.28585258068974356,9.504261156474065
21120,-0.07014975593741814,-0.08166884586074319,9.583921921207144
21140,-0.31283978575690274,0.2257664561188796,9.724326203160645
21160,0.13395883565835828,0.27500814332542206,9.694182741423386
21180,-0.0856235194185109,-0.27247491856121936,9.645172911540998
21200,-0.11517135896987996,0.1925515194075762,9.473940778211105
21220,0.06668724190262357,-0.13776450494129472,9.742017534499883
21240,0.14137952759307645,0.2737575320346492,9.723459692004784
21260,-0.09383602158674288,0.18089819961478215,9.78259465219076
21280,0.014937877468464124,-0.1048158614519063,9.519331302284067
21300,0.062395772069865976,-0.18735084463190277,9.54970608631411
21320,-0.050906598530162155,-0.0888106161983311,9.59085648951712
21340,-0.17489054497601286,0.2085075978203581,9.458040500686025
21360,-0.12932139413976332,0.09520448435098838,9.662377294016194
21380,0.147979409688431,0.19990621050309731,9.779996628643648
21400,0.04205077765187089,0.03453577550691632,9.783347114736076
21420,-0.21675300930671948,-0.1444435701209387,9.455094043990249
21440,-0.0933695041821445,-0.026262851094744334,9.390224725178946
21460,0.13033885850145757,0.06606186866371498,9.532361585527804
21480,0.0021424471689850135,0.23459294829333857,9.655868905142725
21500,-0.1532803555461019,0.20793135284937933,9.63172614548735
21520,-0.22688394196224215,-0.24323091205504255,9.360820904762871
21540,0.03164809410040549,0.07258736663865052,9.872388332279995
21560,0.31802593389049744,-0.4785355479105186,9.838722794951728
21580,-0.03560070155674019,-0.03536090668524977,9.819837758558066
21600,-0.16682296570334773,-0.009328915826964896,9.89746664742245
21620,-0.17273605305217943,-0.14354143675057682,10.011065273324844
21640,0.18522407997748944,0.11692677648820277,9.640315850524477
21660,-0.385508516445235,-0.23903826765317274,9.789048563391704
21680,-0.10393833035810054,-0.08292016244056766,9.843829835079134
21700,-0.025397006224719288,0.013646890049858005,9.929009083118176
21720,-0.130082099691701,0.18227604417231952,9.483496527576428
21740,0.3838565065838034,0.007947589835169083,9.870803245450592
21760,0.02955972179952046,0.34927703351364864,9.65398448876816
21780,0.017214840185659285,-0.3838349428517243,10.004407091681545
21800,0.18818887852388982,0.02746567494907709,9.478264669986485
21820,-0.019287857141131667,0.2444631128728985,9.485469139239068
21840,-0.33597756266961565,0.22220458040878094,10.062065793947099
21860,0.03626951404627074,0.03267075884425895,9.709475907442457
21880,-0.10368631648038376,0.06664204568883762,9.820869293543545
21900,-0.12074448604607001,0.015239797088060204,9.911662667276671
21920,0.22920464528101137,-0.003957707038829072,9.692053718595352
21940,-0.17641662718732445,0.13001839620939626,9.666419773526862
21960,-0.0038568218016351062,0.2334946011521415,9.624896224070941
21980,-0.009105555141629784,-0.2041265718884704,9.605861911311434
22000,0.048268491853616244,0.20287258456598598,9.613214554984067
22020,0.38749020731678996,-0.218290093011973,9.724607902028932
22040,-0.17830822233709964,0.4381406618848869,9.655399532890875
22060,-0.018713075536040118,0.08442049400117536,9.631751628670509
22080,0.20214139819076565,0.27908479694513894,9.933546990064874
22100,0.0015272053161417196,-0.10087439179240709,10.234467583472782
22120,-0.14550054188785164,-0.09708890781909743,9.80536527766077
22140,-0.09794778711846298,-0.01488789788107555,9.926284423668365
22160,0.21224185490444372,0.14724636591371837,9.593552939348005
22180,-0.25013073883820863,0.09020042840311615,9.83983782418256
22200,0.320223732344378,0.4373537409741019,9.957631332966852
22220,0.3405428440819549,0.07506648051902372,9.9391423972136
22240,0.014263553655257397,-0.037258596913278125,9.951640920147446
22260,0.0690712180123434,-0.22209281367694553,9.986568842851423
22280,0.08544088565146774,-0.117846128296486,9.74004063320507
22300,-0.0649404181919442,0.047682586481669266,9.638594846799675
22320,0.06459134847858967,0.04032782115859243,9.912801226352682
22340,-0.4013187462508083,0.1063064296066772,9.934789463089913
22360,-0.3219549652918956,0.139590136137656,10.137268258229142
22380,-0.18028853884940677,-0.17812533864625635,9.928347275922986
22400,-0.14134088236193643,0.04225158181221649,10.061821222774396
22420,0.08916330506828458,-0.07799331076660193,9.97257779430283
22440,0.031363469669066855,0.11106506262180989,9.731268468579046
22460,0.1446967526998282,0.45741468261003493,9.863986518906318
22480,-0.006306989164057826,-0.1216295015283216,9.729883042566291
22500,-0.004154199596591977,0.3534601154389525,9.861980973763153
22520,0.08094643430160167,-0.03527229614964878,10.212155970661104
22540,-0.16188045783198887,-0.040238043824318136,9.84590941539745
22560,-0.17632864561658512,0.3270963646878058,10.150019278458638
22580,-0.12387317234718503,-0.3916090906112763,9.415380897104747
22600,-0.2739652798513896,0.4811771725501986,9.784385432381468
22620,-0.10772088305899015,0.07838281508599447,9.625074881482405
22640,-0.05438168580930696,-0.3288610256885961,9.921461250342153
22660,-0.20789045922837165,0.04807270740436118,9.939343249995197
22680,-0.17404424742761987,-0.13647207321360053,9.649863123027819
22700,-0.12472894056202805,-0.36942324147104655,10.023728562338894
22720,0.20067322431272722,0.11553807899321117,9.991904954271703
22740,0.24253018787713154,-0.11348094755506194,10.181388560750715
22760,-0.1643787211762261,-0.25265693957701624,9.82479680783922
22780,0.19286031725966235,0.4054515394182918,9.752873628910663
22800,-0.022939028572182513,-0.07516380397794727,9.797096831712123
22820,-0.205269303205578,0.04210056682818137,10.002422155721776
22840,-0.058712104593293526,0.27118482828370766,10.106002019503133
22860,-0.14751199199980383,-0.02096006772568421,9.784363492307127
22880,-0.15652750424944917,-0.0737480737513702,9.844824660553
22900,-0.27772058931903565,-0.14204861457638185,10.08264137359371
22920,0.009788428717585715,0.2802637498817533,9.56233408285257
22940,-0.3122427666332804,0.07043384797531549,9.36800047430359
22960,-0.14302214226230517,0.1769886771245331,9.493330814454954
22980,0.0806227873858733,-0.24871314975950423,10.252693094240213
23000,0.3103693636330348,-0.07191033371858778,9.849477315310489
23020,-0.04594844612846078,0.26089002437320324,10.0684731793681
23040,-0.005050565347876261,0.1336847942445025,10.022483314293437
23060,0.11534946816128484,0.022876975429674408,9.767144060777945
23080,-0.05704025295658774,-0.04743011360297036,9.786157510358525
23100,0.2216634983317814,-0.0627904100447779,9.675064972273256
23120,-0.4554494405333063,0.20467076198095155,9.481135783119596
23140,0.034991267245145306,-0.22717283015783396,10.072402742895536
23160,-0.19068954181522377,-0.06842249408002858,9.95924035551402
23180,-0.0016798408428733815,-0.0060213065618178775,9.660584920856095
23200,0.21393681034957682,0.11593713642558978,9.790135104869613
23220,-0.02460770479952153,0.2229573690247563,9.779372165180474
23240,-0.11362041745876408,0.16343761173393492,9.905207592010433
23260,-0.015668559153130236,0.324166944592417,9.854701304510087
23280,-0.11797479925283992,0.003005189528901348,9.54173778476925
23300,-0.017062262702002364,-0.24118926359409812,9.711539029666085
23320,-0.10821769128680057,0.2878632869915763,9.632952398067719
23340,-0.17792615763077857,-0.09960801802399238,9.759347875077168
23360,-0.2965376097706323,0.014262262019631695,9.72829783377315
23380,0.07241834472670045,-0.07629964313575024,9.719891016317895
23400,-0.09898024574246123,0.25549184190428675,9.923855328417215
23420,-0.28289553085839153,0.0008460694212351146,9.84768133036732
23440,-0.27011617900536916,-0.06842167092720683,9.785432031813231
23460,-0.028113464557662338,0.041632142787427995,9.887365407551265
23480,-0.2071336999366431,0.29053446386270976,9.851451772627073
23500,-0.008184171425290229,-0.1848997684621112,9.836641418825916
23520,0.1630495323066299,0.5084433822469128,9.84219879418521
23540,0.5543687159971962,0.12678111680116466,9.62756997526644
23560,0.0241978308788406,-0.25003491855790044,9.820095714196441
23580,0.2551938327563428,-0.2682886061984604,9.707762847995948
23600,-0.3317853298213889,0.1721827039725561,9.658659353852842
23620,-0.16040498527603136,-0.19733260294347235,9.76164522443738
23640,-0.004658560391658645,0.14332881249000543,9.796283706075773
23660,0.04403595535296868,-0.12734690144783395,9.837650315438395
23680,-0.3297833227524271,-0.03879613310645258,9.728134201656063
23700,0.15551577539308314,-0.11951556213805317,9.629095149303671
23720,0.06600662358307104,0.08301112580378109,9.775943401234315
23740,0.029415000563550384,0.32214089205262525,9.970508445156499
23760,0.05090790641194457,0.2682701361353035,9.957786728401166
23780,-0.13223060820683888,0.342366431136633,9.751100594985243
23800,0.14829621070263796,-0.03829528133269311,9.782925604452313
23820,-0.00010203695501292726,-0.27310130610340505,9.811813882541196
23840,-0.1019604315319625,-0.16013010831118307,9.518060295440957
23860,0.06416329323479433,0.08495872833133403,9.775480832870523
23880,-0.2340032118666882,-0.16701833899088472,9.911963298967338
23900,-0.11440427008309997,0.1634639072631421,10.067105772050411
23920,-0.11662187191197525,0.2281795788398271,9.370257871711093
23940,0.005569063804522683,0.33998301284800625,9.543746432668184
23960,-0.10244046754335834,0.06112967964226545,9.788978331420402
23980,0.001963059382348959,0.09335429098814614,10.261088940817231
24000,-0.2866542265944831,-0.1547127554385403,10.157171032871894
24020,-0.2624561982037135,-0.17386715541842446,9.762688664424607
24040,0.04915010798695346,0.11557979239667676,9.67133075763302
24060,-0.041267711253808445,-0.07232498810371225,9.882056433485227
24080,-0.174854613875551,-0.14887166506269428,9.689695705527273
24100,0.01656584613827129,0.07479172027034901,10.117527348687466
24120,0.02791158598438122,-0.4631128954531142,9.754305571996747
24140,0.15549516428057517,0.020752980914947778,9.756468442933505
24160,0.0496690162534801,0.21451131435424542,9.902223481715419
24180,-0.16722495337769183,-0.1352217521157074,9.589635918535796
24200,-0.015543609785065077,-0.2039386536304596,9.747826755832303
24220,0.16984393600946648,0.20208565357622266,10.040254144495089
24240,0.08344037501979971,0.05078996272810581,9.879173136312893
24260,-0.14176903009363515,0.18041107439944162,9.824229034736742
24280,0.1969382300724953,-0.14346810865295442,9.616245103601685
24300,-0.1578412097841977,0.19102491570005864,9.567102937673571
24320,-0.06091949233710578,-0.1811858038914369,9.613862838888922
24340,-0.36244770148771766,0.04046719294343938,9.478612913973219
24360,-0.01014274094491692,0.13379995246672813,9.741434188912356
24380,0.03295517572300526,0.08627160391216619,10.108703976739298
24400,-0.06544596911025272,0.7057525956009489,9.857084643357819
24420,-0.028159723525123956,0.04217803170878073,9.994099780292014
24440,-0.16047509902742102,0.10193979381853156,9.765103069042144
24460,0.06934712304143059,0.2444445791700793,9.549763354911036
24480,-0.12434908791950575,-0.3196182943288893,9.961059590433145
24500,0.0810237680130486,0.1922448841431832,10.176242326694016
24520,0.05390967344635144,-0.05229835692185078,9.95856033663307
24540,-0.008042895746162477,0.02331373597202471,9.616636974138888
24560,0.03869652171454438,0.08244276524834626,9.892632751588371
24580,0.034423704231398594,-0.24353605164462744,9.922393960774917
24600,-0.047680757468265646,0.1353918216175349,10.107225161237064
24620,-0.2973597481861138,0.01376880276743536,10.046854975658439
24640,0.2882736802093088,0.05775250504104326,9.835781145873353
24660,0.4099829905812131,0.2630470949521373,10.013739482131449
24680,0.0411118561926295,-0.08056876506107678,9.981746184894448
24700,-0.14682406562746456,0.09159206620583406,9.747466718045171
24720,0.03909155454424651,0.2347855220827456,10.190729283201854
24740,-0.25491805078361857,-0.013773709481856368,9.88271611230545
24760,0.10032686873460837,0.2522599267675197,9.994419184557794
24780,0.30141611090393156,-0.18155445669482592,10.004855915133547
24800,0.09105793703106775,0.24394371093683886,9.66213067290297
24820,0.1012645058697701,-0.01320376932545628,9.527222582353327
24840,-0.3626260250294968,0.0960757432479536,9.475479283568644
24860,-0.060800318345284515,-0.2141854544526651,9.52176432157628
24880,-0.23794520256157942,0.041164140808754204,9.93279246122052
24900,0.3157809376058948,0.11884405328308525,10.022188280446379
24920,-0.013789785555427035,-0.21626924857555513,9.804719165693673
24940,-0.052956556094976376,-0.6560695182678922,9.780911365944023
24960,0.10691277609946803,-0.19288544841373692,10.19773040847592
24980,0.20514467156622573,-0.3130579166577287,9.940347205922762
25000,0.1268314992608301,-0.31900485123883293,9.952402271040352
25020,-0.12759044611854434,-0.3016264631900967,10.03571101665074
25040,0.07825437182855127,-0.16890367977692308,9.5890813783256
25060,0.11270026533550898,-0.326131165824674,9.90352437703833
25080,-0.044574394133613034,0.3316901282228606,9.635394962565297
25100,0.14578640817963726,-0.14053972405214663,10.130728239250786
25120,-0.12368864762470136,-0.03079406580262747,9.569982117919588
25140,0.12069007329404935,-0.23433903620992713,9.540548877707996
25160,0.22861549236621023,-0.05371057476754341,9.690091825322765
25180,0.09930066933147194,0.23117008338230707,9.701007669146211
25200,-0.14740741650709313,0.07491761389664689,9.850352521294154
25220,0.10852607611427362,0.20312247127091576,9.876281141839717
25240,0.18159284505246684,-0.0036725189590147258,9.931675794553966
25260,0.15603911772069243,0.0474460570874844,10.08639558843838
25280,-0.15195464784499393,-0.16080731060744816,9.9029427735358
25300,0.01642504383938923,-0.046918790512867015,9.64096470335864
25320,0.03844706265685567,-0.06083930268492846,9.966895873610735
25340,0.6032219670814342,0.13884594571547623,9.884556291696013
25360,0.1584137777182759,-0.0501317039068921,9.941164933999449
25380,-0.01477611471152052,-0.09939806683853615,9.802546802089047
25400,0.25050987965817095,0.00674923508421299,9.81237954836447
25420,-0.011141503689160441,0.061825514967406625,9.725578202509729
25440,0.030261519288025052,-0.20092514204182202,9.97514782912425
25460,0.33862739573042,-0.11927155899090901,10.034030024896605
25480,0.27612557578209346,0.4468995903748916,9.778000430221082
25500,0.09381573599300025,0.19012413072550732,9.772530400875599
25520,-0.10831957233593488,-0.2664657392005391,9.857298756065367
25540,-0.5322798841426628,0.049603323800931146,9.890316525941197
25560,0.055461649796715265,-0.09136868559375513,9.581791676612799
25580,-0.14732477933255697,-0.31845141994488807,9.776731886854261
25600,0.23540471307639801,-0.09605647522120779,10.29808882380809
25620,0.2492352611800353,-0.24347753428055255,9.839090528220781
25640,-0.21014862548213553,0.21029435024101853,9.543278590358996
25660,-0.2175580714793124,0.14289118378499624,9.6343293382035
25680,-0.05251777767713968,0.16581100084947573,10.147820385958065
25700,0.04821680336819681,-0.07787469349701731,10.236737375955716
25720,0.20457943715018645,-0.3219223226590652,9.724293049636863
25740,-0.22488851535790488,-0.1961167495813077,9.871202610328988
25760,-0.38177661199786356,0.15317537588646343,9.705558733998465
25780,-0.04320529464071362,0.02864321901772428,9.988744115451398
25800,-0.0851091316342397,-0.07191302097729643,9.849757121245778
25820,-0.013914986730299514,-0.10571101173396301,9.38375704960403
25840,0.2803731953153727,0.0002172895454225317,9.942478318288114
25860,-0.09315462413422594,-0.177228286715321,9.736736643480976
25880,0.2010976988019552,-0.0915823496941257,9.921733360444053
25900,-0.03691142844288366,0.34113177984919013,9.661221861020955
25920,0.09753827585716361,0.4474812885181818,9.536775815946418
25940,0.17060131635049325,0.08920165524571784,10.127106096279455
25960,-0.015811027357257233,-0.3594677942663642,9.837835541737665
25980,-0.3045502340954327,0.3780310674861571,9.836449452293753
26000,-0.1911913133823907,-0.05370689365936335,10.080928524222141
26020,-0.0343044422222031,-0.37000069076729536,9.865009559048097
26040,-0.2934785523346226,-0.12419310698840856,9.701250261761524
26060,-0.2630964609900907,0.17832206952799173,10.191549571870452
26080,-0.10539205370139303,-0.1924687513442322,9.674047860307057
26100,-0.19910639590719323,-0.04609309994431969,9.887218694978602
26120,0.1370975286908752,0.02244567645629275,9.730773934216435
26140,0.13133156475146748,-0.44184005108548646,9.840094813660695
26160,-0.49655818708111144,0.2890152745277045,9.778785817085279
26180,0.10724872509542874,-0.035543109320156044,9.903966935027476
26200,-0.1491688724730652,-0.054766465381148745,9.679743376667224
26220,-0.0455916641039439,0.20044403213433146,9.523224560137894
26240,0.26359872909976884,-0.4658791760862106,9.604240346759322
26260,0.02249650816623612,0.11331427305599878,9.802177577707983
26280,-0.056331340549289156,0.000794565349803409,9.842898938322737
26300,-0.16791952820467387,-0.02108960971461737,9.744012086694923
26320,0.025428692418627177,-0.0931535252180885,9.658694042449314
26340,0.11008450156882328,0.16376135183799664,9.751660652070056
26360,0.16246407766737692,-0.4394928898877455,10.019263826139287
26380,-0.09111302199457531,0.020703399549769245,9.647263120170697
26400,0.3837602590956522,0.09406061172019013,9.651529870393748
26420,-0.013010591367057893,0.2284092192455409,9.699821206528048
26440,0.35789391548356486,0.42828058046279055,9.689917259058742
26460,0.02804591096523768,-0.3058421811983565,9.39998141575139
26480,0.33861343785284026,-0.24439405546139525,9.91345414100339
26500,0.3287892501195,0.1022525597685484,9.57846189433764
26520,-0.1422918281455674,0.1860716527482817,9.521061065928668
26540,-0.01638324135018556,0.07678984888891355,9.704921079235115
26560,-0.01941947670095147,0.17309394096419276,10.004087851377742
26580,0.15733920090808765,-0.14569839656785807,9.949528298673222
26600,-0.15485590640208988,0.17168364602722969,9.598191001104732
26620,-0.20826312569009212,-0.10704691952999507,9.819909975912568
26640,0.6050965888949524,-0.14575683302653056,9.79398163085058
26660,0.16349955418321613,0.03314919704292361,9.967066235188842
26680,0.24961204534468504,-0.3411497556077874,9.788879542209095
26700,0.06166872681230104,0.2702485537527346,9.916059908931684
26720,0.0915244777533131,0.18087146900935036,9.414742057706812
26740,0.17289023241465745,0.22606731452768702,10.199236367412274
26760,0.08395863030271354,-0.45627161124331644,9.685613008032906
26780,-0.017349607768384474,-0.0718674091816012,9.777265146588366
26800,-0.03230197377747554,0.19336794972035032,9.603052460054556
26820,0.3016911889899807,-0.20714131865827412,10.179160654302759
26840,-0.11055146290815401,0.24813990019382445,9.952346536780203
26860,0.1561467307131027,0.20025900681009334,9.79290338753257
26880,0.04271156286978662,0.4814983189688574,10.039721996418821
26900,-0.02061867564696684,-0.20066542313815416,9.650240643177233
26920,0.18956790197920895,0.024922623322295463,9.71325701479357
26940,-0.061823375940581696,-0.21313951308542164,9.87458310961061
26960,-0.39453055094568384,-0.06017198502810026,9.878813871615481
26980,0.19153780285988745,-0.090793519549944,9.465725142180057
27000,0.05345961300569964,-0.49093861511245457,9.715124877488918
27020,0.09258729307380788,0.4485324402302608,9.979426263759176
27040,0.23702570960452146,-0.2686665272080901,9.737051789116988
27060,-0.002619938214672735,-0.058236614265528334,10.07254922844687
27080,0.2700878009948763,0.15561309861498004,9.878594270866863
27100,-0.03624944702388439,-0.15195625521893766,9.851061687196054
27120,0.4479177400507028,0.10208152900188644,9.733032710005226
27140,-0.22736801149089306,-0.10416256498905724,9.931149380408899
27160,0.003019199180080584,-0.04884481146895807,9.670437140763497
27180,-0.05292191903548932,0.07834740820956543,9.434700693856389
27200,-0.24747825212690727,0.3789528751503774,9.865135513764633
27220,-0.19778606762955084,-0.04741330005304457,9.756332927956507
27240,-0.0037740050831869126,-0.10470789480468896,9.727570294139715
27260,-0.3513818178131965,0.006437956611812243,9.881372030481236
27280,-0.01605583812684159,0.22396267905475709,9.931153328296821
27300,0.13399703498718754,-0.006903296393661107,9.731911242669572
27320,-0.2375616117959649,0.3625675370737673,9.808130857456094
27340,-0.175357429675121,-0.15686497720230147,10.483639037402884
27360,-0.3078576540118824,-0.03148231588107813,9.636057953706086
27380,-0.11498984470701196,-0.2622745472549806,9.55003642441415
27400,-0.058683230554971356,-0.18043840958694535,9.512986159039208
27420,-0.18587215560086656,0.08071904344470864,9.847274158203252
27440,-0.16797611702183288,0.09307151357212266,10.079330119087741
27460,0.007214555525646288,0.21472177752357982,9.667105194680211
27480,0.0486574904991921,0.21584433309708967,9.856907678284578
27500,-0.2611629474733426,-0.045310512154229224,9.754901998202165
27520,-0.12717040939359847,0.29125015050972736,9.525941660187982
27540,-0.16423591656245987,0.19774917051084906,9.971115794906456
27560,-0.34287370238487647,0.03829084597790673,9.883966391912988
27580,-0.03538002436145484,-0.2585329185050798,9.392176725762898
27600,0.0589477695665232,0.0026487719547826213,9.782896765664107
27620,0.023466040697611566,0.05735487093203639,9.948068087131176
27640,-0.1959218889732141,-0.11371600293673777,9.397860768169455
27660,0.19255219995833642,0.15736234180863307,9.564540506572385
27680,0.14104685433732436,-0.07685117245974801,9.784462075857542
27700,-0.16045351963472246,0.01202461297841188,9.60182687925521
27720,-0.08763152784754782,0.12963871620291012,9.79833336261859
27740,0.15080544229725246,0.037268222582424425,9.656361786677863
27760,-0.11862598713799842,-0.21085873571691455,9.737989750749962
27780,0.20324827489535516,-0.08360145283546484,9.978164514086307
27800,0.279882691066927,-0.07542877746493125,9.953398214481489
27820,-0.032405959318905955,-0.18160809487563667,9.717373918810518
27840,-0.007217738963271614,0.011037568925955366,9.842688831030854
27860,-0.01023992571302676,-0.032760138731547,9.795127147081443
27880,0.24202081592065292,-0.1966830368776094,10.186597522090036
27900,0.1535657562092796,0.33489636217586627,9.697430100475605
27920,-0.2157875413992938,0.023943675335870593,10.059609772126212
27940,-0.28285859269073105,0.010362493801621228,9.683546796760966
27960,-0.1396436768287876,-0.09956368678348412,9.703267196122882
27980,-0.08209248680366246,0.14819101957295555,9.998255274900973
28000,-0.2147916991307192,-0.0830970716438025,9.810393267217218
28020,0.15655770341379693,-0.035793923177348266,9.820823261966192
28040,0.0007045283250163487,-0.06081969198042025,9.912546806327008
28060,0.16321493111532312,0.3088517893980426,10.012087054060952
28080,0.1818828218088645,-0.029390754180367153,9.708638056433
28100,-0.19182757344292603,-0.003673238363382612,9.982139117971094
28120,0.38510726993618943,-0.06035442991765671,9.732437339311424
28140,0.3034807616673121,0.14932774614842984,9.601588548867165
28160,-0.0538169686112583,0.05992282302333665,10.050218475213024
28180,-0.1827813164319809,-0.1354818896054085,10.027557301388367
28200,-0.17548439405751703,-0.1118056351157839,10.00649627314309
28220,0.0880727370277972,0.1359332323934574,9.643448367953848
28240,-0.1208250430427626,-0.1778625305673858,9.478583541071943
28260,0.04389783999268489,-0.15883106441098677,10.041200996225925
28280,0.33681862903049037,-0.32043344402869833,9.96696739984509
28300,-0.031073290262176246,-0.08188531394386755,9.751351835626384
28320,-0.08438178019224042,-0.11769763089191705,9.468349511933617
28340,0.06879980200966297,0.4544289581647236,9.535679854592606
28360,0.04485279265877681,-0.27043821051644723,9.778750414833508
28380,-0.21757257349880482,-0.1925042728817541,9.658073651874789
28400,-0.36713644752837715,-0.09798296967501996,9.569727189248846
28420,-0.0564687882979138,0.0981412650526406,9.815627956385228
28440,-0.10169364105496768,0.3776735217321917,9.76448838433115
28460,-0.11788163312092731,0.1725205500447407,9.655831597049268
28480,-0.012223350972366355,0.14294398484635684,9.682618524914316
28500,0.07266330781068171,0.40858643511872705,9.64666308012391
28520,-0.1861512604366388,0.13607013738156376,9.9081862155719
28540,0.12729788506386996,0.188741048961252,9.745900442724563
28560,-0.18504270501240822,0.09509459208408391,10.208727341816802
28580,-0.05069690950040639,-0.15564598889660208,9.828405166556827
28600,0.024167640994182976,-0.3815627451805984,9.824497152208252
28620,0.13032875679418846,0.023787889096812537,10.165452226725298
28640,0.23043249955262476,-0.1907894537022139,9.36843262948586
28660,0.0713353699293516,-0.2649720446829628,10.01892296546777
28680,-0.02507203303260704,0.254443798904064,9.940988361696633
28700,0.06787112480715354,-0.024833692142966546,9.645470793700323
28720,0.06428094432448138,-0.0556344805967854,9.790767967144356
28740,-0.1411013287740171,0.32406723659053344,9.598746822443703
28760,-0.011906169482319588,0.11038467375704829,9.969906726064183
28780,-0.0744846461485411,-0.06418296080479204,9.727753244561589
28800,0.043189391762783885,-0.15486086691146364,9.799519608535988
28820,-0.3426770390327719,-0.07796817724695577,10.158582320188843
28840,-0.2935193547665173,-0.15623844175002333,9.988516553817965
28860,-0.44816656222238704,0.11161421561731735,9.830185951284346
28880,0.14449175750525642,0.07614464828303204,10.062444299171151
28900,-0.0946888542635336,0.053944784114357824,9.6333655812223
28920,-0.01613232957015348,0.20998847709348278,9.894679525513352
28940,-0.397808784068437,0.029109004335458506,9.869289589902987
28960,0.09486607943375948,0.13379885839174338,9.875045242051439
28980,0.03374811914311869,-0.06986462710414756,10.276921821350166
29000,0.251389066650827,0.34125179141803175,9.492456114819277
29020,0.2871104172643756,0.0351395395051621,10.03301656207414
29040,0.06790788592870765,0.023017264324545057,9.911477073125655
29060,0.013442461196871742,0.4762006486134944,9.523241132174288
29080,0.0541391492717718,-0.061610308860003696,9.691843801425351
29100,-0.02954426119776611,0.3561112739345874,9.786162671200842
29120,-0.06782677454191376,0.051226998011873116,9.983162736593888
29140,-0.011690863582576644,0.3920616832296965,9.702876314576006
29160,0.03059597643612772,0.0997383448616137,9.909626893841219
29180,-0.16300176515203457,-0.22902854438334416,9.604061242905658
29200,-0.07575888674730046,0.018162872681631602,9.773735400555445
29220,0.3566662293292664,-0.23217172859761095,9.804279919392922
29240,-0.11367596004409267,0.13582133180512,10.05499746708502
29260,-0.09288270631510519,0.1784164332747051,9.646178990326478
29280,0.07711884983335994,0.0213291990014706,9.707384593280429
29300,-0.19377258827471883,-0.08417155942318814,9.713490888592972
29320,-0.08915830154551191,-0.07465014724743375,9.722201568289934
29340,-0.3015275232026533,-0.12331853905251909,9.786753036780096
29360,-0.028463002601875,-0.11167219374173248,9.435965733595062
29380,-0.20038861360582227,-0.1479842811079729,10.174869378092223
29400,-0.42363347325468625,-0.2632113255896652,9.88695686201189
29420,0.06255805028373032,0.2659143070868062,10.01091555987397
29440,0.13197393361936818,0.009936829258398156,9.598835114724938
29460,-0.05919135517621315,0.21152387522713945,9.580915470813817
29480,0.35466385862919475,0.22367702668763015,10.092564389581996
29500,-0.3542040896242947,0.15551293516719147,9.752126748724951
29520,-0.32349797813412373,-0.17921269035377474,9.752510858300399
29540,0.001506507439240874,-0.13586381356781793,9.605640665190155
29560,0.17309047646817652,0.10288799503009856,9.845748587083968
29580,-0.04233534849892498,0.11614995411103497,9.54020587652947
29600,-0.10144716536254228,-0.13728047650629244,9.947429201824356
29620,-0.23011746715210935,-0.2149172763501119,9.638525591987204
29640,0.3520544785257452,0.2191412592383448,9.549623692642406
29660,-0.1293815151737687,0.32127853434014436,9.94390614968452
29680,0.11355470454154251,0.05866370150794692,10.108152122434648
29700,0.03222361566991401,-0.29417882845674764,9.627853464158662
29720,-0.3001633663351956,-0.15614823907841424,9.440792103988914
29740,0.15510987683778193,0.4418697768107384,9.745195610424142
29760,-0.1437220205859801,-0.022177249150887413,9.685829997139336
29780,0.06862840566460603,0.12953458757245814,9.73583700313891
29800,0.09325834059938654,0.2551633192866567,9.8467939579517
29820,-0.051208105460791645,-0.0870061995428271,9.444442480162886
29840,0.3314514708693864,-0.18326503502778888,9.554057668489758
29860,0.26714988119827393,0.1038377405802457,9.60481886940411
29880,-0.025088349202005984,-0.3765056930332447,10.047703898432852
29900,0.15798191321290053,-0.17936690999603994,9.60084943974493
29920,0.24433088892238186,0.22364164922576452,9.499822271824595
29940,0.3522220485550925,0.1677745700910285,10.019523518041765
29960,-0.06940291196936525,-0.21672327404079694,9.636986899007555
29980,0.4055471558721867,0.0705335958181849,9.99285045329818
30000,-0.18824136793158028,-0.20999515930180299,9.70320632698129
30020,-0.24906496373498532,-0.38532390555399104,9.600289634930885
30040,0.1258444983187503,-0.13423234374955104,9.471941075920357
30060,-0.2022939659189405,-0.09799757679201315,9.530277098262532
30080,0.33561774508276776,-0.15657209232278557,9.44063503173106
30100,-0.38871683128289986,-0.05953846787458481,9.633192647451413
30120,-0.009650626659325284,0.28760350141654484,9.7548407390735
30140,0.11876207335092032,0.07978741150867341,9.892227652646403
30160,-0.3478974218912383,0.10147811631228043,9.807861497065204
30180,0.20215286495595178,-0.11812461196168274,10.072895434981062
30200,-0.303904600957072,-0.1537941585521679,9.855664915365846
30220,0.05651843509443456,-0.23290653315314658,9.472340610630944
30240,0.033365074167898995,-0.21165363514086422,9.725854516890863
30260,0.03574159762907579,-0.05523386559073991,9.643823374264278
30280,0.15904519543645537,-0.3334017875730118,9.74001764851242
30300,0.15452274616259512,0.18798225094196322,9.668058109751508
30320,-0.17636825214517135,-0.05634577597536901,9.747705741142486
30340,-0.19921030991133312,0.16825031759457043,9.548656666727476
30360,0.008092559860970105,0.07425202544825808,9.855705168871417
30380,-0.3474437145416287,-0.16324049493629486,9.678548363293705
30400,0.25610478960550936,-0.09723436904003069,9.722631430090333
30420,-0.048348056468542296,0.31421484131936017,10.151706683200723
30440,0.46205269472517774,-0.1292484767352877,9.818550461659576
30460,0.10344249565160667,0.07483744642456948,9.770933604473502
30480,-0.134428110719601,0.2519828855720718,9.396739427730765
30500,-0.21623174460608913,-0.1190440742494574,9.907889429217555
30520,0.248097540355076,0.18023432943667775,9.6334372299434
30540,-0.6639695328986248,-0.174387729394745,10.005299991729302
30560,-0.1002014366752033,0.05966044451042322,9.481318546936283
30580,0.41485477121288805,0.10130112659930511,9.8219060625586
30600,-0.024455217497886327,-0.014646822595975105,9.969924429741996
30620,0.12623204727093582,0.3356457913886117,10.092421490682339
30640,-0.012513014673920644,-0.04452661889794208,9.803258244200897
30660,0.10204934494868206,0.26364756522219523,9.816996655079336
30680,-0.17687281283320636,0.0029151254177026114,9.903627815850378
30700,0.0065561427430660055,0.003347665651119588,9.710565398589278
30720,0.24114294164593844,0.08038246051696285,9.430616636728843
30740,-0.010475773772896936,-0.0007314732002402717,9.874688823041112
30760,0.01696170014708624,-0.3197555118199324,9.82582879413461
30780,0.2368641036561109,0.031956110508867035,9.865068529523503
30800,0.20364391139857363,0.36052475654829075,10.237527435540326
30820,0.032060850284265245,-0.12030584588652789,9.964885366237144
30840,-0.17033217256904412,-0.08887675836294738,9.834088687476136
30860,-0.22727576165791172,-0.302177467998235,9.894784022338493
30880,0.03508146427518354,-0.10984299151408201,10.002202415997164
30900,-0.00256964652380157,0.009817349762974527,9.670090413409667
30920,0.3426466907603738,0.29094755049882215,9.757751575061581
30940,0.6308073800114699,-0.06100448515838413,9.909345615690533
30960,0.3257425098645408,0.05838824385730793,9.939011119768644
30980,-0.10577337850214108,-0.06158628563460497,9.693482334956858
31000,-0.06370321563239882,-0.15446089049715483,9.655364584888694
31020,-0.32949306110982945,0.03249072867860987,10.214602966338548
31040,0.04914488963022751,0.2685576925605188,9.534053479144713
31060,0.047268819395818534,0.010644673387505452,9.907041489764518
31080,0.18357887726256938,-0.05079841110103246,9.381266667899405
31100,-0.19593003402441192,-0.20864919413871205,10.023566075527413
31120,0.05466433712387286,-0.11605162828677607,9.756998191854251
31140,-0.007576492554265688,0.03077076920345838,9.889243376558719
31160,0.19101734540767146,-0.22348830040976841,10.35995847279607
31180,-0.2969013706262784,-0.11136492269771377,9.93314409850871
31200,0.25560565886764036,0.20468329853738268,10.112613013160507
31220,-0.0022433992730392887,0.32286301300762893,9.849104777260386
31240,-0.01993681265001228,0.18246403252700616,9.877988264391643
31260,-0.2567056907079233,0.33869993251696456,9.693981462868477
31280,-0.05340064480949417,-0.05135056316785698,9.63414809951828
31300,0.04701247227756151,0.3964705125676775,9.794563872046108
31320,-0.06668409060335813,0.2383523431586205,9.63043181104032
31340,0.022377921089675932,-0.15784542395164067,10.157362140328873
31360,-0.2491100843428999,-0.21740734570374787,9.772891899010194
31380,-0.0190508759418666,-0.20494424547463594,9.755235431497079
31400,-0.20464922402007418,-0.22399735710699661,9.9185083228225
31420,-0.3935294614903722,-0.19131714727605778,10.27082141484522
31440,-0.29735957213408387,0.3360143119091979,9.958621418498886
31460,-0.07471700062487437,-0.5233904999371664,9.674152517360884
31480,0.057210139960404166,0.18365692128919048,9.404581242642651
31500,0.0004609195774503923,0.016729338884024347,9.904902498722358
31520,0.2606787600649905,0.3082233824853043,10.055428906031736
31540,0.054504572115929066,-0.2462466439645895,10.021088952242884
31560,-7.234377140301938e-05,-0.23605652476530425,9.879166494099632
31580,-0.11479456409294334,0.08731352025213246,9.80857752213447
31600,0.09591061316923728,-0.29628024202579145,10.012259032486915
31620,-0.027367800851899257,-0.22001289715738623,9.663857918785173
31640,-0.3914968111132262,0.17706920519986866,9.699986914539261
31660,-0.024010625279566725,0.20353037193304313,9.513609231361226
31680,-0.017027536092673795,0.12946968311438273,9.923723338604193
31700,-0.03700525438904175,0.03420966661928528,9.827898768165749
31720,0.5452449242068473,-0.41649868912902904,9.778011645635024
31740,0.11635069327850363,-0.19328189069050294,9.87735164057806
31760,0.16206836982478556,0.29091460460084256,9.845985183821094
31780,0.11972773481850883,-0.009473041743523411,9.709292511129831
31800,-0.0997553252832658,0.061025650702168914,9.863461053632792
31820,0.042293357703937925,-0.10649761840261483,9.930594418694351
31840,0.04626188422739275,-0.04451235560014998,9.813681233489714
31860,0.05117146469129648,-0.01462212813439804,9.926120811692739
31880,-0.15410191968163434,0.16584433710452406,9.84114309591883
31900,0.06016511248927921,-0.09440999441273466,10.366597213648019
31920,-0.07284620795703482,-0.061535473121562934,9.765985868064533
31940,-0.2506262698255101,0.4819111528630896,9.902653518425673
31960,-0.2162584685063183,0.24742816520351898,9.836987499111036
31980,-0.09224923244300731,0.34290608207822076,10.017547080463018
32000,-0.025647354395647755,0.28181792685681173,9.998567664144607
32020,-0.27471740838848835,0.013352344945310492,9.76640681708865
32040,-0.3285174346181171,-0.4213119208709828,9.574974564262796
32060,-0.21390305831255074,-0.18297627908906555,9.733301947840424
32080,-0.12265246177156833,0.09173315624593864,9.801846543805139
32100,0.29393632347300375,-0.2991850486965529,10.01381392293916
32119,0.08404168870880128,-0.16759370188199327,9.701040478425327
32140,-0.46887410773733235,0.27426771363663593,9.949111065837469
32159,-0.12211398008420477,0.2341921381317046,9.75950611554994
32180,0.01320554350902408,0.008042569325626936,9.493655975171228
32200,0.19725932029986581,0.4234496663717173,9.805966398836992
32220,-0.03590569290826764,0.037222600617750554,9.866636611927659
32240,0.346657523706029,-0.20770617077482784,9.599816764721318
32259,-0.1548275175548452,-0.2594160944975121,10.119225967632387
32280,0.406550101868409,-0.23416356451835618,10.104122222429393
32299,-0.08114448941482594,0.26829207694742724,9.414874371290615
32320,-0.023309437798505226,-0.017900136377756934,9.802615056212794
32340,0.0673436793715034,-0.19692932931318585,10.048126510616248
32360,-0.11476744628752762,-0.09956541393722686,9.916209334237303
32380,-0.2281519220850286,0.05184924334851964,9.409289489177628
32400,0.07970903656618888,-0.1630286474239854,9.724380269517827
32420,0.03866422524800481,-0.5122750060983964,9.858812484069778
32439,0.31197818236841934,0.19636787473268322,9.818793370662911
32460,0.17063615195534462,-0.26170037230013093,9.457035618722049
32479,-0.12853597279343693,0.13625103515838066,10.116256189222796
32500,0.1086869204713543,-0.007949659469864723,9.7606359799114
32520,-0.168829093721726,0.056072051386752766,10.067591003932776
32540,-0.33846023926461544,0.047424535514352106,9.780022285051198
32560,-0.06022320171924936,0.025898359500028063,9.589227968864268
32580,-0.13191973144372662,0.09245818501173195,9.905397733258
32600,-0.15647849255559898,-0.0530667135574497,9.82432113170106
32619,0.1751040845931281,-0.3672634869867529,9.933183129316733
32640,-0.029919252366182286,-0.22987702782521,9.508018663055028
32659,-0.208450664306006,-0.33966785304437125,10.251739855456197
32680,-0.12215904631406055,-0.06031306823974883,9.700923876000529
32700,0.027520208264039638,0.005291754135146766,10.176904060664343
32720,-0.44189403454324866,-0.1895063495152033,9.44660893667341
32740,0.06950400126117066,-0.35714199566598276,9.773546576533787
32759,0.019359761515912302,-0.08879689824884779,10.082745166630952
32780,0.068961050322967,0.11173539136853719,10.110871616135343
32800,0.24097118805645837,0.08527744037722791,9.94668597785374
32820,0.23211029275148448,-0.15949912536430444,9.760950672932694
32840,-0.11688260363127856,-0.09118444431435033,9.679983205243763
32860,0.19930646016850675,0.23901073731970915,9.922874773067658
32880,0.016372397876938907,0.28689024545691566,9.730930649891746
32900,-0.2610304996976426,-0.01257263293397183,9.802041676118092
32920,-0.028599214235873905,0.2010181622718589,10.06321439476548
32940,-0.05463841384695074,0.2090681556714269,9.834614277035513
32960,0.07405902739461893,-0.1337661608239287,9.617154339209511
32980,-0.18278087152315595,0.11115329904317135,9.574918659493243
33000,-0.18871185340713004,0.12204960321777306,9.561547880579976
33020,0.04166729225748378,0.08425715757305792,10.100123990024569
33040,-0.16622168780515365,0.29045793063000863,9.652969604423854
33060,-0.11348306621855564,-0.10679203812998486,9.61966919088851
33080,-0.15784498037329298,0.16470358392440543,9.624197576265797
33100,0.049582367542571164,0.01673961476034538,9.594119245035367
33120,0.021170863763673463,0.24028996990610355,9.848240953786945
33140,-0.10859441103662298,0.16807592185614967,9.978713315626718
33160,-0.597778802046806,0.0907004889483188,9.780832640640865
33180,0.11361388850368191,-0.08346546452801268,10.001946927180107
33200,-0.21008658488767606,0.2022524555066812,9.483494153531861
33220,0.0021679664215978863,0.27952987918937566,9.703695426178616
33240,-0.12415680556673139,-0.090451572761349,9.697227095053435
33260,-0.39137233063754845,0.0847690321307503,10.255838727111836
33280,0.07984040049355684,-0.036543623021467665,9.774516626403638
33300,-0.1310020133994386,0.03314589082734309,9.749926961534566
33320,-0.0440800214895497,0.3932153292599025,9.482685904302748
33340,-0.003333968828489395,0.09225568138675011,9.729532876502619
33360,0.4368209347074715,0.3782687097162358,9.471225843301735
33380,-0.12659183769226556,-0.21284670636787406,10.005881660290461
33400,-0.0888637968518902,0.26319460990585,9.624407925607608
33420,-0.15944051740688206,0.06546323817470487,9.393145167756654
33440,-0.08664513576459629,0.27418056299013005,9.817954286225929
33460,0.029415986994190513,0.21407277470377706,9.71801119830739
33480,-0.07939068145864127,-0.10865219614247984,9.569044162270844
33500,0.007995687042677176,-0.5716279984075492,10.041585781416384
33520,-0.03258011416259491,0.17970859201512063,9.750530786557986
33540,-0.049159891095091404,0.16821565942528738,9.324215256135838
33560,-0.05984681344058899,0.012929625154939735,9.870529277346277
33580,0.4706375558883865,0.04492365405226928,9.728238513625653
33600,-0.18261607972212565,-0.1466881335859761,9.60402839469229
33620,-0.01678590238280387,0.06078398553398853,9.563213998445551
33640,-0.21387971749537193,-0.03754348262883736,9.908143793392489
33660,0.11150339857359788,-0.11897523160576876,9.686428244377044
33680,0.11291546577127683,-0.03278068330838632,9.717182685512375
33700,-0.04808603406199113,-0.28563809107766935,10.087900813343728
33720,-0.21620139511686817,-0.38765187540755636,9.780180142611533
33740,0.12577121970438596,-0.007909977899687328,9.879856202094526
33760,0.23163964305325818,-0.01605234521981999,9.939374230526282
33780,-0.34197121039614525,0.40611166286205935,9.445782065975727
33800,-0.17554010936403452,0.24408670463045828,10.241890704244046
33820,-0.04475424184855253,-0.28111914800370635,10.004949431303581
33840,-0.02727532750949753,-0.3469866996393294,9.807135581237844
33860,-0.01128704575789662,-0.3540705390210393,9.692514828501604
33880,0.11725934542373417,-0.09547190296382503,9.803768204742449
33900,-0.0794216330214781,-0.20033709200291297,9.905811312848664
33920,-0.023946913601690593,-0.020800969092458373,9.508743267318144
33940,0.12062285601189034,-0.20183549210537133,9.61110247140825
33960,-0.07347221153506703,-0.12156545216092769,9.980751721287584
33980,0.2837210620778717,0.1886742085782828,9.689935469918147
34000,0.02922614143752671,-0.003597222195020157,10.153826988028893
34020,0.20383074213198618,0.35591255052654525,9.30795244439652
34040,0.06734752277550202,0.1025398374776761,9.978586437569273
34060,0.16790520165511252,0.10397290949944196,9.754739455372077
34080,0.028294981527737892,-0.3645050004128523,9.257501386713141
34100,0.053168195308757264,-0.3194899962210545,9.898888202952744
34120,0.1147768053090756,-0.0043764489884244515,9.905179088512735
34140,-0.06049844507824892,0.13874421756179184,9.652550274468474
34160,0.3423438510398982,0.27697477373917806,10.066424647901624
34180,-0.10506330312745296,0.14714167833868808,9.723515170702127
34200,0.2740135808622625,0.12006553018603941,9.97311291340208
34220,-0.033211177924077545,-0.12523112034321116,9.737122097720702
34240,0.2161031111720024,-0.26140056142021073,10.051200615762136
34260,0.13593355338779176,-0.15183823794702767,9.892998405192364
34280,0.28853350685125334,0.06436258665779807,9.804750497820326
34300,0.6249278320761248,0.04543966909931792,9.904369728680864
34320,0.5407635993046941,0.11655969391940602,10.047638556414233
34340,-0.03321198723676329,0.15215563264121193,9.68974299539649
34360,0.06393340602348568,0.6515514432125404,10.176508653710146
34380,-0.10392946066902886,-0.19643443319308584,10.124573555656387
34400,0.08722508710289788,-0.007001518308569073,9.918212783861396
34420,-0.20383639614230906,0.05737800186816046,9.973884500399384
34440,0.12253463864616339,-0.002316027488237426,9.760228279173933
34460,-0.2465108480219428,0.18811387195612644,10.219253757688781
34480,0.3409307682277897,-0.05329828735778694,9.647046127163435
34500,-0.036870074089346304,0.1923279885133673,9.916628975802668
34520,-0.21140656440452427,0.006325087018018394,10.321749058859764
34540,-0.07139502176227418,0.16794305162547962,9.51438798085343
34560,0.05218345723359863,0.20080987390250443,9.664535051044373
34580,-0.20157040692937753,-0.12137044692622441,9.769055414078784
34600,0.3484010875030332,0.16699869198172304,9.55528564131679
34620,0.10496959589753665,0.024766699043379903,9.676608314131537
34640,-0.09066930370244197,0.1495494123685407,10.006418399660962
34660,-0.23054521953165585,0.2681008007139472,9.828742983351923
34680,0.06006787222929583,0.07696365977979548,10.011338401234879
34700,0.09838398913981665,-0.07921015318211654,9.708359824445623
34720,0.16320962039251613,0.033820122747066916,9.578676841918613
34740,-0.006955859451773187,0.09122709190655842,10.005137038476839
34760,-0.1625064332043877,-0.006192422970521636,9.936143716420482
34780,0.17742348334281102,0.09673446189784558,9.696491962766027
34800,-0.015347866668948142,-0.02453625637309921,9.724629293742892
34820,-0.1868153702642162,-0.009306478752447729,9.615607011507864
34840,0.009393660721124715,0.003116556036403807,9.445081968734957
34860,-0.031041206669265436,-0.1848944013121471,9.907611159483624
34880,-0.08634415526481552,0.004565729421146116,9.744051385666651
34900,0.14687035799367754,-0.0006161700690838039,9.953170599116715
34920,-0.5208345879331739,0.5519527665013431,9.71353837675442
34940,0.1541879248486691,0.11858381778984689,9.87984814665001
34960,-0.08578179414394257,-0.02672430349657173,9.85215746026358
34980,-0.10526259462332513,0.1234867476998704,9.849142780848148
35000,-0.08000066182231165,0.21510151533966157,9.933420335258754
35020,0.05866032425144394,0.1299967134234461,9.554015056730115
35040,-0.24668539245898458,0.050580240636521806,9.859572104320856
35060,-0.024388524632920402,-0.14474906153296663,9.622952973492904
35080,0.19410611772669414,-0.08112136412595608,9.690703193859516
35100,0.15224290271401608,-0.16572684235240695,10.095015165810993
35120,-0.21601828132425643,0.051439941530756,10.070779351114018
35140,-0.1655389953205029,-0.13579201933983828,9.88328255552776
35160,-0.2977314207916971,0.016457619905942314,9.709811521715775
35180,-0.2888902140225821,-0.2920879453945981,9.97470010811596
35200,0.16351786460668866,-0.020370939606111187,9.983742981495112
35220,0.18187789861776826,-0.0632562149524911,9.563959224822934
35240,-0.2509495427977718,0.03552498743025207,10.149194062760206
35260,0.37420604095241444,0.022997901737911913,9.630492000544258
35280,0.26692371729473197,-0.35690124154645486,9.94506272296364
35300,0.1162204507210596,0.09085026893695008,10.028192630908572
35320,-0.08639738544906178,-0.40246909020373595,10.296504234270543
35340,-0.10587070608641876,0.021308989332354478,9.653570505521694
35360,0.1612272318201097,0.10030213965867835,9.869051663981653
35380,0.10711223841833205,0.08039267946510666,9.400084264620823
35400,-0.2954048258767174,-0.062267497483989825,9.806030464727376
35420,0.0459760644932184,0.08815480521761054,9.648875791815831
35440,0.04155591002632064,-0.36111696633171125,9.811630480804702
35460,0.2773583015960858,-0.2351595047563183,9.677806874526793
35480,-0.17027397540014932,-0.2642001699371302,9.567104083692259
35500,-0.06702864379549778,0.17361282678428,9.877307353831508
35520,-0.03708938317358995,0.060365673989051585,9.57371035760995
35540,-0.03824585309910702,0.05123361197247678,9.635363232718223
35560,-0.1201431066093221,0.036656299120386614,9.604618513645908
35580,0.26972956779522783,-0.028263287091449343,9.984407019364136
35600,-0.1746491362552334,0.17190865162110325,9.797527756146039
35620,-0.10522772083188166,-0.03126776019813209,9.670426618469024
35640,-0.19517511681593147,-0.25417356421150605,9.431227070897293
35660,-0.05646367631683065,0.3147196128660144,9.719888641037363
35680,0.20809071116861896,-0.24266466409091142,9.77844083675357
35700,0.03574767204663408,0.14743411290170141,9.55943536003215
35720,0.14824705278580416,-0.24363905809457453,9.585938642693021
35740,0.11710945192938767,-0.08757291980610063,9.772975906139523
35760,-0.036572398548062345,0.23273803527985581,9.798320809409148
35780,-0.3616865354521577,-0.20465710937017723,9.888243463676348
35800,0.0389089702973672,0.09374716886805662,9.686308989384187
35820,-0.008266125896769429,-0.03343403835411606,9.721651940699086
35840,-0.050393100363864796,-0.06489219702587933,9.711321695070241
35860,-0.092179642749175,-0.08548435446042656,9.494560954406722
35880,-0.04561818128127044,0.29967164943157415,9.87194570920704
35900,-0.14320451791927244,-0.09915258726559122,10.116905873982661
35920,-0.15954381470348702,-0.0052718314412103714,9.760066788735594
35940,-0.12891557761757189,0.06762157805267884,9.839096040900186
35960,0.04285951274739309,-0.0034625187171199823,9.901942522007321
35980,0.3394490549486229,-0.1416214425020956,9.343852886438517
36000,0.12417242977998877,0.34823532271624374,9.856718986909787
36020,-0.37931588765949,-0.28564746495221777,9.806866575799939
36040,0.029296511870640824,0.06169380579451779,9.927176908796964
36060,0.10532089985918691,0.16907796657258206,9.841547821936674
36080,0.1693265929193937,-0.4272218719365759,9.95469124361444
36100,-0.11304617155311791,-0.12620141327883502,9.65908623136145
36120,-0.30999194657122053,-0.06754757871704814,9.911905093670647
36140,0.1697786877700612,-0.058177547764660255,9.822085642399667
36160,-0.08689109536095868,0.14421765424378077,9.969662675055107
36180,0.37371481000808227,-0.39769241456646387,10.006088673630755
36200,-0.2282169792790094,-0.3302780761584841,9.6600628470412
36220,0.4011491392374046,0.2591023447219236,9.509439192471499
36240,-0.23503087291691127,-0.004060303557820197,9.967861610621743
36260,0.39251130954567004,0.012908436172196676,9.888925096061888
36280,0.049838801121108146,-0.17227813604096137,9.43049611251286
36300,0.20340697890091547,-0.11303454258274293,9.944391963856688
36320,0.1296164341660052,-0.10293444799700975,9.791015562695973
36340,0.23382105722871344,0.09973826038564672,9.858664762641878
36360,0.08352440543579503,0.22670939415126312,10.135032958841808
36380,0.1876463925747648,-0.020730931291885277,9.850854143309462
36400,-0.20876600191107766,0.11885595520498476,10.0717335385793
36420,0.0024987947499715136,0.051684588051522595,9.520623621528085
36440,-0.22887508534525744,0.24019467197379468,9.654118548369846
36460,0.007908352926291471,-0.18437276051958207,9.84967759308233
36480,0.06599845686586994,0.025948118665211118,9.763699123628127
36500,0.001187496117169469,-0.09459727134831225,9.577352569712682
36520,0.23722333820005292,0.08320733058405862,9.653051389715142
36540,0.1895654517288141,0.3432798946952653,9.726823340246003
36560,0.14844096016902122,-0.062488689689738544,9.965480811371178
36580,0.2151849442372635,-0.0930166776824074,9.751919254079638
36600,0.3199614096939702,0.17567680213386386,9.58011575802111
36620,-0.13459838714788222,0.22243651726342473,9.552650322585054
36640,-0.05138553146125277,-0.07558370685281923,9.620907307955925
36660,0.032865163399940105,0.2984866229475363,9.588902011405038
36680,-0.17194756277063591,0.42518655505885433,10.092522295990122
36700,-0.07975112432281585,-0.09389858018116892,9.70856854602094
36720,-0.29033302265194844,-0.21470426591368166,9.714270457256788
36740,-0.22326257847041384,0.059380600020514686,9.404088235185464
36760,0.28779646220035715,-0.0162010126509334,10.10651118783921
36780,-0.03619678200713119,0.39145207451593556,9.874070503940716
36800,-0.3683863817162992,-0.08106945704981182,9.956597943113003
36820,0.06100095168792844,0.10527568839859158,9.695406111918466
36840,-0.06683715407850749,0.10587930941514745,9.889677534747257
36860,-0.37941371767034415,-0.20673745894342718,9.495968945178063
36880,-0.14702758404410907,0.044070268872358646,9.934950527553989
36900,-0.05284646536067016,-0.3430933647766146,10.16025161423053
36920,0.05016747676584185,-0.2061818715461995,9.792915689965493
36940,-0.11498770797623328,0.24142384733693234,9.78675969114104
36960,0.2299121839283194,-0.18325520519633706,9.616286078042974
36980,-0.04202045747794547,0.049317998336456906,9.87766609865351
37000,0.4739806024196529,0.14125319547868098,10.078849688146096
37020,0.20086551406647835,0.22503658041835461,9.59499141666491
37040,0.3057587133404242,0.27302991248118036,10.361910488456312
37060,0.2683236560519438,-0.08925171098773944,9.823305068864183
37080,-0.23605590640310187,-0.16147917743741086,9.872081655166385
37100,0.26526284208260664,-0.017247504711436306,10.021284902014052
37120,0.5400368016922713,0.1424090306197293,9.670445137272264
37140,0.3608696704479829,0.012952383016313318,9.446965686493195
37160,0.08340646091018845,-0.04930992031009685,9.748937957811034
37180,-0.19598365866878442,-0.059205835574752785,9.932810987822435
37200,0.23915923002262646,-0.16570769284616127,10.246387051219727
37220,-0.08188296401152169,0.363156498962914,10.153742011021707
37240,0.06490103693702112,-0.43141293818102683,9.804190415866493
37260,0.19478328992488636,0.1119461244536655,9.566739783243689
37280,0.24433674690038615,-0.04740756364529619,10.14642655069129
37300,-0.15187049692837598,-0.09536062959615023,9.859425494433799
37320,0.20491828114664506,0.14627758421419323,9.79805752068044
37340,0.1169902684845564,-0.2622027416386569,9.801996930158
37360,-0.043203940373704494,-0.1839361061749796,10.01580504002055
37380,-0.05082018624157913,-0.23985821404952234,10.061695983993609
37400,0.08971475379819657,-0.287976906170376,10.084479840871985
37420,0.35423744447581434,-0.2875914435371038,9.722858517112035
37440,-0.06418636372793474,0.16695038771794019,9.953980409247473
37460,0.19401231624462512,-0.02068077841375883,9.704960266367353
37480,-0.15355480085287843,-0.08867209749890352,9.635637484835913
37500,-0.09399607651599944,0.1605716783190073,9.666286478758218
37520,0.0036123437157821246,0.06842635308861077,9.860031103628796
37540,-0.013846935218440501,-0.10061643934996892,9.731435868120121
37560,-0.01818299349998502,-0.024853963609217947,10.001944434095334
37580,-0.14174234113523607,-0.0520031669710918,9.660050411456176
37600,-0.11678082404026915,0.001931889252994647,9.80641563975399
37620,-0.0768603878500623,0.31949248357526416,9.763825953789846
37640,0.13850413842697387,0.031214704095770564,9.82771688335023
37660,0.07654758041212002,-0.06798749697657279,9.602206586033637
37680,0.16129458340328287,0.032906057865353444,9.882601230817592
37700,0.234674343220423,-0.1016017171971775,9.571376870740988
37720,-0.007568688522736889,0.007057509966845867,10.127076529418186
37740,-0.12481409392656627,0.35238762673146173,10.067955733892019
37760,-0.14175808463964676,-0.10738856632392653,10.107941396469888
37780,0.32982430973427906,-0.29233379678137056,9.989943236349216
37800,0.181757148521621,0.2804760437804996,9.459967951586217
37820,0.3098987226731993,-0.3082767929863912,9.632995890146775
37840,0.23854708029633542,0.31622151758578587,9.658836876432868
37860,-0.020551694458472235,0.05250001637770532,9.683382303609342
37880,0.11014278959298163,-0.3916317453699498,9.970057295228665
37900,0.03324732679541807,0.16247499121341344,9.775671915259027
37920,0.4485472523792641,-0.15649762251815724,9.993851574529153
37940,0.12288519890091171,0.05929493901408564,9.594836077980787
37960,0.32580611629630885,-0.12054314553757058,9.852489483531336
37980,0.034300003084481716,-0.30122592279119537,10.019867485398443
38000,0.2729734466362127,-0.19476726360865587,9.872604774521903
38020,0.06298539577902433,0.2866994814785,9.491275159821786
38040,-0.11206082614539387,-0.08002372115638524,9.95228898048785
38060,0.275361956594224,-0.024677880778105725,10.125489112598396
38080,-0.12680130212959528,-0.10748596405284282,9.810099156428024
38100,-0.04258508691298075,0.054356945707530815,10.056904622038482
38120,0.16786231964907855,-0.00728857360368122,9.995504449985178
38140,0.09325833570367634,0.2712148343528029,9.80811671290245
38160,-0.06817037099275484,-0.1147402189302737,9.892421842906204
38180,0.024091908111331575,-0.020323501599522727,10.010242437729897
38200,0.2780995108376288,-0.07453664638100356,9.492539545814457
38220,-0.12734831344352454,-0.16077433977996233,9.803474473110072
38240,-0.495495822036438,0.09881136338662815,9.306823801265239
38260,0.2219737001209987,-0.2960725792144469,9.898631107188592
38280,-0.09102488378113273,0.15400479747895543,9.74224575388871
38300,-0.050476619604709144,-0.19370207333789707,9.716055897912534
38320,0.16501518495893913,0.32621892341093583,9.557863578321903
38340,-0.07843889905400947,-0.033086290822669215,9.632191139786586
38360,-0.03506780958029961,0.22310744650842992,9.914477239449937
38380,0.23561979630434848,0.2930702965041271,9.94586615310832
38400,0.1380463299259366,-0.3024210518669075,9.93737360865756
38420,-0.00179990582375137,-0.017199728151485374,9.671212433416905
38440,-0.15697575418253717,-0.08313621252042212,9.995222640575433
38460,-0.1834460495912824,-0.0193939156785045,9.608118358342153
38480,0.1921000304998669,0.24173981669821956,9.973427599589682
38500,0.12266277538343101,-0.0904230426699884,9.872010558010277
38520,-0.18298208149105524,0.2906970701905411,9.815125417449435
38540,0.056836759057481624,-0.011777335059276597,9.854713855225324
38560,-0.4138937390502586,-0.05442162314387891,9.77019800769544
38580,0.13816465830329833,0.352686147067482,10.180558763084951
38600,0.06142673386419839,-0.2618268556747803,10.212678783545023
38620,-0.14197570458954697,-0.17915166363488014,9.850886483365837
38640,0.22847466784449094,0.23690957997448098,9.613478554504718
38660,0.07814588763451674,0.12421942259650612,9.760828518133485
38680,-0.06431392771850139,-0.11227131614785475,9.87591384549597
38700,-0.06657794125975212,-0.1316727689744087,9.959919298162912
38720,-0.05731325774403755,-0.16820732873694902,9.780862771261704
38740,0.16555117820823306,0.08290794749948985,10.317717588057778
38760,0.12464491966400729,-0.15554346647328737,9.792649388292691
38780,-0.08817093342356719,0.3094963829885873,9.246915661176178
38800,-0.2441408644922899,-0.31834515584071865,9.700778711738456
38820,-0.04564383129910495,0.2461620665137573,9.519625563520066
38840,0.07249693139537637,0.056947497998607335,9.533557514651037
38860,-0.16578227119734332,0.2522249227934511,10.126252804722633
38880,-0.15837206134745774,0.398475675353771,9.86401081798176
38900,-0.03683580107769539,0.08739572248965757,9.594004314590205
38920,0.05865349341322379,0.4622009815882102,9.577493867186051
38940,0.12417879505716818,-0.08710702731475506,9.62829644868357
38960,0.21172195230587287,0.3666692806093698,10.016346558347328
38980,-0.3689861302769272,0.23884687031468124,9.80557000144416
39000,0.2009435069601301,-0.02787839277625158,9.893624727689344
39020,0.0693618202313773,-0.21401408488540025,9.80831489839
39040,-0.11407148937552372,-0.27821923925876585,9.562598654094428
39060,0.16001893796931044,-0.05119679696147487,9.974356715007994
39080,-0.4114455123286962,0.12961350624684517,9.759670990668013
39100,-0.3776094378322589,-0.40095411640346423,9.883337054305068
39120,0.38761008616523585,-0.2730771571027526,9.53916966755002
39140,-0.2706422853424645,-0.3264550352337149,9.763560653358738
39160,0.037043121503183854,0.0763896202641673,9.862644603599522
39180,-0.2293249308698294,-0.004846050751805014,9.429577500241832
39200,-0.10258411710924183,0.5100905047155002,9.837857538722854
39220,-0.21521001319146174,0.04745899765375154,10.176558236426139
39240,0.19299685532158548,0.26939953394684835,9.792032705531186
39260,-0.4135384006273324,0.0017389393049970876,9.887370608254528
39280,-0.014242753211316746,-0.22635385932918242,9.62724245971801
39300,-0.21584146253926384,0.012057097264589185,9.939113402197673
39320,-0.22484782147457127,0.4452322645143365,9.904385744076603
39340,0.148619359165416,0.16827617849092036,10.07473974363632
39360,-0.19701404341515083,0.025228706409895676,9.683032998050784
39380,-0.03605621364935303,-0.06795197383941491,9.723389942692208
39400,0.08136123006992126,0.0703228834341846,9.7562716745387
39420,0.0033004706834570477,-0.06634920179951717,9.874457716462812
39440,0.11839682427756658,0.05786602599064358,9.876977383156348
39460,0.2004556159183063,0.08522994487430784,9.747718884134056
39480,0.03998548297951451,0.0472894064554275,9.83487555919345
39500,-0.07520138772694612,0.18085737815754102,9.834688577776728
39520,-0.022876180763106924,-0.1537483782741048,9.831401120014542
39540,-0.09438197619373477,0.088102470401108,9.69647417731855
39560,0.1841244164109455,0.09480470552152037,9.43272194843814
39580,-0.15147251293051703,0.06497571892211905,9.921384215848011
39600,0.05920388567138521,0.040213934000789514,10.218755844977338
39620,0.12155475369223445,-0.07247280906543639,9.917818757747012
39640,-0.15136388660569552,-0.1986819009846481,9.611557167306433
39660,-0.3184364019791746,0.03618895056338137,9.73591509616903
39680,0.15899795643594342,-0.06281061952709743,9.947974643216787
39700,0.00986991736728098,-0.035978302158270165,9.492572526888662
39720,-0.029362004414989314,-0.2554557075559262,9.655622876789456
39740,-0.012970724888217683,0.04352633016907852,9.575029033518186
39760,0.025967835248201655,-0.28410037010246814,10.031801688306013
39780,0.06834218162162174,-0.13539088449690215,9.658899206588465
39800,-0.029859400054954324,0.09846676069763462,9.907662505130011
39820,-0.13551043749896263,-0.015417425779056158,9.959168523305472
39840,0.09115473652688612,-0.11175736169699138,9.86274009180374
39860,0.13168865833114604,0.08338316954252707,9.94656971295685
39880,-0.13792036273220595,0.15449278939896002,9.662630893418402
39900,-0.39440982177616635,-0.4062292701213352,9.773601836458889
39920,0.19924375456677282,-0.246429256864632,9.644602435348204
39940,0.16526554436447483,0.16831575972062307,10.156076420579131
39960,0.14671554609563295,0.16285159790145678,9.503930457714675
39980,-0.09669829881182858,0.10184220870915556,9.732040904829361
40000,0.2255604513842919,-0.16106828241466267,9.764551836244163
40020,0.0826128059751651,0.08534572979981152,9.875657807879035
40040,-0.06884403989608452,0.06374145216997816,9.667528440922316
40060,-0.15350120513461107,-0.24120941650427208,9.906817277296048
40080,0.32787800528111527,0.21845103464249518,9.878026884778391
40100,0.029356061553746426,-0.47295783142166475,9.662548977956485
40120,-0.007339937045189391,0.14255207781584675,10.083482164351718
40140,-0.1942566139560589,-0.09048641159387696,9.75182118865163
40160,0.14591814269968617,-0.13865910386582744,9.695954758179303
40180,-0.0462449019643699,-0.27741581945681165,9.828780938334138
40200,0.344505184891424,-0.21965156608162886,10.138800835255331
40220,0.030396596838517392,-0.4156171521002503,9.65747604152719
40240,0.09782677022575441,-0.024062750389315476,10.02297570041519
40260,-0.16964939538851315,-0.2888832300508829,10.111463482536614
40280,-0.24443567022720109,0.09833867334175372,9.429076542155146
40300,-0.19062917089815287,0.02074353439841531,9.853607012568126
40320,-0.1069156499554723,-0.10005125082431077,10.185702787423905
40340,-0.26910060295237964,-0.20572272993958307,9.94184989260528
40360,-0.2250714317539716,0.04182928090435545,10.251346875916116
40380,-0.270308655685822,0.0394589973953497,9.642032498347193
40400,0.07464039336202878,0.048291602562503026,9.752437904284786
40420,0.15315632469956283,0.2127071781116237,10.02272349985692
40440,-0.1649643310675828,-0.047098174476100006,10.039509679975424
40460,0.28757741557200367,0.053800937068794664,9.692614340587664
40480,0.07742215868043348,-0.006070958200359391,9.634912073138217
40500,0.00609828560760441,-0.038593931247245666,9.717824262866225
40520,0.04810950094613495,0.029220189416962108,9.56725708836813
40540,0.3435215388046172,-0.08422289444407115,9.906323607505636
40560,0.13133626240916804,-0.26596520326492396,9.746250054865223
40580,0.2193372369438208,-0.08972647431042143,9.832316477511394
40600,0.5999427497832016,0.07874031162967901,9.702548931217068
40620,-0.05170410890458246,0.2864138978006364,9.984338939558084
40640,-0.04457997282812437,-0.16694537726998632,9.849923639484384
40660,0.08956537213524857,0.17688054116592566,9.743643732866012
40680,-0.19582214025791597,0.07234654538437615,9.831387321291812
40700,-0.13372244284568463,0.21179051263728838,9.742631329007402
40720,-0.16782603817219513,-0.1768916198992233,9.419145404046422
40740,0.3531349803239862,-0.013229408156178839,9.73172116787017
40760,0.10162780088497021,-0.1862866813263805,9.697661290228183
40780,-0.09076752313493953,-0.03416927850337584,9.589083296617142
40800,-0.17094235951992925,-0.20025635645930479,9.561632449629576
40820,0.13760860635838526,-0.10759994169124161,9.865771464483341
40840,0.18613625988786525,0.05849453899328904,9.549582301308286
40860,-0.07918846696904142,0.34978967486112644,9.924927466125201
40880,0.1858867078206042,0.03327723943085449,9.779288387681955
40900,-0.12246024990010539,-0.15442715509531413,9.95073974221695
40920,0.2397226096608742,-0.4813314873031594,10.086604688728157
40940,0.10349198945341682,-0.2796709607151433,9.67691986710614
40960,-0.053327074633378026,-0.06834370742770184,9.530204771881818
40980,-0.2723550825757747,0.0012963042300588418,10.10722298175103
41000,0.01416913171190874,0.10723667437228679,9.498221426232732
41020,0.09631498691587419,-0.2736543979563734,9.980488628752873
41040,0.3715489432527536,-0.1329162480015173,10.170510014034193
41060,-0.09201332416859598,0.22592797148460286,9.828267658734408
41080,-0.032135725272651953,0.09253616985277313,10.215392908222363
41100,-0.17381251300161854,-0.35341439149440584,9.469084304476567
41120,0.09501186887113763,-0.12678295224161654,9.813597255744197
41140,-0.05019786786726595,0.078279894870324,10.059686338023178
41160,-0.20192650069289303,-0.039604655941767306,9.6040061453956
41180,-0.0684386292943953,0.050492757298297865,9.705125211555957
41200,-0.0620930039968051,0.01679725998546235,9.62792635736288
41220,-0.17779639712427814,0.2012246136082764,9.90513379410173
41240,0.047901484349417475,0.16231505545576796,9.824115041041683
41260,-0.132644183663806,-0.19740871699524795,9.913340555649068
41280,-0.10673644163689594,-0.061353360119087014,9.865463493216817
41300,-0.018443782866697386,-0.008958478413451692,9.65863721329198
41320,-0.3371471297390238,-0.24885851870267872,9.880945882067921
41340,0.0238219775086867,-0.05806810304754535,9.652072737759353
41360,-0.08550707970351905,0.338500477309346,9.970066998992626
41380,-0.1667830323930815,-0.2531702632363155,9.847306366225581
41400,0.35692691996124837,-0.08025752213026714,9.681009066208205
41420,0.07745429406210456,0.15994069265834995,9.871893691425223
41440,-0.16810328265318825,-0.06999866032763129,10.024880412135335
41460,-0.30923902493674515,-0.029173547638030595,9.722943469124376
41480,-0.15810381072998705,-0.030995407357408872,9.720603991817422
41500,0.2531411726364037,-0.16238168100782238,10.13328783094687
41520,-0.448477660480016,0.11232485123496228,9.708172273855732
41540,0.07289879585926483,-0.4736354626827279,9.682311600334247
41560,-0.2335303272306466,-0.4541345764366663,9.869338742197401
41580,0.0317964789951529,-0.19986202403632974,9.579664808562681
41600,0.4382706449732739,-0.05579430457455538,9.901880359051301
41620,0.22034175096610265,-0.3935073624962284,10.184057488399942
41640,0.0626823131406441,-0.10957503955177623,9.799424239561155
41660,-0.062489839237969184,0.144747764427475,9.944953357717118
41680,0.14319222157899633,-0.1578783454169009,9.660950748062778
41700,-0.18410184403489316,-0.4796097338977501,9.725115356692772
41720,-0.21460535579493764,-0.14851725781718314,9.580220702683262
41740,0.003073603822378238,-0.06909907359689675,10.060652468237993
41760,0.35169658338103454,-0.05320977935597335,9.831258931153403
41780,0.05029445242401263,0.02648397645220879,10.023535367956095
41800,0.22515763478402648,-0.17589391210083755,10.057261018717327
41820,-0.12851177071568162,-0.02698006915384789,9.193983826121942
41840,0.016875743852016935,0.17487924402592886,9.605455048968679
41860,-0.29686493404017056,-0.13473314076595572,9.964811097875863
41880,0.02506697759971345,-0.11186924326257575,9.96485346130545
41900,-0.1361468764921147,-0.057486709546505914,9.866817148863976
41920,0.23515887753753245,-0.11234674051201582,9.5716161885006
41940,0.12714463126375125,0.5093974271792555,9.882863473939588
41960,0.11572277434166528,-0.29555477380861694,9.607737495129062
41980,0.23559081312418564,-0.0868598818520601,10.493447649614419
42000,-0.08363009541910209,-0.24431684173894325,9.578561670065897
42020,-0.46831600953826114,0.07735218564809108,9.679335059310437
42040,-0.36397953577120723,0.3654777313218175,9.680509149320683
42060,-0.01602071521106872,0.16160316762322702,9.31609032269788
42080,-0.2748111726305387,-0.017161160138953867,9.576048631144074
42100,-0.1753506591412476,0.24939752892842054,9.992049164023465
42120,-0.14681649694646695,0.26346910658957173,9.775922086666187
42140,0.027203022179502035,0.24545139656445114,10.014689108368627
42160,-0.5785749466919599,0.050553244265673924,9.874989126771123
42180,0.10406321937822914,-0.0036229098916842166,9.645215521902276
42200,0.0886597816131752,0.07443981715090749,9.652885954056991
42220,-0.043249388633517155,-0.07614259972809473,9.806092496317293
42240,-0.0534144237491562,0.14137640412237132,9.535706856160388
42260,0.3384296485585266,-0.07933261274277309,9.63149444938376
42280,-0.017180244710310176,-0.32446787647788083,10.224034123509265
42300,-0.523448031614388,-0.22328797527689606,9.887550784731886
42320,0.23268314981037894,0.13441514358537757,9.610199295813192
42340,-0.26054555434109294,-0.15249563578550576,10.02781219628666
42360,-0.018420493354118578,-0.2522857800264187,9.831529756770436
42380,0.297942813578924,-0.32082876376117875,9.783118727635813
42400,-0.22389206711099977,-0.23042119799420943,9.927989189913234
42420,-0.0875436047252339,-0.05448809260473608,9.957886123427985
42440,0.10493113490551549,-0.12811981510545556,9.562542077781039
42460,-0.0676602841362079,0.23936308117814448,9.735142564348168
42480,0.12277390687492665,0.04219412201836024,9.736479483520347
42500,-0.12742052175080443,0.21427391054746342,9.647469611508233
42520,-0.11424091537008624,0.05960159712399088,9.899026735963018
42540,-0.036057948290729294,-0.14799175844552623,9.265514610616654
42560,-0.051495896864583945,-0.06148848208267278,10.270182371695851
42580,0.06454895519707587,0.21776734921646623,9.885229172906577
42600,0.16721303603771617,0.1701702058391169,9.596705459870444
42620,0.24747850803807303,0.03079411305277277,9.526504948615477
42640,-0.28104081087488636,0.0985571637679225,9.69774506599623
42660,-0.09175968901315845,-0.059592131403159,9.710833479496177
42680,-0.00856274722766273,0.17594009446239958,9.83666203102547
42700,0.19052447107726728,0.029172945222389703,9.995662431071496
42720,0.15939779440377014,0.057725058569662126,9.376312122598582
42740,-0.21201983513233968,-0.1067902063467609,9.599765628242737
42760,0.38880966989666205,0.11722070382836279,9.872133009825234
42780,-0.044476885478963765,-0.07928239693452588,9.778337051296848
42800,0.46237509180955083,0.053674757534542594,9.691696712564493
42820,-0.16958780317413724,0.11340528912518269,10.058548937885652
42840,-0.12567239082209278,0.004726796772415374,9.602755852606279
42860,0.3026145559349857,-0.18643678824306947,9.947870009888863
42880,-0.09467381861166618,-0.47689332104309967,9.566976197694933
42900,0.008789712725512062,-0.042935965574135496,9.87004872036025
42920,0.22497250155180815,-0.06570935070069679,9.655809756292868
42940,0.10735927951595173,0.06345698547425675,9.563646690013739
42960,0.4082250992726983,-0.07358131716818236,9.96544589541844
42980,-0.13232145869684583,0.015724318859319467,9.757278791969433
43000,0.04075524278008971,0.2535907435381794,9.811820605930768
43020,-0.14249975419217406,-0.1476100130105149,9.902840110518293
43040,0.14801607083415166,0.1638430007655142,9.73107231707524
43060,0.191020042036187,0.13857734450534595,9.888310278994146
43080,0.10293594538225864,-0.03797673240385003,9.410062646778197
43100,-0.21620723830871072,-0.01736181786751911,10.059172764136507
43120,0.09969108412081211,-0.17640706641014692,9.793922305753053
43140,-0.19870299828471918,0.1949816150004495,9.641149661405096
43160,-0.1493378081519737,-0.26574969659531145,9.651132018848378
43180,-0.09104336735514754,-0.16782253181149634,9.603360779163017
43200,0.020554658422521924,-0.27607715527955906,9.7745250746935
43220,0.08866315093758372,0.36048587007225663,9.799358769072768
43240,-0.15361007923109601,-0.12795698534406494,9.878317663145253
43260,-0.054945831951149285,-0.05866155797745174,9.85483381027649
43280,0.37367223237285047,-0.3437762936330068,9.920038954603104
43300,-0.04198201323853161,-0.12050064924786262,9.878773346228167
43320,0.07080942275069715,-0.020599877888295405,9.94509250816823
43340,-0.1419130225379603,0.032444962417017685,9.772792253723113
43360,0.4404225306886863,-0.035574817163835294,9.708343604236006
43380,-0.14868762102442598,0.0038345744734136727,9.870499231384496
43400,-0.04990263182105565,-0.2974976980962504,9.939510405272102
43420,-0.07088033732201578,0.08369843777512626,9.993711949407366
43440,-0.06678365486066654,0.19575160188999452,10.028318799067511
43460,0.14867225342888174,-0.25092648152703795,10.046851778201884
43480,-0.07342737815699595,-0.04177193380784905,9.305694642608868
43500,0.10781165064315866,0.04928479500324365,9.695762736751604
43520,0.3664105949649976,0.1846480351650697,9.978296943434872
43540,-0.23765300887135288,-0.14333202541192774,9.732309026512167
43560,-0.11169973923559831,0.025582020427952996,9.745092522836933
43580,-0.2183229613220787,-0.10435496394368116,9.869948987753238
43600,-0.016159026603285116,0.19419849353482405,9.70770240821597
43620,-0.13091826979992446,0.0091009764425732,9.678723347796126
43640,0.077617396222609,0.19734206479818495,9.598752375266404
43660,-0.6911657853050484,-0.11943700887734279,10.09958403501282
43680,0.15986744996876065,0.050695150989720175,9.8663535308505
43700,-0.16524887423639073,-0.04575633418399405,9.840433267920224
43720,0.015278425302725253,-0.5313656543856365,10.175140809112124
43740,-0.44735714667047843,-0.22788025722174493,9.842489925308305
43760,0.2026643477849404,0.05937414462385418,9.794872183791206
43780,-0.4512193531777271,-0.25439824316908055,9.846482315850428
43800,-0.30712104936808654,-0.23554427503382983,9.662669553599741
43820,-0.00301856358695004,-0.08347040581173833,10.22040606081103
43840,-0.25163102474509075,0.006902346942331034,9.979034157057807
43860,-0.19810411874718253,-0.19295140811838504,10.115664766943086
43880,0.36213890181643993,0.18642910584613698,9.751760421446871
43900,0.03864373309561321,-0.2444085062139895,9.452635656635552
43920,-0.13153951456978683,-0.16471134610051086,9.99878111464131
43940,-0.1689135537785051,-0.2538939773645267,9.408791595559048
43960,0.09361401829411581,0.17137041723173949,9.658356842125734
43980,0.0927541081114425,-0.35015498406091794,9.806094572679754
44000,-0.12167179209454713,0.11419591400457402,10.142848051100703
44020,-0.45391073519972913,-0.22351260336870263,10.155043327229576
44040,-0.19720089896181536,0.2895947589968823,9.887010661516435
44060,-0.5612566155501856,0.14808326927379323,9.727272623986632
44080,-0.2753257797116431,-0.12923693386003585,9.851713024690099
44100,0.047989813288364096,0.16808965510351812,9.931830431373067
44120,0.21784861279443107,-0.16400208283659035,10.010054406389564
44140,0.19096024059764793,-0.15925167197934584,10.19723548792776
44160,0.05129918662529437,0.06117568519519881,9.662927979968263
44180,0.1339292367536482,-0.029271560012278097,9.766103793657392
44200,-0.36013435844791103,-0.27945877539461667,10.032622286939723
44220,0.06218469386907199,-0.18242383663676076,9.614803247926432
44240,-0.4155626043206046,0.46736931821707367,9.802378641159143
44260,-0.2611356643377821,0.1555431953338046,9.733894915321663
44280,-0.018321179984612412,-0.16154941838732206,9.755304396604513
44300,0.37353565442389486,-0.04693674794399872,9.94235093928051
44320,-0.16335865424480844,0.12354437446561028,9.816183723313042
44340,-0.23277450631910043,-0.12274847881783535,9.508648851468305
44360,0.07283081939833022,-0.24842119283186437,9.720597851134206
44380,0.10879132231014284,-0.030717693801674828,9.785369460576806
44400,-0.2736140776496892,0.11663573874283467,10.012144757137564
44420,-0.007284413435737697,-0.04514798670038329,9.152735566302189
44440,-0.18895435697286056,-0.23047330697738821,9.836293135700947
44460,0.10576458253028596,-0.29703798969603434,9.972704192419569
44480,0.0470257213073283,-0.41626911084476736,10.00002273127939
44500,-0.008138761300363055,-0.29654833248319673,9.877823998680869
44520,-0.05630149709844168,-0.1143591123435654,9.910065299045037
44540,0.054065809429327864,-0.42656150788986236,9.907279379470246
44560,-0.20369224146403836,0.10761644434611212,9.934868651191467
44580,0.31084161548843,-0.016076296132003853,9.996431027386746
44600,0.39131279330802665,-0.0009708884788153041,10.06582275793753
44620,0.1562343154212259,-0.09204655936282892,10.014411630757815
44640,-0.22894668742711,0.17909907675577935,9.996558858700494
44660,0.3378081939942238,-0.1401326830717415,9.627712669833699
44680,-0.29439800461632715,0.2098853383713394,9.85984089521373
44700,0.13643261800328124,-0.09111216920291733,9.705966328405797
44720,0.14812520261444936,0.16075328005828796,9.436089798306934
44740,0.0403640192031436,-0.22738603155208362,9.782673673189853
44760,0.19442908040345944,0.016413698643966076,10.123382944663978
44780,0.2962904900234768,-0.20999328385313665,9.674866930603777
44800,-0.24313546772230066,-0.2679578125477095,9.465903323265493
44820,0.2266193320942536,0.1678644979354284,10.105435052381836
44840,-0.14408929467840076,0.13744728676358023,9.577294839734359
44860,-0.005297044086157803,-0.21873022340478054,10.096604648343357
44880,-0.21621320386767484,-0.16325708766867797,9.841415007505724
44900,-0.07796535453476579,-0.16131482179491685,9.911019323851653
44920,2.441783862812443e-05,0.12725142680863044,9.92547178397783
44940,-0.0960292555319131,0.10022715657059678,9.940888162692165
44960,0.03262013550902362,0.20004957852664124,9.636774283522552
44980,-0.06806700053793555,0.059494356180518106,9.860304361507572
45000,-0.06744312393338418,-0.06921328705338035,9.696629563905585
45020,-0.045107139595346735,-0.018467629980745977,9.804059237105236
45040,-0.11208246991741776,-0.11616255699449202,9.558490355497621
45060,0.2887601570284056,-0.04891539737273627,9.867875976251833
45080,-0.24639297113832825,0.1787117383692641,9.870569595584286
45100,0.330012471809547,0.3871085894428811,9.601603533913188
45120,-0.07793714547115914,-0.3346557915679136,9.86978847867637
45140,-0.2606235725838732,0.11896386050323048,9.94436732971175
45160,-0.30749202823528465,0.045753854655022484,9.740788206018454
45180,-0.11671193949544177,0.08886337142931933,9.70574519158408
45200,-0.03268862465554483,-0.0016556035827208577,9.504460460254792
45220,0.06066473256727556,0.14112678196786302,9.687789540858418
45240,0.3467181313892015,0.12113818402543351,9.618766760668038
45260,-0.271072601104902,-0.11201550170452178,10.023646194302986
45280,0.13476536061266975,0.0672759000376015,9.912737579926441
45300,0.14852915273381606,0.08327066714357251,9.686841581376687
45320,-0.20113118974695232,0.2400179256802482,9.988914899264886
45340,0.089202474921759,-0.21562230032431007,9.874021945913405
45360,0.3083779457678925,0.04399682382330651,9.509399974292474
45380,0.23531766490258357,0.018582796105107532,10.193392486466342
45400,-0.1347140738562644,0.01911334133346624,10.086355324362243
45420,0.2820232381067886,-0.119169527411587,9.835696140379973
45440,0.03180811495381666,0.18898016199162632,9.78353104236366
45460,-0.037453865003742974,-0.030928136658546757,9.825828890391323
45480,-0.07944418349098169,-0.3136936353463176,9.842336581763805
45500,0.15851575164761886,0.099991758527809,10.024775814508086
45520,-0.001449988185867542,0.08500809411478218,10.043261683810885
45540,0.11097466901270275,-0.13047707235303166,10.17729831834831
45560,-0.06114221057961433,0.040191704130773984,9.750818629573626
45580,-0.021020126868597697,-0.17637539104060537,9.821069312528117
45600,0.07677937989752315,-0.05928414913694394,9.66960327037181
45620,0.0697962569048207,-0.245662859729061,9.745796582225408
45640,-0.07127265348842464,0.06851452218127752,9.715877517035992
45660,-0.000819715948397866,-0.09061448223283615,9.933991599119818
45680,-0.08184015051202266,-0.02086920129911343,9.965516371191354
45700,0.017634729831146022,0.11188808713102678,10.117176998879787
45720,-0.27918175047056937,-0.19454260248869892,9.849253952697314
45740,-0.12368868441343375,0.28147977334416396,9.659955991496574
45760,0.21463000316194203,0.31147761844579547,9.810141921626386
45780,0.044084233125768264,-0.24809770387489466,9.426144943311916
45800,-0.004323275832440301,-0.06631317695961973,9.425851386917783
45820,-0.2411635852833307,0.03297322963906201,9.914740309823063
45840,0.02205337848971274,-0.2096149411518321,9.656595302438927
45860,-0.05375734270607518,-0.06285472674026281,9.606304091948736
45880,-0.11001990989134791,0.07400059544068452,9.980613577535761
45900,0.2913718558099827,0.2497323502167554,9.601430102502956
45920,-0.37614145700745083,0.13954959431160488,9.641891019808865
45940,0.02687641646225318,-0.3716699344031422,9.634122934041113
45960,0.2133910755994451,0.04987790383366799,9.762118044203955
45980,0.21315269596762307,-0.22805842369577933,9.996500381031423
46000,0.11079211064734713,-0.06121246702223663,9.939690141136094
46020,0.04030578133238477,0.2139095484861654,9.687777012532763
46040,-0.03875878018340734,-0.026146228033026343,10.138478127133238
46060,0.06347402665876473,0.2701903159871973,9.575119539419543
46080,0.0006350639120402154,0.054682095760249655,9.730485050932359
46100,-0.013306772445746254,0.2298997076158437,9.840387013290346
46120,0.011220089553798553,0.07660548121364832,9.674555638017639
46140,0.22138238701254395,0.1340604816204268,9.857385795249186
46160,-0.0013600206511379714,0.1664658974610338,9.714922165613807
46180,-0.14121210616301924,-0.09898409176968137,9.982401753489622
46200,-0.22358390625538213,-0.019986270490482447,9.878199692150952
46220,0.046184092590193515,0.08569576489584355,10.084485245788871
46240,-0.3819880045210111,-0.06421128151132975,9.788925441703904
46260,0.2162034421001463,-0.22496766564305035,9.685291996870955
46280,-0.17178568006221517,-0.05354478082891395,9.68368124349696
46300,0.08076890985195184,-0.3666312838211887,9.877920108027594
46320,0.272261742111303,-0.20823976846541445,9.704891009457837
46340,0.12996835245772495,-0.14319951921840532,10.241005392967635
46360,0.2941076828454082,0.08244550656523339,9.806449801984416
46380,0.4880482807944647,0.2184919022451225,9.408450214199975
46400,0.17364843109136577,-0.2457331219671441,9.664374679767826
46420,-0.2315264761004289,0.3632096521975145,9.800168011260691
46440,0.30118204579710167,-0.17911138380236158,9.596755435168678
46460,0.08973446166329023,0.1945402150833161,9.519912529191698
46480,0.24534687651232395,0.26253558863769555,9.948146679074396
46500,0.22229202618585125,-0.2280406186783752,9.909536831670566
46520,-0.21406058062823435,0.022940016598366,9.591222530035958
46540,0.25666386872134217,0.16926701050717127,10.051822964488812
46560,-0.1873620823723381,-0.22886742146582223,10.077948399538988
46580,-0.059684883068546406,0.09552818001120546,9.771438656890032
46600,-0.3010132725927672,0.18173500010526084,9.797070214961114
46620,0.2854780694250511,0.27361819934180376,9.577127637719293
46640,-0.054190292500188024,-0.16651734340297908,10.02061469990632
46660,0.0632219938206831,-0.14333129447506374,9.51785819436101
46680,-0.3900339737606233,0.017617099681238795,9.604141339248633
46700,-0.18920445891546697,-0.3047569884249541,9.850909103375962
46720,0.13085159127774698,-0.27017807662610294,9.709888778538057
46740,0.23554232097883776,-0.2728168499087766,9.847469646424171
46760,-0.037250229287717575,-0.0008574831419775708,9.782375484040372
46780,-0.1950632793649544,0.03557171258135523,10.06845159771741
46800,-0.05261551314927061,0.10034817879045127,9.834847900367047
46820,-0.0012573599733139663,0.1901091244391358,9.733751171632312
46840,0.047511815288804715,0.2935189635765041,10.286237083956031
46860,-0.040657150374297756,0.08151211011227537,9.648263343671454
46880,0.24591467751159374,0.009572157334398066,9.61741084173908
46900,-0.18019389522221566,-0.08077810693889045,10.023539050573177
46920,0.0938151930023563,-0.08212310966289339,9.615136643919346
46940,0.05064134615684647,0.3683484000435556,9.842426122670773
46960,0.17701288904732237,-0.0029827268701094144,9.917074574918018
46980,-0.28779238191864426,0.10766789256277412,9.698257828433903
47000,-0.05757042501251475,0.08877722483408307,9.882799402655795
47020,0.04986239876806124,-0.13431998291757333,9.831416614137016
47040,0.16850810509658734,0.28678213562821,9.798377261266149
47060,0.021839175043388812,0.2169066944093222,9.68636438553482
47080,0.1666176172028475,-0.06292524762549512,10.151243378161752
47100,-0.016869380044184697,0.44015659434926946,10.045910655230374
47120,-0.08538575129381622,-0.08348664342087639,9.693425198641826
47140,-0.27367463406041276,-0.13892416878892044,9.946807978910897
47160,0.18888230989380095,-0.05659871322482096,9.917739087567952
47180,0.6445582027880186,0.22747543321417174,10.097970861447083
47200,-0.33060007453698126,0.020957043399330202,9.837332489880605
47220,-0.09194944868823011,-0.2225309529943454,9.902409613807613
47240,-0.19928959732864826,0.15420157544822596,9.765708447473388
47260,0.036961402229709624,0.01545042823026218,9.88430037140896
47280,0.3859842939038076,0.14761301746189667,9.742754952200807
47300,-0.08316597901720549,0.10591689729057525,9.6756349241934
47320,0.2390150948448463,-0.09945955971744047,9.778812921813417
47340,0.01344148784773418,-0.13575372411158013,9.557087149775313
47360,-0.2169683077640815,0.2881942336889138,10.083876638566249
47380,-0.20204308452541833,-0.16186781734891026,10.240435896867453
47400,0.20411659205587396,0.12917258168807602,9.825363580102577
47420,-0.06626940752619087,0.13238291784770262,9.889076365242062
47440,0.28415546650495266,-0.11300033645749785,10.008635569994416
47460,0.08114056654658518,0.10641270916991086,9.774837236103746
47480,0.0684602971981362,-0.08564239131377643,9.96404147531956
47500,-0.23502289960183056,-0.1185133963051372,9.804613763682044
47520,-0.0776822624183727,-0.22294998145333814,9.582063248342129
47540,-0.37479814413674467,0.18928398100467514,9.777738574484957
47560,0.09842259365363175,-0.27395307592526436,9.626384312289625
47580,-0.03421628160300653,-0.01403584709021474,9.91225510120259
47600,0.28449567481974486,-0.23580655364563158,9.827855744602836
47620,-0.12560215107837067,0.21801387713103282,10.062153084544583
47640,0.047747792220957916,-0.020833956306853165,9.506946048630102
47660,-0.10430090232034493,0.27756696527027214,9.860249391098947
47680,0.18135955353754069,-0.13044716352137964,9.742437179948844
47700,-0.24478193680976046,0.02686163538958652,9.985470164831003
47720,0.004252501750374862,-0.19172243978963646,9.609400972874447
47740,-0.09225840241548557,0.025250186317127884,9.518937959098748
47760,-0.4478657599099985,0.05212552647270683,9.764965551199467
47780,-0.187188028662855,0.009797421789105355,9.636462720714947
47800,0.25809319785469714,-0.18731248314346371,9.575762544938696
47820,0.20971604104466046,-0.05400580834067206,9.851613988931376
47840,-0.03207955024916286,0.1644224135078785,9.898132492062388
47860,0.2973445276370141,-0.39162546138556575,9.79035369267624
47880,0.08666550499953371,0.06896790160318392,9.848266913251647
47900,0.14147308649145432,0.21461800625010372,9.551928409337012
47920,-0.002519085572002269,0.33349763297126683,10.189026165372987
47940,-0.16150606159712522,-0.28261992202956365,9.860270028300123
47960,-0.023514066780458198,0.2620488487763994,9.849564438714362
47980,0.276023105230516,0.15958472078718167,9.859416361526437
48000,-0.057620593721298664,0.0012796234780908945,10.027820881724166
48020,-0.5390405434145065,-0.23150112229089254,10.043485848010384
48040,0.06601326223544982,0.29578881326471884,9.584989141431972
48060,-0.10928841697696795,-0.010341254699111064,9.851136328217407
48080,-0.5258193188559902,0.1441097946053605,10.048220719783322
48100,-0.0653271551075494,0.14379323749231712,10.034766000777378
48120,-0.06695208425862596,-0.2051380532055398,10.13551073584884
48140,-0.021290236947533948,0.22505224134266247,9.898372434242509
48160,0.08927795744556927,-0.5720854275075905,9.653568206737788
48180,-0.07163876969405276,-0.06602503367534267,9.826962095515153
48200,0.010064766282172358,-0.1722516650533802,9.725162277960091
48220,-0.18502674772346872,-0.007016831369994769,9.623368692939161
48240,-0.24036318023352227,0.4350341573274302,9.748505829967337
48260,-0.0017089817619057456,-0.19618639135428484,9.807617641206347
48280,-0.11221007159550252,-0.13515689207301793,9.953639312146922
48300,-0.13050051121205827,0.09322728284358373,9.898555928240766
48320,-0.19051964052500847,-0.2310186436557327,9.703829341602882
48340,-0.0127100428276603,-0.1525266918882588,9.626816200651584
48360,-0.29918126163929176,-0.03341573156435728,9.56783401247944
48380,-0.1590161786389114,-0.12844261227906667,9.72319959360883
48400,-0.18999655540648852,0.1358659873090197,9.639722275923134
48420,0.2872085937700539,-0.049847151066996345,9.668641546815733
48440,0.0788306552203023,0.16487030071208963,10.051099677859247
48460,0.014063735746881238,0.1816452664019751,9.846704831949987
48480,0.3392961237051233,-0.3817103657746291,9.569572277803879
48500,-0.29890365402328556,0.018789197551838593,9.815211161189138
48520,0.0698398128788885,-0.12122059042813334,9.85530096310298
48540,0.22261895876121224,0.19038191212444455,10.02761523586187
48560,-0.04107491482306339,0.06020251942427904,9.823241648436897
48580,-0.09371919819748979,-0.03739042301824591,9.947269794402525
48600,-0.09162345344365669,0.012559054956263605,9.751620045725236
48620,0.05390857379121956,0.1539730573745117,9.732452882758405
48640,0.03768482535145974,0.3197695147872439,9.869076351372295
48660,-0.08844069466058108,0.15439085361656815,9.740982489013197
48680,0.22380940610838393,0.11422323179396623,9.797009880488101
48700,0.2328909182271205,-0.016134552676517033,9.60501252864285
48720,0.12736926869401635,0.14057682342794373,9.723283549567586
48740,-0.3649994097089689,-0.14999692048410937,9.716432530348074
48760,0.009157709601198284,0.3758743135315389,9.606392104024332
48780,-0.0402263213067,-0.28234168593982834,9.779255083956025
48800,-0.24615535750340034,0.039913244544069984,9.703819014957707
48820,0.08025121321101289,-0.07578124278945685,9.743002210187571
48840,-0.2323218076999349,-0.30627715042655196,9.85655905644939
48860,0.15361113792615522,-0.28553321969157736,10.000100370406141
48880,0.1818573675062881,-0.23173520819634358,9.639108153273924
48900,-0.02844995884728584,0.04072198967913769,9.824872219156708
48920,0.3147941633351442,0.1082890841399657,10.144999125168166
48940,-0.2518382515629822,0.22963549299448763,9.571949366939323
48960,0.3232241993449141,-0.1254218692015697,10.233398679374112
48980,0.04217488642541593,0.1734470163118557,9.922315208074172
49000,-0.04128868086317195,-0.022307182264804645,9.883957334739666
49020,-0.04576162765212319,0.06514373111062581,9.948701700233539
49040,0.3169737958905581,0.13662226421686477,9.922862081648637
49060,0.010114670771506518,-0.11243317729817448,9.917153246853537
49080,-0.06569545954495491,-0.026696518188208743,10.045714906467394
49100,0.4568498781537125,0.08213914464687995,9.572109496700424
49120,0.030553514798083343,0.04087141953615523,9.90947058474821
49140,0.4536300127849575,-0.0952172793220883,9.587910055445
49160,-0.0327998595573878,0.2706638854104027,9.922823557266263
49180,0.10253336805005393,-0.007877486912780406,9.803376526464353
49200,-0.19222312439146363,-0.1325434371900219,9.7794407076922
49220,-0.1587820319330946,0.28952592002720584,9.993244589760113
49240,-0.032311434262223895,0.17776484392084665,9.89734614528099
49260,-0.31722776022455834,0.1572765300463693,10.26109967836047
49280,-0.1139303587924002,0.19206413695066238,9.87234932982999
49300,-0.20165718021001644,-0.139965310063682,9.90186506596546
49320,-0.10492649834463469,0.053302968420320035,9.948567141206953
49340,0.200029245071419,-0.00023758565962415446,9.68752934047228
49360,-0.050041511881849625,-0.04549820785845195,9.985932131137597
49380,-0.0784106539050257,-0.01199497038404073,9.726409393157851
49400,-0.1932209099935518,0.08185034990642717,9.484536233165342
49420,0.08656285656048514,-0.16243455283097855,9.835641371303504
49440,0.04025147032432361,-0.21285823691664843,10.13681358969327
49460,0.28523451168044306,-0.016462808431317952,9.6763099293721
49480,0.08251994632884885,-0.44172216025681277,9.375276609203075
49500,0.17717180196591278,0.3520953822782843,9.629372123290036
49520,0.05557136794247927,0.0031923714160624604,9.843182998921579
49540,0.30177993611025367,0.2238473511858346,9.654823263015746
49560,-0.285955812741282,-0.41861557458242554,9.605968688264307
49580,0.07907572862327629,-0.019653907229953933,9.905106194793898
49600,-0.19828076239533915,-0.16042563126240345,10.101674497258667
49620,-0.3122880843470064,0.11940228786278678,9.879883906074259
49640,-0.03262430547347197,-0.0708110075061571,9.72620072342517
49660,-0.20286649748948898,0.3226170530206594,9.891487366561329
49680,0.15927379524990748,0.08295583316419147,9.671066284959627
49700,0.035500985391711704,-0.2914943700786906,10.004915325245772
49720,-0.15858223398869595,0.07668095547437778,9.997792393248549
49740,-0.15496319903867414,-0.38017068523532394,9.64899604063941
49760,0.1409320177551002,-0.08323805457387741,9.802309704748808
49780,0.019973682356932282,0.24538169232474943,9.69818615256932
49800,0.24321643157812717,0.06966778016353813,10.05413073401669
49820,-0.1422263929489302,-0.013294775124516543,9.684228007013228
49840,0.4559268789749822,0.09310220266818353,9.79266530551927
49860,-0.14150606082469555,0.3676163461415138,10.148971886595982
49880,-0.437072102577608,-0.10450787361953995,9.523269758622913
49900,0.02286981536519431,0.17630309955591106,9.875322430108719
49920,0.33020533708884725,0.31365753661617424,9.93348103703789
49940,-0.14892592656118087,0.17850336409736733,9.232045685813151
49960,-0.27029701301829245,0.3629139256739676,9.372512526306181
49980,-0.45829800086184,0.24057273686791647,9.855872724487268
50000,-0.2434185496006582,0.13566523122363308,9.686105334103253
50020,-0.055993060057636934,-0.15461194729195663,9.84243305414273
50040,-0.008151919759141158,-0.2920670224019247,9.64154149873598
50060,0.05917177178725311,0.22482893749810287,9.92024499102434
50080,0.2730968552562667,-0.023105416472935854,9.679430200252924
50100,-0.20091467698792634,-0.21572330010413554,9.989505716822574
50120,0.15013183090597576,-0.12473763155527232,10.312678061543384
50140,-0.03434319855519042,-0.4330429764451104,9.572239836142815
50160,0.2961976212384436,0.08891878813604094,9.989577632552171
50180,0.054508117961202474,-0.23890134430340593,9.307742847734398
50200,0.07028673048466284,-0.04842736824217144,9.420508150279806
50220,0.06507179262171463,-0.20386971700814638,10.140831774615352
50240,-0.145307081739357,0.01942736232332075,9.671212778598273
50260,-0.196007231722946,-0.2838230639885451,9.942894081587813
50280,-0.009222480911333333,0.04441442356307071,9.825135539728677
50300,-0.20887922676540002,0.1756982996755668,9.884090815287003
50320,0.2996408379936634,0.13567405623087223,9.811532740445088
50340,-0.2816386093585335,0.09655713331234878,9.90986477198497
50360,0.036610468253270745,-0.13196653500883782,9.843987447396234
50380,0.04507808619402195,0.14374031333297482,9.40296520717459
50400,-0.10925471855900577,0.09908591149039597,9.545959003655264
50420,-0.07606639783842503,0.15901910762356686,10.070730597504248
50440,0.031721933254262695,0.18203578795818742,10.14217323407598
50460,0.17752429824206034,-0.37529015714733005,9.474805526987307
50480,0.026299822125670686,-0.05369642335582532,10.121580545321223
50500,0.06471248727858249,-0.44743288752125693,9.713460731075935
50520,0.005447674238243231,0.0922758776545153,9.852783072862868
50540,0.5313302507522367,0.12242448203360164,9.826922093530175
50560,-0.24175239711933136,0.19038664892362744,9.906736010615207
50580,-0.46897548259663513,-0.18699978226013445,9.764907920432295
50600,0.2766520358220292,-0.0785521525659725,10.115801423871783
50620,0.24048799236073612,0.08081723751728627,9.703829774627028
50640,0.06378493943350531,-0.3901524493740476,9.760925301466482
50660,-0.2804030823793619,0.11587352319958621,9.993836161716809
50680,0.270558069710427,0.10831987718696164,9.88806938908337
50700,0.1685478591315941,-0.19304918182502182,9.558652593933083
50720,0.14051523686137166,0.18890676537619133,9.807394506800836
50740,0.2622757849223037,0.051933140138059525,9.774510745158265
50760,-0.11345386823360831,-0.11978059839265705,10.115099288811129
50780,-0.2166678458371227,-0.07158127818053972,9.962215055027457
50800,0.028094605251568955,0.16123709210298606,9.86193648104572
50820,-0.02632872691443401,0.2436962781916183,9.695422575957386
50840,-0.13562413241027818,0.026989966412932543,9.81545970438122
50860,0.016839211864649654,0.0044125039054278324,10.008538018580948
50880,-0.24550795931679992,0.2875121517705299,9.866932078364616
50900,-0.031717511402364076,0.6042484948020621,9.724191283437852
50920,0.18202970596149404,-0.22916087950505748,9.651530393062389
50940,-0.2896796107526338,0.019381880113252814,9.978964762904662
50960,-0.17754089944232246,-0.18591693393767156,9.865872561645288
50980,-0.2096772013043823,-0.10333659372698485,9.74840070334684
51000,-0.35211767589980725,-0.12750076073351038,9.499999093292619
51020,0.03804097955379046,-0.11332050201941442,9.747185684178161
51040,-0.04789210764399348,-0.03204434231729602,9.558093519613475
51060,-0.21722694095226824,-0.033803970641661976,9.97267356100546
51080,0.08834491590166266,-0.05545924074811295,9.797732083201964
51100,-0.13091532474310313,-0.08495006602697058,9.744265269373258
51120,0.006191310702340987,0.24036842190447147,9.817151606761021
51140,-0.11996194769112122,0.09913898867870435,10.161780399265828
51160,0.04677763316029054,0.030769525016897364,9.534572367284735
51180,0.18758434680960934,0.12696389611038125,9.683023687133137
51200,-0.27191504474809514,-0.2004690211602727,9.665668411648502
51220,-0.0008668110149445892,-0.0416424219074642,9.656456934166213
51240,-0.0836264699152648,0.32534649454554665,9.974961960313193
51260,-0.12546141418031795,-0.0996265821348076,9.428727852598168
51280,-0.04964864398464404,-0.03204380107784887,9.926097688741908
51300,-0.12567690059239467,-0.14513758388329398,9.710175677684038
51320,0.2076947697194246,0.0809044536565601,9.969032802001863
51340,-0.057552458413170915,0.11057936246737994,9.760502592381899
51360,-0.06893323526828277,-0.27713234830379413,9.942390995923926
51380,0.3055102597166367,0.23393987167474314,10.018424174628915
51400,0.11356293584395522,0.22963627521472968,9.67377506591724
51420,-0.13046459010950087,0.22128131035747944,9.628578241031176
51440,-0.08395223182621243,-0.026201759063949993,9.879527550342148
51460,0.01671180459028831,-0.19149585047741546,9.756137416599145
51480,-0.07008724633990107,0.04809694854120174,9.86320710999438
51500,-0.13460128461087736,-0.09289656151187309,9.719448401889547
51520,-0.04648452703388678,0.11698101678420324,9.432767473865365
51540,-0.17877774334499544,0.3227917268265152,9.797839309172405
51560,0.2792812648000063,0.056033551148768505,10.215386551580394
51580,0.22950972144068935,-0.0184604728579181,9.743232265636554
51600,-0.1732212142291726,0.025575012639579633,9.905335734009613
51620,0.15362058105219112,0.2826650805511845,9.658742158014189
51640,-0.08398284632182024,-0.1197132099486123,9.612799058345724
51660,-0.237317006124434,-0.030581332571050047,9.80762458551352
51680,-0.04191904770724826,0.02481652501851496,10.035417126108568
51700,0.13615161338537363,-0.031239973644529448,9.951168440281107
51720,0.23925253530025967,0.017194755491521888,9.521383449497355
51740,-0.03978480843605847,0.005552671006459964,9.779848616379814
51760,-0.031394926897230134,0.10967071291390558,9.669602108695793
51780,0.1463185053053438,-0.02732593248841041,9.607448214335413
51800,0.19812604366564432,-0.10953004505954056,9.599289327723222
51820,-0.33777742529712945,0.26625369306675734,9.670744407878535
51840,0.21969270607264324,0.23693976461165103,9.808434803756157
51860,-0.23131007402010947,0.19109243780407278,9.914277626408868
51880,0.1995765382427762,0.017075708750880884,9.685228619948631
51900,0.28995714579118653,0.4000425353436827,9.604419627686628
51920,0.00492532553762728,-0.3629407326303731,10.026229147341182
51940,-0.15321222662853906,-0.09791258595593907,9.599106979877218
51960,-0.07095656422924834,0.2408182103846322,9.818427430896207
51980,0.2209701535750523,-0.3749431208179539,9.784179341012061
52000,-0.16946637295838776,0.0663660203285497,9.862518257604536
52020,-0.34469916791119265,0.15053813583849818,9.673468959365044
52040,0.08675814535340827,-0.2221744116218195,9.597597386106901
52060,-0.009312341825155416,-0.04936251885599011,9.643384444512337
52080,-0.13442771952127672,0.10030467427949762,9.7179345473269
52100,0.17393858276046703,0.2513015931612939,9.525471511589986
52120,0.15953731474930452,0.31212915408753583,9.817285685592335
52140,0.007169131857945256,0.09237079883432865,9.380313673049601
52160,-0.0451797399115626,-0.007581244399817177,9.826438560307137
52180,-0.1547418904011261,0.1329514278454665,9.549794322738158
52200,-0.042331890327622836,0.41957836644171265,9.637365334436419
52220,-0.4490486560614854,-0.4212305381025768,10.203257954786526
52240,-0.2986160102103613,0.251324640001277,9.363933365624105
52260,-0.15646982447860988,-0.3222785947407873,9.403523155382686
52280,0.06403896584327158,0.08195626414236093,9.93054425360365
52300,-0.4303351733326771,-0.010691057780643245,9.5617888187458
52320,-0.0824154967525011,0.2543978219904786,9.450274980981627
52340,0.14663993187220248,-0.15229487845126555,9.641999780957946
52360,-0.015535720732461756,-0.24119083895051216,9.69033524780974
52380,-0.17525192765213976,-0.5286621197378465,9.840252689772607
52400,0.22753024694105473,0.08958406629670085,9.711891783976178
52420,0.18284647509534263,-0.15088707794002834,9.654757959100783
52440,0.21380517124986786,0.10995447439314138,9.632079182625985
52460,-0.0305015114876949,-0.021677110369809686,9.69407587062973
52480,-0.11474978624734476,0.19617469364656612,9.777486489735171
52500,-0.26167734012639005,0.5449357803000072,9.605845824744984
52520,-0.10007457493440604,-0.0689454535163903,9.975393322299924
52540,-0.06715469517649574,-0.11728568201261565,9.713038549018947
52560,-0.009809896487078671,-0.1976392876428776,9.91887987706951
52580,0.21234752644669885,0.06553824315203514,9.99799156674771
52600,0.030004663065976003,0.5931921517252492,9.841724793331837
52620,0.007853706725808785,-0.023094274942053895,9.513323007933318
52640,-0.2109916845283667,-0.00802732749973263,9.817375395690025
52660,-0.18999755205649652,0.3466456995833422,9.869972292904473
52680,-0.033821019068399544,0.4151188764473638,9.80275718233688
52700,0.07960962717435997,-0.02665950682647364,10.067265402832412
52720,0.07769781965796985,0.24826102034954523,10.123408891624782
52740,-0.07288326967476974,0.15066817387137943,9.702687298035311
52760,-0.0733831452543525,-0.11818517193221166,9.562055360408245
52780,-0.4311256160745452,0.1134269930599523,10.20987618269639
52800,0.40254679085350525,0.10539527495708552,9.699038374928067
52820,-0.03252484294128491,-0.09642953885883516,10.123587757444227
52840,-0.24907382572157255,-0.5040186479458696,9.770519596917039
52860,-0.2399883924071863,0.08144694188732461,9.898929018950826
52880,-0.010979003553152636,0.38540817134110594,10.233674096567572
52900,-0.12974119292862302,0.04222235171353775,9.892658121449097
52920,0.013579780691301805,-0.0020707920432192915,9.490064502663998
52940,-0.29812924499110216,-0.04662176546060196,9.859470542878565
52960,-0.03684606069573559,0.0098935170030388,9.552277381156673
52980,0.23949039835464322,0.11482570122068206,10.103141738223444
53000,-0.13162378993011684,-0.4248405826748581,9.760282953202502
53020,-0.20728011883620256,0.017195783281417687,10.038950258147919
53040,-0.22040126552859296,0.20581734872403146,9.911695831026927
53060,-0.17147596329289494,0.27467950640226224,9.726435426714964
53080,-0.07261668189108435,-0.22344554603532593,9.646388154093787
53100,0.22262418097779518,-0.36678789679163937,9.809977005239933
53120,0.19626378992304327,-0.2059010759081512,9.876066036510043
53140,-0.3207543151057396,0.5526252007513437,9.897187564221175
53160,-0.05626692891141586,-0.10416167404702166,9.880471265750147
53180,-0.24927367253997185,-0.05211320647376388,9.814421645457411
53200,-0.056289242800510654,0.3452732802114722,9.894557896147349
53220,-0.17354998920659043,-0.07764083247451659,9.681486072479675
53240,0.10429361098987573,0.2883249478916561,10.029628617046193
53260,-0.041635413001065824,0.07446956147575719,9.696735619767203
53280,0.23392696097261045,-0.15564209105008028,10.083469335315943
53300,0.030986276085256656,-0.002319708961853923,9.846269268432447
53320,0.30926599774613955,0.2510492858010486,9.676079744206492
53340,0.013156598356967196,-0.03409772772409055,9.563634568713095
53360,-0.18118815540840028,-0.08764769375170654,9.79213442831625
53380,0.2986466167307732,0.01122061700848282,9.913225714927979
53400,-0.047273876888235054,0.22693037526990298,9.920639997341373
53420,-0.395644719060655,0.2725002910770925,10.179460242206542
53440,0.07821354477192954,0.30279267940607707,9.810093424938438
53460,0.22200227811398976,0.039261432812362856,10.103340447450408
53480,-0.1694839237006096,0.10122931769240635,9.901344427478174
53500,-0.05644678420547469,-0.12695002850740336,9.998131343560422
53520,0.12160129155090738,-0.1534980076535386,9.362128133402598
53540,-0.00029008716653207997,-0.0454455165260056,10.146926359399469
53560,-0.005248193663274404,-0.0037473381367744175,9.776230784683847
53580,-0.32798676829196377,0.22314165250664486,9.832389305638097
53600,-0.2366422971568486,-0.14469966254268024,9.533525388377479
53620,-0.28478768417638695,0.22242790562558837,9.393256317943864
53640,0.16734170773291376,0.4097947129543775,9.755695669789338
53660,0.043484891285480685,0.09037511824790619,9.559318245776169
53680,-0.031394558526152645,0.4146402749791168,10.117206659438542
53700,0.1929721709996342,-0.04582071320637982,9.948602576198839
53720,0.31927585748778164,-0.39075216914706273,9.969219825763265
53740,0.03055327586177714,0.18089294484049367,9.957779813520338
53760,-0.24642321192933714,-0.38086340721021866,9.705513083157625
53780,-0.0396751698667413,0.1354904637030778,9.394876793337874
53800,-0.4403565853926037,0.19342663877594266,9.734710346488484
53820,-0.14247977970187148,-0.007294824465692455,9.659259652748476
53840,-0.02712981268705979,0.23792955835336277,9.76933348353308
53860,-0.33801439553153295,0.13220010754220032,9.650062248109748
53880,0.03274273791566135,0.2337270039389043,9.786863803198242
53900,0.15090526674131424,-0.07076263603268046,9.939114074651645
53920,-0.135873520980022,0.029301545205447723,9.75385403683864
53940,-0.125496871979428,-0.1419459359893078,10.261062957228441
53960,0.15924674472467767,-0.3683174602215698,9.82920931322935
53980,0.0892985542733216,0.3041168752111718,9.998937186404888
54000,0.25138170168421936,0.19851610660680458,9.908199282473333
54020,0.22501774893144463,0.08109946042896046,9.925451397890226
54040,-0.27533013925608824,-0.14734561053933082,10.196183176372905
54060,-0.1328045569097958,-0.12062555789236046,9.861927258120337
54080,-0.22086184230352038,0.13988922367788223,9.780035996845127
54100,-0.06267284381929197,-0.06125947435046806,9.788644058523506
54120,-0.3254849671011041,-0.21903614869152058,9.706821828061278
54140,-0.03442760495923071,0.23313104660799822,9.915979314245137
54160,-0.0639531399851863,0.27008623897821527,9.561310957730099
54180,0.1273643999497795,0.4549485132304081,9.806152848973523
54200,0.29362404647733975,-0.019428294144972855,9.632810209121516
54220,0.3252381657497987,0.2758698599769539,9.70365649592121
54240,-0.4551098626223195,-0.09603494536950408,9.634264133993614
54260,0.042056832310808444,-0.15504789617451317,9.672021089820147
54280,-0.0022406084349044413,0.03269516780538674,9.50465841157252
54300,-0.29060852772370627,0.0954386132087727,9.586406979962739
54320,0.3017286471078815,-0.13702662626948317,9.893115600215973
54340,-0.08847080291706166,0.1120321305165543,9.75986783984513
54360,0.11766432237144975,-0.26062151089160784,9.309990119722231
54380,0.2097344271873031,0.1927346775761386,9.835431352609062
54400,-0.044416142186445066,-0.09203990066060412,9.95376699400502
54420,0.32805773883642986,-0.13738897364854602,9.916587608633362
54440,-0.41074451979578086,-0.25313700280472123,9.755994770826321
54460,0.23992787578113772,-0.2758809003756446,9.842546369764824
54480,-0.2619549256617271,0.024659866310890923,10.133265030480018
54500,0.17484386196711899,-0.06044814149897196,9.838624176333242
54520,-0.19713088337405396,0.07088601560903661,9.59111169349533
54540,-0.07000497800552209,-0.051345695555540055,9.83594620450517
54560,0.1635537465277439,-0.11404881554861568,9.754075403278382
54580,0.1790405881361404,0.002832894599453518,10.108761328560648
54600,0.3642883096185279,-0.04230779435151568,9.667145683648195
54620,0.31823953958918794,0.1449098548923031,9.151031638778218
54640,-0.18768491833051243,0.12259243039548831,9.680757232856028
54660,-0.0560301528554421,0.007572989213600771,9.847039126631353
54680,0.1711918182898512,-0.4072481371139787,9.737704600023815
54700,0.03937479979818027,-0.13277090244475467,9.767257814738448
54720,-0.13149080555432174,-0.0220915885061246,9.433027667451936
54740,0.04421386167898631,-0.06614411296217818,10.196169440992561
54760,0.15868364788519276,-0.29013895786217037,9.579714057898402
54780,0.18482319313704884,0.019044313503196533,9.645068622150509
54800,0.3059807095794751,0.12746675081976463,9.747810900614173
54820,-0.15421878335380826,-0.1394159664556563,9.608326511119405
54840,-0.0032630009708472397,-0.4173195965752696,9.4973849079595
54860,0.09965555954294134,-0.08360471203452341,9.771227528308238
54880,-0.26899461100420663,0.019178427702834913,9.563922566190497
54900,-0.11914351109784663,-0.1353715760211053,10.146254973118905
54920,-0.07101910897428698,0.2562746498593197,10.018435644686182
54940,-0.23511430340808395,-0.29090774677976466,9.778546592042078
54960,-0.2796396288095683,0.1325797853256747,9.499634710151437
54980,0.254281620992683,-0.16864391513351595,9.90563674851989
55000,-0.2987933966892488,-0.10538687553156434,9.744831922085812
55020,0.2118649326116195,0.13055377434002405,10.203214448750833
55040,0.1339670958481005,0.3269495973564378,10.008711093310016
55060,-0.1632103842693342,0.22423151671496672,9.849720416812808
55080,0.15531795083027847,0.013350288743380179,9.555045633126433
55100,-0.13771223243018724,-0.14401226368608894,10.112370886899754
55120,-0.07104499781758701,0.009996765086844864,9.928949926053479
55140,-0.10882192685102031,0.12394101966633789,9.753252751266821
55160,-0.13157088580107465,0.23357509071655314,9.7883675670979
55180,0.20447739773871054,0.23206568762496982,10.003506653985063
55200,0.035928451383335114,-0.02924965795195091,10.121527737923312
55220,0.12206231667790819,-0.12311363497094097,9.604359958037259
55240,0.061928036355690996,-0.34496361197070846,9.612332138713603
55260,0.6240520975540353,-0.036354484472811824,9.895165722865606
55280,-0.20731114255390765,-0.13212735209265047,9.525213401750676
55300,0.11478811587585057,-0.2558084697479121,9.431943332587172
55320,0.32905936395927066,-0.12586016580584075,10.035331389595187
55340,-0.12551717478747146,0.08032796866166819,9.768891739233434
55360,0.004696060459486631,-0.2925552429584051,9.828256503058341
55380,0.34013622016330536,0.19444973070238517,9.434773215713681
55400,0.4289171252443449,0.1518944739402547,9.984034913422647
55420,0.3179560196195877,-0.26073362783823145,9.735638525232112
55440,0.47410480355328394,0.0543598172006827,9.861543658884843
55460,0.10774437871131733,0.3415732788630508,9.846785992996036
55480,0.0557802086270168,0.027920103337442704,9.799940430564883
55500,0.2635750790406152,0.04975363942295356,9.32828083668531
55520,0.3690189190597362,-0.15505573814622317,9.83418015209201
55540,-0.11756221454176835,0.3610216123969967,9.952979631948848
55560,0.44486555997534155,0.030962897242524563,9.665929953322811
55580,0.08165561772384336,0.10365661081320486,9.985634520942039
55600,-0.1668624021590055,0.13491583424319994,9.998835938956137
55620,0.3495892742245255,0.13081299817342004,9.766655105034735
55640,-0.013842015912676992,-0.11772297260835807,9.691893750682256
55660,-0.144785668231992,0.23217183435076094,9.831714976394887
55680,0.1926561925733478,-0.43390167299689253,9.68490540327969
55700,-0.07715573097179225,-0.1415044340829301,9.730927055621148
55720,-0.17238443243554818,-0.18593085683859217,10.0433678017457
55740,0.30536173489597307,0.11364360400665088,9.93462299554577
55760,-0.24620160976861,-0.09198038886549964,9.681720428475652
55780,0.017229526857475502,0.04923206426341755,9.755112637312068
55800,0.2538387126261699,-0.0732924648474257,9.814342592923287
55820,0.10604151390608059,-0.12367543548371712,9.861570817800994
55840,-0.20785332664455183,-0.12737170064141162,9.73530103526598
55860,-0.09046271653674512,0.21702457261864555,10.264052202542821
55880,-0.12107288672040138,0.08408966062899474,9.49492030699044
55900,0.18372110974273845,0.09853181156994253,10.005451154603339
55920,-0.23182227395892663,0.03460397909854835,10.064878382513266
55940,0.47820754518963926,0.15274472621085292,9.926715603527557
55960,-0.050468288056559674,-0.06418623971627908,9.739166047321419
55980,-0.012973186220249787,0.08527980238970935,9.645465484717612
56000,-0.2568939967678975,0.40631063616024554,9.533119220036385
56020,0.0637007279314284,-0.11682286756735485,10.140131929307863
56040,-0.08186935873723188,-0.09856855255642201,9.922508188443915
56060,-0.1129751612379437,-0.12129860331102521,9.844452968882514
56080,-0.3327611006785079,0.05573775769259581,9.635335064376012
56100,0.2987649012670081,-0.09972752681991813,9.67887703507043
56120,0.02062537374362533,-0.405037425993604,9.770531762891856
56140,-0.23775912673973096,0.05350168094162394,9.473303619341486
56160,-0.12784469614481017,0.217121104628471,10.154229219113889
56180,0.1632217677412293,-0.07253583834559309,9.621735213527232
56200,-0.01228671714672622,-0.030691897141365467,9.760765838921927
56220,0.09127446833329782,-0.16750646628769383,9.570076626287305
56240,-0.22513398341010973,-0.40965309429503177,9.722511561722476
56260,0.2076586405552539,0.24791158065263585,9.837287027129472
56280,-0.3185480840050896,-0.4106883144342797,9.382327828412146
56300,-0.024222774741720212,0.06020388415635554,9.805847373493618
56320,-0.3767753230972476,0.22151987622441896,9.956716407669054
56340,0.08151769556935752,0.27809480053669633,9.656997022831426
56360,0.0936410050443953,0.12980247670328215,9.753535441730532
56380,-0.006758547883882885,0.08216161237243923,10.100949514399762
56400,0.10387256358640576,0.09963980359995317,10.093116627706104
56420,0.17534293432488146,0.11159419323799746,9.88131518474876
56440,-0.2192595107558586,0.22041810744891413,9.863904411807814
56460,-0.08974510532948055,-0.10231798223852934,9.85069032296655
56480,-0.20362923038587655,-0.07498183398244213,9.973484529794638
56500,0.22532065411663,0.057842469433250825,9.63893624108774
56520,-0.4136506183909501,-0.02054224976004019,9.771472208515837
56540,-0.24204610646463354,-0.26118518829759796,9.632983907392312
56560,-0.15548785454816,0.105767701913923,9.993463897202947
56580,-0.09555815766171351,-0.02954347375815358,9.712064543579292
56600,0.27939316452535684,-0.14846444055361538,9.697045665071286
56620,-0.2165467741862741,0.22726619188261865,9.79672841563887
56640,-0.0565309397483863,-0.11522096314264157,9.451956092766894
56660,0.004019173524663892,0.11026309172324694,9.614253602234829
56680,0.13147229001425706,-0.2198534226496609,9.651604873900855
56700,-0.019532608043677582,0.21021256127474983,9.93344267368751
56720,0.04550936379722836,0.0263833662479813,9.80931368269681
56740,0.004979290219476566,0.08507095881330101,10.338749029354052
56760,0.051820698413206745,0.15811645835795354,9.646564641025615
56780,0.033942192876311394,0.04275945873076286,9.562107877836626
56800,-0.33414522705714567,0.08235901598421884,9.91219405933148
56820,0.04175086534317368,-0.36344934072434987,9.766178928712694
56840,-0.03220429186638015,-0.14726436327494413,10.266706873822983
56860,-0.051649650773661175,0.17670373165020098,9.645767386552196
56880,0.1018763605252202,-0.0017606449557379983,9.657412225610326
56900,0.1926460994047751,0.04389673903905771,9.533804573098488
56920,0.2767638434272945,0.3237900832679015,9.73626341240297
56940,0.04374309189297875,0.541491067674318,9.671161703068512
56960,-0.009599991788551683,0.1676343007195237,9.753102868579798
56980,0.052625056884134415,-0.12625388163817267,9.9020279805828
57000,-0.2827379648401733,0.09907392353816047,9.63495355131134
57020,-0.07100505323851533,0.04719779343583431,9.849095903982644
57040,-0.2263326896954283,0.09219420357157115,10.229813214789749
57060,0.41852517777121073,0.3291576138352202,9.704272864766564
57080,0.189849476809104,-0.2879277624254465,9.90694353145995
57100,0.07082604177872688,-0.035089442741044974,10.037586325952626
57120,0.2777801692050384,0.06265802660058079,9.915385236512233
57140,0.2593572763557897,0.005597422742377612,9.966638199982812
57160,0.07216562125137706,0.06735052232069132,9.965748130460522
57180,0.21548641939911853,0.1538199446521887,10.190998023597684
57200,0.08640758539337379,-0.16631512520934288,9.675041416982227
57220,0.25197336905868545,-0.09728160761693466,9.544865766137285
57240,-0.053236721826086034,0.1685468031997669,10.073800261666188
57260,0.033008110234209465,-0.07559864163555136,9.708591247488053
57280,0.08711322677815884,-0.048030319436914576,9.58536485562676
57300,0.17603342295688984,-0.14968648072044646,10.0521379226688
57320,-0.13656154339275903,0.06440464015031865,9.801129944787615
57340,0.07112722821363508,-0.03872687133142324,9.99788835286501
57360,-0.14232925161819174,-0.28568192469198456,9.682560884973652
57380,0.016403790681937872,-0.08671883474091578,9.364635328744585
57400,-0.36639356505195914,0.03941933142721731,9.73030456658093
57420,-0.44622076755436596,-0.023083779141368204,9.78410423016801
57440,-0.0967521064892215,-0.23818149160009355,9.83743162496301
57460,0.0050800819463477755,-0.09641895965800545,9.937854299893605
57480,-0.2215548993681273,0.08365890167253609,9.828251318372878
57500,0.4429308420618296,0.4509104201286214,9.51963498036641
57520,-0.21670543940313647,-0.34263086548531024,9.920081437019741
57540,-0.2180468376013859,-0.004665707168662682,9.389500046136126
57560,-0.022408905647355554,0.28310896653421863,9.650581042981061
57580,-0.11913811462186677,-0.038094378377529,9.774780411469377
57600,0.058594664579217484,0.03156143583846679,9.740076684373618
57620,-0.21441161983041274,-0.18699709802860892,9.614322275483026
57640,0.1482462599453463,0.2500756641495794,9.652520448346191
57660,-0.2878784121856287,0.2862945931013093,9.566381397774721
57680,-0.15789503926754325,0.07848080523776045,9.795107303989436
57700,-0.0710879870612545,0.3727348720025173,9.566753447663066
57720,-0.22224461215042868,-0.3806510616604586,9.91199924831822
57740,0.0701523644276124,0.12432585739875346,9.95688887207027
57760,-0.009927024305467907,-0.10626853661592837,9.9685056457312
57780,0.12278935953517987,-0.05199834592304584,9.529159373832021
57800,-0.2346574117995922,0.2671412293154842,9.651913748157254
57820,-0.07808930357820482,-0.2034170804984422,9.84885675083993
57840,-0.04155585003886738,-0.3917448301360736,9.445305695361828
57860,0.1463104811851323,0.0873895730931264,9.540034381033252
57880,0.0077894225353925435,-0.45605470559359723,9.604952646074867
57900,0.09134135439941216,-0.02041257435315931,9.724456656320974
57920,0.10673999807608579,0.030697361386476586,9.850085300517375
57940,0.2413134446581185,-0.13306861415557317,9.650446365926962
57960,0.03700584582470431,-0.23881533204036431,9.313529630903215
57980,-0.36156650471438556,-0.07399349388225555,9.717482191259668
58000,-0.10391313346929737,-0.1677850468883908,9.539076589717457
58020,0.3314318376947403,0.166858535047106,9.859725391651386
58040,-0.07706789242460557,-0.10565312396058353,9.929037673876028
58060,0.13098019348981055,0.20436996614579167,9.892228802033038
58080,0.3757430584927688,0.061380457950564675,10.078437053556785
58100,-0.05027664970032142,0.117212521300873,9.635363881176355
58120,-0.026687447426815687,-0.09928662595355771,10.149000046632452
58140,-0.10258766023340227,0.02363787837151553,9.653701910437391
58160,0.2471501636266421,0.10027106574256978,9.965983769927458
58180,0.022345498487817715,-0.08943832882186531,10.085099590074945
58200,-0.1671720800515554,-0.0668544021187187,9.638952930715302
58220,-0.0952923949230024,0.2295070764641269,10.01150128157886
58240,-0.13773997038794714,-0.21227996877852268,9.756385306296934
58260,-0.27205146024332166,-0.10314310656397703,10.065177364389523
58280,0.14406297639486518,0.05937064663059597,9.903230262575553
58300,0.22326651434769015,0.011662851803745237,9.697102607311836
58320,0.3566531112308335,0.06247791244735382,9.77022084094387
58340,-0.08640501490610084,0.3948680595052625,9.71174484702952
58360,0.2081137083712089,0.05489074444340212,9.815150791437262
58380,0.4990819898720602,-0.21932087686990928,9.565811829997742
58400,-0.4085164067556741,-0.29771908648950124,9.918389928625636
58420,-0.20313573179446098,-0.09116590904346522,9.807345734279366
58440,-0.1829429239398982,0.014770210730868753,9.65137537999839
58460,0.4097414231406579,-0.037404508984066887,9.74188436920016
58480,0.10412095664964982,-0.23326621197704114,9.517506001807472
58500,0.010195552967280553,0.17747040066451605,9.928486882058618
58520,-0.037387305334783454,0.07556659793006393,9.402661834665736
58540,-0.10569038073648447,-0.15047088528802804,9.554375583848106
58560,-0.21374015122555226,0.1947967490300458,10.02239347190602
58580,-0.05880587193321999,0.12823348944244337,10.041345743468092
58600,-0.2550527276119512,-0.2687858554530353,9.677391485779905
58620,0.13186617191710007,0.010709497827049351,9.824993543277916
58640,0.04125957218695265,-0.07485282064763839,9.92589401336615
58660,0.07014081101995233,0.06301223957764038,9.841595336663765
58680,0.3883163978759456,-0.005729791101199154,9.994351731387916
58700,0.24623325354799386,0.2063087632396132,9.751121684369991
58720,0.15907709494643518,0.05198807033850128,9.686519809711037
58740,0.14433825555843893,0.012583490498757958,9.61854939609358
58760,-0.02555040268371886,-0.04406298305883027,9.87076782452301
58780,0.2516465521442863,-0.19404894929342353,9.918089651884065
58800,0.08282117684971414,-0.29010522810431455,9.685112833141943
58820,-0.05040079868929947,-0.3075893483255709,10.07617754651606
58840,0.005181262694585379,0.20035184770062697,9.98507918658028
58860,0.08627215534668717,0.1304168026922179,9.722584915862738
58880,-0.10927175245972956,-0.3946068336105756,9.826274909260457
58900,0.19482683422082953,-0.15160844792065473,9.562115220452608
58920,0.5550173190184777,0.305439102924959,9.469466649942246
58940,-0.21484141920524702,-0.14975531309232676,10.008919482185318
58960,-0.11501391076477947,-0.02310339218481784,10.072839800305307
58980,-0.03684205326446949,0.14302184046608574,9.621086832552782
59000,0.03875175023832621,0.17888311020621056,9.433425738771382
59020,-0.1357317465343757,-0.11427991226639632,9.557478885972767
59040,0.23546035379381616,0.1758945143177145,10.111665753804036
59060,-0.021395098741130835,-0.07427537832738745,9.486523161546462
59080,0.22036984248995606,0.2834003095150475,9.7715515581398
59100,0.17102597816337384,0.21298996073962365,9.622597321916306
59120,-0.06312980521463067,-0.2152469625972107,9.741772433474301
59140,0.1153677416590861,0.37659820847035674,9.476520892668551
59160,0.4845583385430372,0.2818492972631565,9.653241475348956
59180,-0.06371100036569331,-0.2269311371475784,9.731681254210326
59200,-0.13849203506018157,-0.0970245172750972,9.979926445717336
59220,0.4470220985914579,0.11847978321458225,9.77934614358278
59240,-0.028770712092577297,0.37188687469485493,9.76692120660787
59260,-0.18395916929934725,-0.33589739597780566,9.793014329959039
59280,-0.3969976393065544,-0.0006177569024861233,9.477261247305353
59300,0.1276956934364226,-0.19659862039869808,9.662445025645088
59320,0.054840083834227185,-0.3540926734754301,9.836424285232676
59340,-0.3501942509102005,-0.07162421618509739,9.655018208140334
59360,0.04655350120284889,-0.012905859028149844,9.894778950832743
59380,-0.3656835942961166,-0.42698346545072596,9.615225162221815
59400,0.12987294068444233,0.12534075504502584,9.712791903054137
59420,0.25511069048029816,0.19239162201427695,9.797143165781746
59440,0.0293528473287288,-0.046449402808315804,9.819298324323277
59460,0.2956220451766237,0.2339432634817866,9.843105912798384
59480,-0.3373092924127016,-0.3222160027365891,9.599223866148808
59500,-0.4137506740657262,-0.20888174715786212,9.70662694737633
59520,0.19742808242320575,0.16366736886093058,9.45315267303464
59540,-0.3073227450789442,-0.2483913780180641,9.738182064040517
59560,-0.03618514070692405,-0.26993229831720716,10.202071243082836
59580,0.35844566661955557,-0.15077887103695597,10.05943563981749
59600,0.1303808682610444,0.1039325931715405,9.705972124372096
59620,-0.04912124243941401,0.148049142997934,9.755587177030128
59640,-0.04194162616234277,0.24784501528042613,9.64826769521144
59660,0.22566242388683136,0.07534697063026743,9.667310712449343
59680,-0.174597033222893,-0.4226343566009809,10.026923162828579
59700,0.06074664710018432,0.2238844835660713,9.98963816447822
59720,0.02555597590914965,0.3321073315998298,9.885058622127117
59740,0.047665129055020974,-0.11676906166023425,9.583490748492325
59760,-0.0451482765492358,-0.07539563652797865,9.550929682545426
59780,-0.16143889077593868,0.025971488391428217,9.557312158470024
59800,-0.3023422123320424,0.16427045450535793,10.184287927410287
59820,0.20163207643789002,0.06918280881342882,9.651252238417205
59840,-0.06657279518598752,-0.11706077458181632,9.609163150803523
59860,0.21074852772472782,0.014002938509693811,9.707870140646207
59880,0.11495267542200037,0.06683912881415822,9.710220978900876
59900,-0.4437206483167064,0.2827617578630461,9.850879085033112
59920,0.11389251020323116,-0.005840037786101489,9.682473862515838
59940,-0.06522492526126221,-0.5239898275050878,9.797437842151286
59960,0.15502846114369975,-0.5276973199714662,9.757974298837029
59980,-0.21032320688823358,0.03471455355909173,9.625156294360261
