t_ms,ax,ay,az
0,-0.054943824759787555,0.027594675532464388,9.708035115716537
20,-0.07474304185825031,0.24681893728956272,9.98042381327912
40,0.016234803171545412,-0.026675672011543344,9.676427694798123
60,0.10126831125680318,-0.09932316565584823,9.698974669421379
80,-0.017819842578482514,-0.08925481161269765,9.72089000774343
100,0.03149805382275172,0.03475896806465703,9.804030357675254
120,0.0638001645660807,0.13911628377143476,9.799832844056196
140,0.08277687598437009,0.15910019407694279,9.819636350088922
160,-0.10702784004372908,-0.023520425183955532,9.800835824756883
180,0.05625845091888557,0.15210422594394588,9.910311696117514
200,-0.0021345154140173864,-0.007993932304144996,10.04180286152253
220,-0.07217156379440164,0.05410991993605225,9.719507094621402
240,-0.08131620292511874,-0.054307488364465036,9.773075701339907
260,-0.027265839901942396,0.021375564688650716,9.81134601898173
280,-0.11922664852023473,0.0198143595452703,9.925595366350748
300,-0.17506834642541086,0.016128248614333793,9.87287730066136
320,0.007650886010080305,0.0838801806563385,9.875199289568128
340,0.0929421389293878,0.04252625452144194,10.093009021242548
360,-0.028935805017540006,0.08592977488727306,9.721727981521964
380,0.08880562761638609,0.10238296959530177,9.813866291916304
400,-0.04799587240751896,-0.19147297496682333,9.794805297091248
420,-0.11944316761258827,-0.09322721614748083,9.734620357245369
440,-0.18266767859544417,-0.15376481571662368,9.775899922583392
460,-0.09843017531530367,-0.04375999318969868,9.922064187061467
480,0.17439388652514284,0.025020222238972267,9.907705497972344
500,-0.027406886804201783,-0.0586924380868518,9.575449247410974
520,-0.2179662760457156,0.12472484675348819,10.014872688253806
540,-0.0001527359392799316,-0.05586427750312869,9.670840364474977
560,-0.04643173414423498,0.14521774745172847,9.689719850100804
580,-0.056976257041929476,-0.07451905571141625,9.678562385860872
600,-0.07686916219423247,-0.0905896019592389,10.0785565654017
620,-0.10142778618860362,0.006946154928898035,9.86344196894012
640,-0.0445072687572906,0.1969380125809333,9.819999535475791
660,-0.21776341900197044,0.032074683654756575,9.872653026201712
680,-0.13754276011162322,-0.11198514885821235,9.843594949782796
700,-0.039528061652761265,-0.03915795217423869,9.949438321132153
720,0.0917099697284278,0.026070074966584516,9.862508986739167
740,0.05488281955724256,-0.14877172602538088,9.959093093117662
760,0.2222458205969614,-0.016678841399878658,9.80319672517353
780,0.1451424367351883,0.002364113532635371,9.539154880358023
800,-0.2233005792108033,-0.0982249762444206,9.670414006589992
820,0.06313792199180113,0.06980923327455713,9.732742716590828
840,0.11749676706596786,-0.1441546313798151,9.48361609915292
860,0.027141421717574606,-0.022068561776142633,9.884337936264016
880,-0.2226004218801093,-0.025384972013862545,9.76540761384348
900,-0.04375969142775654,0.05740150403464474,9.780676534506059
920,-0.09825128288582842,0.04349091718945174,9.767041638275163
940,0.04429731581525818,-0.2618440264438404,9.581974738406341
960,0.13826490989293685,0.2339998234931137,9.82756808564206
980,0.07732814479072668,-0.11647402435579592,9.745201663596871
1000,-0.12431910757420007,-0.05401792220695703,9.850588051339338
1020,0.09463799365618626,0.030062825123061195,10.00734974088183
1040,0.0008083599214249948,0.05130695138648058,9.685737816164357
1060,0.11881700511831127,0.26498662541025697,9.773356236261197
1080,-0.03617412719038034,-0.04723557073550702,9.805706227914303
1100,0.023203118336877444,-0.08730811351836111,9.599865572917597
1120,-0.00867369159567708,-0.06751330717621969,9.758153003181775
1140,-0.028223858599402993,0.07658174390039624,9.833375154546374
1160,0.17914505844779807,0.0007180621216918882,9.752543750129103
1180,0.10498175311530454,-0.21926566542829126,9.917406473038914
1200,0.04828097780193004,-0.06313364060214632,9.920415330194324
1220,-0.1689334362745664,-0.10009187165229115,9.88583752688758
1240,-0.086385462505087,-0.05929975108601729,9.870718808501826
1260,-0.0012465751123227262,0.06028585070231873,9.755652716826958
1280,0.0665102726132934,-0.26795948454260116,9.909004549640382
1300,-0.20945778530677464,0.030623218176894788,9.672817836856478
1320,0.09511590506135309,0.32594783220814594,9.831221056578093
1340,-0.139769747515922,-0.07534758157432622,9.733890431461464
1360,-0.15128661731917392,0.0002648861439103852,9.671821583497504
1380,0.11979673734375851,0.1840042706782151,9.82804847115042
1400,-0.07886659396738334,-0.09690761788190277,9.71382431280919
1420,0.03381001914835355,0.15957554487514977,9.846970047869615
1440,0.11240656614584905,-0.06157979560974035,9.901358638828864
1460,0.06483766565651412,0.12280619789632553,9.835912897553579
1480,-0.1398457075044179,-0.059130216620391494,9.90034922948737
1500,-0.07992060937152966,-0.1606212301097846,9.872858275172783
1520,-0.08346611291642113,0.0884581192142606,9.822978217394562
1540,0.03620885013217343,0.16476702183019684,9.762484898854321
1560,0.029568261961790403,0.20992003927202105,9.900525474262082
1580,0.12282203530515154,0.15341985317733586,10.010343947555036
1600,0.051129229483802975,0.12168367664490168,9.92090166699757
1620,0.10535633572899433,-0.012448881212603024,9.761268502097849
1640,-0.032794827827479035,0.07015747622928989,9.50697217720256
1660,-0.047777358227836235,-0.017290913556450765,9.874925884113441
1680,-0.19421872441497648,-0.28320881030331047,9.69824323186549
1700,-0.0883348030293562,0.042166113763957964,9.837695519486443
1720,-0.21213705592845164,-0.24370491447203566,9.753772673340555
1740,-0.108361804868482,0.033248199006332184,9.61802714291601
1760,0.17257475416559268,0.13284645507537948,9.895525773261236
1780,0.021375402561082217,0.10242627429099502,9.731944889619625
1800,0.00011820597175271204,-0.011638654605668436,9.880564763754544
1820,-0.019444547232976776,0.13778028334056125,9.855026457849677
1840,-0.06641767958068424,-0.02024083345769862,9.73320568096162
1860,-0.015873997320629867,-0.004959481456788577,9.816963234624028
1880,0.11717129491845356,0.03472025222789848,9.816205498845326
1900,-0.13236077636733543,0.030853946326334147,9.960910024057002
1920,-0.08347536406952216,0.010460170486676348,9.858664130921518
1940,-0.1166043894160759,0.26850973588470994,9.837413282224817
1960,-0.04700772084421549,-0.0459822887039137,9.714410572513732
1980,0.31002418779904595,0.15542722873812695,9.83519984636447
2000,0.22172487680938988,0.1467657164405464,9.767165098392434
2020,0.23441271408953954,-0.2779111368558626,9.87403990094388
2040,-0.16169928474957637,-0.07144371901855738,9.953437369660678
2060,-0.1730779543875365,0.029597241055035948,9.996124015350594
2080,0.10994633908858309,-0.09651953987116214,9.977279482091731
2100,-0.11440061239131015,0.0415325741142316,9.76296101852424
2120,0.03474382048819832,-0.0016740078089913504,9.73479453548701
2140,-0.1690928046194389,-0.2547322444500872,9.669219289523312
2160,0.1351990195896153,0.2406063679650991,9.769029109254946
2180,-0.016808514418497823,0.1666941356598003,9.881455709270249
2200,-0.04932882832736202,-0.06154258332620578,9.802156514322201
2220,0.3410807623131333,-0.13012249273573429,10.00267183089769
2240,0.020528973902911724,-0.09260053807683451,9.545491149090951
2260,-0.13067033662258595,-0.014227089078932158,9.7054427162155
2280,-0.11345121408996224,0.030046373705280727,9.936942986427862
2300,0.14548525375930887,0.07594642616619855,9.879392178959035
2320,-0.11858230881503642,-0.12502056820166704,10.07070646432344
2340,0.18295407783405013,0.31595021184809047,9.622628588831722
2360,-0.15205519316702107,0.2893771858704909,9.817901629978433
2380,0.014788783246269381,-0.04953830322289975,9.93873858854182
2400,-0.1540881389876991,-0.10961354666720298,9.73859196256968
2420,0.11321822217938893,-0.13565558550833043,9.626735743272148
2440,0.13044890014601765,0.07178687558100624,9.716505583924611
2460,0.04197556177901773,0.04777693006216062,9.845295682935689
2480,-0.04911744536310912,-0.06154912633832434,9.6570596045098
2500,-0.09507424851552444,-0.08718739110187411,9.627919707854161
2520,-0.043033403440576976,-0.11494803687396292,9.823052974804362
2540,-0.17530115124621765,0.12178287217804153,9.934848196736793
2560,-0.1160645471083992,0.20224004638717294,9.814368103950162
2580,0.13540696872481145,-0.08415401795500331,9.725311602970457
2600,-0.08043844798020162,-0.1122240727509946,9.844271691330556
2620,-0.019298687834192564,-0.03384968606472874,9.927222703374614
2640,0.1528875702795884,-0.13543514249393085,9.920204243372305
2660,0.026321473594798972,0.03055496357772998,9.811068429894682
2680,-0.00998394779016834,-0.03411036813834234,9.848141980584007
2700,0.11640762436408547,-0.011186702857912501,9.870849238696024
2720,0.04537707041053846,0.052772546807741454,9.657248247329902
2740,0.03596233503833478,-0.11963315115740537,9.773620451955852
2760,0.013493288832610632,-0.17157494821516667,9.818133502149868
2780,0.16479878240215765,0.11360430667648669,9.927205539716471
2800,0.19425280872045972,0.06811644670874929,9.963857151112718
2820,-0.2959957008672612,-0.029155010237337704,9.780988683902194
2840,0.2269763372833116,-0.1567901236903002,9.928896611506854
2860,0.08765162607666954,0.07404868911323567,9.695703533724293
2880,-0.04685979462911177,0.018997233899891688,9.74363056661377
2900,0.09945091519932399,0.1322158421862734,9.664809479235295
2920,-0.1836804240409215,0.07260335475651887,9.744366492856503
2940,0.0301908083497592,-0.15045713266594687,9.594371463276175
2960,0.1385595512113247,0.176545834367376,9.620990690794994
2980,-0.04277981267033827,0.3073380328555015,9.745719022449812
3000,-0.2896495287098222,0.17028518944663942,9.554040908906956
3020,0.009555442403006787,-0.016643796953626902,9.584944824322518
3040,-0.03198051877778563,0.0641156313539818,9.79761556293804
3060,0.17264541159534819,0.03251515530902679,9.614848797506406
3080,0.10810055713910023,0.0828059383091299,9.788717279923612
3100,0.23980211227454337,-0.028823735211647643,9.76850764601043
3120,0.012025666433202714,-0.24403797760651086,9.708573026751344
3140,0.08940610886359972,-0.0845126903869315,9.605483511189014
3160,0.07989395284199695,0.05918010858238976,9.94892117108857
3180,-0.0727882500714997,0.010591769514914839,9.977816662194465
3200,0.04033220871113113,0.03635268654668732,9.90254332519926
3220,0.3166116917720145,0.02541041745299777,9.773700761439562
3240,-0.0636933293518489,0.06461888916442027,9.796142887259684
3260,0.07366484705778291,0.14841407164305465,9.939972677562467
3280,-0.007429375140796375,0.0932152773776941,9.875265107237944
3300,0.102933161030448,0.31571438792712,9.935429044687341
3320,-0.09603626843839036,0.10910282805354399,9.65743204573505
3340,0.17468815045379799,0.07735659885191992,9.711821542281813
3360,-0.008331838493501411,-0.016593230943383722,9.677670305317719
3380,-0.025817997750131886,0.16929427226729432,9.692753973807164
3400,-0.05899511635277635,0.21326195525047165,9.768660020784576
3420,0.054121393122635364,-0.04445342838420632,9.641724016973274
3440,-0.10733789410013646,-0.09119709127811161,9.689582376505898
3460,0.10734864758776477,-0.012862833763274297,9.930850905547732
3480,-0.07608590477518198,0.05266282479907785,9.827688735558656
3500,-0.016763459965716033,0.052815342932229545,9.992291623629825
3520,0.1546712565150984,-0.12751704063709124,9.845959166179457
3540,0.17802174533459267,-0.09517808173195476,9.731557305516947
3560,0.027320521101318926,0.17361888873950151,9.727611325623663
3580,-0.06422101684319863,0.003482225519230012,9.699271923421923
3600,0.004953171254759739,-0.2183204835020293,9.916011839554788
3620,0.09925052945901339,-0.001334417703162238,9.839473096307875
3640,0.018850583857727775,-0.23424326787249175,9.859906636295468
3660,0.0671049762530836,0.09597463574828777,9.709217367418656
3680,0.1461730119556183,-0.008880153155807553,9.996294191481853
3700,-0.217752995336737,-0.09613575862461951,9.787024496884861
3720,0.009933295238218497,-0.0553794009021053,9.959978113353783
3740,0.015538491898790967,0.10783961159151308,9.623330294629444
3760,-0.06346157503102894,-0.04945436897735686,9.771625230917696
3780,0.0633612736642795,-0.017303352901668227,10.212239622042205
3800,-0.09786777705231549,0.03150212485795975,9.794427191985214
3820,-0.04660262702792859,-0.043832166768239464,9.577719362393966
3840,-0.04164237415297237,0.04167867519314916,9.841083503792627
3860,0.2262108203273984,-0.024619043495703416,9.705821304072185
3880,-0.13556450951790983,0.1818858119694867,9.77710905927364
3900,-0.016031427314550886,0.3941488379096992,9.649157770794824
3920,0.12153098989205913,0.057151161925424375,9.7662057958001
3940,0.07392278988915077,0.16256144068441802,9.921658981916243
3960,-0.15243621108719274,0.04080301478391343,9.717040227421517
3980,0.009704118819409357,-0.2639051786244843,9.72260383127248
4000,-0.22251188790347448,0.18969193553888936,9.689388785744361
4019,0.09480043466711978,-0.03417658708573768,9.896031624366886
4040,0.07401198557547366,0.1298341909037658,10.015803014305302
4059,-0.06982305904124655,-0.078594446294765,9.798203552271397
4080,-0.1307981138494661,0.2562575452618172,9.905771267430994
4100,0.007657317652693584,-0.15738352893376184,9.815561614024611
4120,-0.09099991217739489,0.10650984086399129,9.828281594848294
4140,-0.12418732032046056,-0.0761457050664534,9.729457814380774
4160,0.010851205420211368,-0.012549658225182276,9.684006503818868
4180,0.12539630675237184,-0.13936844646917548,9.728345361033403
4200,-0.06001323538342723,0.11122901000893354,9.961048849798468
4220,-0.11346431793010664,0.1664696938553238,9.748476465784544
4240,-0.10706599833110476,0.16389973270096825,9.547902105098084
4260,0.14657378024665513,-0.13026113768808514,9.922219105686937
4280,-0.12361230409602625,0.02626539728170103,9.779213096438557
4300,-0.13002617749334197,0.06718440006753183,9.942742402366978
4320,0.07404470395505083,0.037032609741600636,9.666115149963083
4340,0.01830056102624219,-0.14597886632821186,9.823196329107585
4360,0.1342781605943015,-0.09359819046430878,9.835466464359351
4380,0.03409912233970085,0.03726841016402046,9.667400651538584
4400,-0.09233878357272116,-0.09257120264534491,9.634281797134328
4420,0.14234309937003964,0.19834645811921728,9.6127732669123
4440,-0.16272124428625587,-0.007215478388793184,9.7159707383394
4460,0.06915867789541627,-0.10528176078662697,9.980201995577996
4480,-0.042418483687223625,-0.07921387746191198,9.765411996594274
4500,0.13495546486262008,0.017827926922766746,9.878298236591622
4520,-0.028771834074750965,0.14178756480136656,9.764086830832717
4540,0.04691364385857575,0.06827543092707576,9.71548966754163
4560,-0.032332010045992586,-0.06151779120685116,9.760000731714822
4580,0.02278270042309539,0.043331268905246925,9.818769114533946
4600,0.055995707859438526,0.03836998834382581,9.718697945086728
4620,-0.053848686642323604,0.2674364347132104,9.921805133476719
4640,-0.029314384572618885,-0.03918627043069527,9.59682130442922
4660,0.17428887141775445,-0.029308942674430103,9.658171063020784
4680,-0.007416264001285818,0.18066980114938588,9.714045563911187
4700,0.2857937543697,0.007915775817070305,9.897153630578815
4720,-0.0020625386593207434,-0.05023057272357124,9.608825809010437
4740,-0.18271211291144504,0.02567652472136408,9.669374020634955
4760,-0.22453546534104815,0.014186255164410222,9.779081042316696
4780,0.16431718252376465,-0.01879544531594774,9.748110303969879
4800,-0.05438242437147069,-0.12960073870829517,9.723872397694707
4820,-0.13152200409229434,-0.045462405934755555,9.852590895445143
4840,0.1980946293313753,-0.08800001669792766,9.816225200713701
4860,-0.031110072292622484,0.05628809477749601,9.638932236318341
4880,-0.06068233300497324,-0.1088797714169123,9.729844093892103
4900,0.08714099754527481,-0.20751655177959577,9.739592438244722
4920,-0.0055277769775538615,-0.1090493345323914,9.651730275902025
4940,0.038698605668851076,0.011888022570375828,9.731694811901624
4960,0.011256041034869315,0.012807679605435324,9.86185058247668
4980,-0.09670736200278668,-0.23796766884715717,9.76046512436993
5000,-0.12891805168919115,-0.04994419274336457,9.816754709846053
5020,0.09464606032111268,0.05479548609805914,9.710244207346081
5040,0.04155269216969978,-0.05005878489987742,9.877949042050219
5060,-0.028463956369914216,-0.13397829022690394,9.853766894633036
5080,-0.3396157435385123,-0.11462459761343521,9.622064988072644
5100,-0.0901655668570395,-0.3476393858120485,9.850149365214586
5120,-0.021381546202858023,-0.04570097046746299,9.699037595252602
5140,0.14400378839675854,-0.026427572258623314,9.642577677620675
5160,0.05234765755712823,-0.06323136598130323,10.080994662478668
5180,0.21022897087925813,-0.122635168025608,9.865884845651946
5200,-0.2576128305398244,-0.020681911572119748,9.744053458313026
5220,-0.09504311225036016,0.22973825231351558,9.87044297269262
5240,0.018949985524511305,-0.06927866891480768,9.82427306396425
5260,-0.16972716971406535,-0.29893763166653997,9.69311751185025
5280,-0.0032579414868057757,-0.01981052238424596,9.778140692635173
5300,0.043644769396861925,-0.007789888679209059,9.880108272799074
5320,0.05409257067811277,0.040170693578465554,9.765147430058109
5340,0.10556785491351686,0.08379566014490726,9.88050949225797
5360,-0.21108289648741155,-0.05966558293326281,9.551514314825715
5380,-0.15310226002477476,-0.09041617340498719,9.777141808983595
5400,-0.030821085151618265,-0.30977966372378646,9.743574352335353
5420,0.015496108998401956,0.11083296715207464,9.979667292048187
5440,-0.12902042275865847,0.1255071656930305,9.966961930338881
5460,-0.08807569905296099,-0.1506985591530861,9.947672544720852
5480,-0.05777405309036669,-0.10696586469433025,9.856717252587217
5500,0.08248266822987031,-0.0011604366256124583,9.752856628499053
5520,0.03979046590476501,-0.02328650885445221,9.900060671653176
5540,0.10947484847113434,-0.0381031915997745,9.872860023096424
5560,0.037854153816706294,0.10473260012587614,9.946835312746567
5580,0.3211030464957525,-0.010219867560880355,9.703836280227728
5600,-0.0398616116919044,0.20903596648992015,9.893129616914257
5620,0.001146478981606134,-0.048215899473866494,9.877222760482798
5640,0.011344863512394724,-0.04586501999664163,9.995440242677057
5660,0.17228124496268793,-0.08134764175643784,9.755762579240743
5680,0.2950466213650826,0.15807854771204163,9.974177085356544
5700,0.03243846909102705,0.04431066354887759,9.908005727702509
5720,0.03360751075906535,0.04932883500882442,9.8072230290938
5740,0.15331252343902774,-0.1471429715651358,9.918524173321355
5760,-0.061361640842780014,0.004966469016372278,9.79958977307394
5780,-0.041752108681928614,0.06025935369680181,9.566529093316774
5800,-0.34536007596988705,0.12374666516790547,9.794303585660135
5820,0.039158514078165674,0.1760144132207011,9.666304496864123
5840,-0.08226925376319952,0.06774009717987192,9.65483079141438
5860,0.10227796923061164,0.18489264367006744,9.825984639732072
5880,-0.0027139177600698553,0.076629745079851,9.841178124112847
5900,-0.14494455777008694,-0.07471208049310475,9.855704932192122
5920,-0.01652689179393019,-0.013392937155290033,9.710222822571177
5940,-0.022050908663131096,0.16024018304232757,9.836071324653789
5960,-0.031182503047724006,-0.17670613283757663,9.79953768159093
5980,-0.01928449142958858,-0.054275472086197325,9.637818489993176
6000,0.020778183627954153,-0.0494594141320475,9.778882263885484
6020,0.0124199803776607,-0.07394771190118218,9.670946421664857
6040,-0.01628344201847367,0.03266711301541495,9.790965648442382
6060,0.046884739982712836,0.13286893183203044,9.716898293605343
6080,-0.003285684767739182,-0.06951029518002082,9.922558168537138
6100,0.014551712078884659,0.023727750813363,9.69373563329493
6120,0.0013888940439438498,-0.22534412462975825,9.688753785027451
6140,-0.0678568442566838,0.041943819794830285,9.501831989529961
6160,-0.09759250941404386,0.10030582568141452,9.864695176629903
6180,-0.013106154305287967,0.04512401704517931,9.843213878041963
6200,-0.06671249843626438,0.06686072935729616,9.701346670045133
6220,0.13613126695398986,-0.12829993651150495,9.583196682581159
6240,0.04492293386070343,0.15156818986928183,9.969310248592294
6260,-0.1702450689838526,0.09029865147014303,9.59265926519677
6280,0.07023258901759757,0.2740233694021557,9.949362841790444
6300,-0.028572652020844864,0.024605423062152753,9.736140691415384
6320,0.05298977552752489,0.07750584348434175,9.905530300648813
6340,-0.06846736345293561,-0.04928974710575769,9.6578601527651
6360,0.015155895604048862,-0.23674692996097602,9.880079300929308
6380,0.03127779808560487,0.019685213719796632,9.88857605017627
6400,-0.15047253942403402,-0.06353082969997985,9.854469985359568
6420,0.08069153318600455,0.015180490989928122,9.753083144326594
6440,-0.07625233299922698,0.05737280807715151,9.786873556293028
6460,-0.12081544140818441,0.06774579824417919,9.75446574045647
6480,-0.034495357079412474,0.04669839427485946,9.716274717434313
6500,0.027681045788924396,0.08025364786366493,9.58320906308192
6520,-0.1905945812057258,0.010319968123902736,9.773010522182627
6540,0.19471771374864288,0.024341535731097833,9.624417817300705
6560,0.09772531994189909,-0.05532005360450003,9.732356235431864
6580,-0.08250356046468886,-0.10093846846066921,9.732099828776848
6600,0.0035087132530387697,0.18126434211827452,9.732491927017232
6620,0.1853994077537597,0.06320800660368849,9.793691717083458
6640,-0.05801367223326909,-0.12854611085931622,9.828220079251125
6660,-0.02758262239414902,0.04060348914459762,9.84149870979557
6680,0.17832607986453688,-0.07064703002832466,9.597392873938595
6700,0.12143754893107292,-0.09323435723347293,9.811203543750459
6720,-0.1350333747633379,0.010434228361745025,9.861497892088282
6740,0.07036322849704946,0.12173465161783191,9.714836285969193
6760,0.10575129935480039,0.2094073546540663,9.775486375701725
6780,0.020342311041574804,0.03202724737167112,9.747480953353659
6800,0.0966363798985816,0.2200869543793687,9.969775842246175
6820,-0.10040907650698996,-0.11849270947262605,9.670530558368226
6840,0.24748260615689702,-0.21187842837654042,9.89939507636773
6860,-0.05325267018852213,-0.033107114655237566,9.963208624463961
6880,-0.12103723123160953,-0.14634736155735484,9.82319932424032
6900,0.003546953182718743,-0.15493375720863048,9.88621002718556
6920,-0.21102242236070246,0.08833096147268421,9.585580736284532
6940,-0.11222736081070159,0.0781596450357613,9.743049082733382
6960,-0.15356556339913846,0.13570119000208913,9.562006793154968
6980,0.0864062912425723,-0.22792987640708293,9.756530678389709
7000,0.20014648922034817,0.11208891460335342,9.708447004832957
7020,0.054946737152490384,-0.032717158519099364,9.87489430419767
7040,0.10971861788199194,0.1151033585742722,9.833494872521596
7060,-0.09542556223746067,0.15606940492488572,9.833249320254012
7080,0.07140134583576287,-0.11279168591055115,10.004500102122636
7100,-0.017186729186221227,-0.16213169622389378,9.917209185940123
7120,0.2902152433685225,-0.00429087684748782,9.688114056940368
7140,0.15497490464825828,-0.02295905341992021,9.790291843343304
7160,-0.06559302897759249,0.18075892613321032,9.865697475935159
7180,-0.007773956509262841,-0.015667484077327116,9.735180724919266
7200,-0.2380221895291905,-0.039095146830336415,9.690272954810807
7220,0.11356232582906678,0.08469962117952148,9.733090746748225
7240,0.23105186868595234,0.05673558573377479,9.75243707757046
7260,0.034289193778308726,0.0051166870962829816,9.62946081180849
7280,0.09825985395032898,0.03423001677685523,9.929456339994575
7300,-0.07338531951824825,0.1510746331011759,9.857942165459924
7320,0.07145588683654068,0.1500021241163876,9.8265472206215
7340,-0.04404014624721811,-0.0038189560417925972,9.648284681029962
7360,0.108052917968045,-0.16802962911529826,9.62272258535491
7380,-0.12369191856815419,-0.12732078086425794,9.874562452271858
7400,-0.0432643797439012,-0.12372013264113974,9.94754260423413
7420,-0.08647368452963027,0.04716957965455454,9.89212598535837
7440,0.08542979674322775,-0.16490460662433715,9.708906599310616
7460,-0.2941798004608884,-0.12895611329902693,9.529584278675486
7480,0.2368136009011378,0.25637031651977193,9.827253448999555
7500,0.2608770055207625,0.07540616145558414,9.888831961979736
7520,-0.04425099329948557,0.03200025785537094,9.836625215640083
7540,-0.20587427971185657,0.07441654663286527,10.091939269434652
7560,0.25007580661801043,-0.0033230632582606236,9.704356628597363
7580,0.04025525190811977,0.06175410217996492,10.079052994137491
7600,-0.03325835944716834,0.04682874367622148,9.77672043594784
7620,-0.019945543473995752,0.03152211995497344,9.771835418211099
7640,-0.005686729325168069,0.052048030136007145,9.728157061335255
7660,0.17345944483105172,-0.024671088908032598,9.827398437957457
7680,-0.00339027823264542,-0.07882348521562244,9.938425504971542
7700,0.01138626013435386,0.05437365540221434,9.701394856762096
7720,0.05927551771495429,0.03433187417481346,9.866190981259848
7740,0.03788494786146342,0.04026539614906863,9.711546016369754
7760,-0.12915944359837878,-0.06360921672516173,9.6931289970567
7780,0.03436868809739095,-0.08171168543945108,9.817535340991954
7800,-0.14553360076787877,0.07234106978787898,9.958634405935221
7820,0.09753270268840047,0.05754288555632016,9.99478598000281
7840,-0.08635064760909512,0.018783482038610466,10.027906637953194
7860,-0.003664309119533735,0.13344287153289422,9.955153147710499
7880,0.05242908620928562,0.009787415596879687,9.721980119822884
7900,-0.2430401705926236,0.03287859768199432,9.828832664088251
7920,-0.11913497066002467,-0.09969150076013482,9.604192358988564
7940,-0.05422798594052412,0.12950761052739362,9.809114860387123
7960,-0.013218525870858701,-0.06252537817042221,9.723949959556718
7980,0.047462723515345466,-0.04509955999411458,9.835675201295238
8000,0.07422681437654215,0.06267858143078822,9.740150061406178
8020,0.1612318804421309,0.05521147702172507,9.681098470962082
8039,0.06430986998865919,-0.12305546299745802,10.099991606567864
8060,0.046850189471824594,0.027667946617792843,9.73656362005344
8080,-0.07459081654617938,0.03937534618881397,9.677101078643817
8100,0.04223510725997479,0.09898518819813744,9.859062611962058
8119,0.11576342778850798,-0.2084903277071609,9.705111513438796
8140,0.02275526195517262,-0.15054634293991412,9.767215445947583
8160,0.10537649953866783,-0.10402777886713832,9.758776722867625
8180,0.2733175531791528,0.04027986764235631,9.981787132621834
8200,-0.2187771278510703,-0.10324970246637824,9.91688278457325
8220,-0.03490644591642224,0.07007791103934068,9.800572415686142
8240,0.0644039624123548,0.04854666359914506,9.921823391279089
8260,0.3295360058316002,-0.1242990144538758,9.721439920111232
8280,-0.14486525889767835,-0.15103894084850442,9.658171338596047
8300,-0.024775473799851955,-0.2176835637633769,9.929690062409007
8320,0.09176812061132397,0.023578856198832356,9.711681007073585
8340,0.1273104197659061,0.11745382912682306,9.78318488112165
8360,-0.2280307946130626,-0.08764054401977553,9.812061293732073
8380,-0.0749147727993837,0.002554075240617821,9.673078955676605
8400,0.00785682838335761,-0.05406010350978581,9.642484502923642
8420,-0.15076702920196391,0.18669403165404755,9.71889977344437
8440,-0.10773847500462935,-0.07493736726742041,9.788067116055393
8460,0.28140788015867874,-0.0632783564034494,9.969348908692252
8480,0.014414279713455661,0.19818452354991534,9.851412881363204
8500,0.08458105741248106,0.22450996257090292,9.775363707888014
8520,-0.005876410417496602,-0.0321863233956664,9.89960708589051
8540,0.11206551115517888,-0.05458889266846057,9.843092544342182
8560,-0.08647193503490513,-0.001240818064973668,9.636174352689585
8580,0.05370422891794994,-0.09287246519844482,9.916772214312331
8600,0.3978139377476594,0.025579583080384306,9.848263747802642
8620,-0.04287804473997799,0.011109831281681522,9.711316006587142
8640,0.23072196539865608,0.04062653680879411,9.895991326109963
8660,-0.12498043619361204,-0.12200243383970859,9.828861610175815
8680,0.24775382766687193,-0.03600458070976628,9.689240456100592
8700,-0.035762867899046015,0.14857661672217654,9.935406909803083
8720,0.07370609047588367,0.10029494607928646,9.769813062886183
8740,0.014879336531256974,0.11703798316409932,9.650357871313219
8760,0.16746088007034063,0.013841190985895422,9.861154315424013
8780,0.02426710590575006,0.1714764444853672,9.886989041258188
8800,-0.12186514931202905,0.02837488869405658,9.843812247336833
8820,-0.24563496297099507,0.0512119060624157,9.751717891791907
8840,0.14091974430213336,0.1656568441511809,9.707528393518638
8860,-0.194854124271191,0.0006856894763669486,9.787945042432145
8880,-0.12377543861708047,-0.09299882948109951,9.921717064605398
8900,-0.08739900100451584,0.01323339812015733,9.776211897860213
8920,-0.09730194053880466,0.04038147862321417,10.000363089294405
8940,-0.021249571396789953,-0.01666991044314847,9.645287131192035
8960,0.030741461631777642,-0.17337717376293305,9.940590770433223
8980,-0.08749683606886396,0.03178063960604575,9.769034223264425
9000,0.16239073890992678,-0.05174000237432038,9.76993653743243
9020,0.03444093116223417,-0.13675608872882822,9.929675476998423
9040,0.10863580189632714,-0.0002942882056707705,9.826067016957564
9060,-0.039222532997173376,-0.4027198773132069,9.758690100383477
9080,0.007101748527318452,-0.019439622603166697,9.614648672107563
9100,-0.051712763005012104,0.03490504441467909,9.933519957349677
9120,-0.17880223245788252,0.15476847651232054,9.794464262447601
9140,-0.15029400190071454,0.04773931573464962,9.81481082888985
9160,-0.09962925046106737,0.0515609636361557,9.846775623606776
9180,0.04415120068806737,-0.14900103412028837,9.779716548044155
9200,0.007958030910788814,0.32769385416283214,9.969602060997016
9220,-0.04365600252388294,0.02423862940988013,9.878573285540808
9240,0.10188802226907402,0.0801529177551702,9.840508009264981
9260,-0.0697042535271835,0.18208437315836778,9.809084294450367
9280,-0.11326666512817189,-0.12460517889813534,9.963783887814998
9300,0.03629814462926178,0.0018598199415938317,9.69055772471583
9320,0.13184002709994275,-0.032699501895193384,9.739602680476034
9340,0.04031071029757589,0.1128643065373922,9.966898075940811
9360,-0.06880840482025247,0.051834921708125765,9.864524105000015
9380,-0.012594728028867195,0.1772572342767805,9.70580675090535
9400,0.25183292061589124,0.19317923452220087,9.890167473458161
9420,-0.17205720164866858,-0.0967646234794104,9.617264618349154
9440,0.02661242873820327,0.0904529711554555,9.555137595079566
9460,-0.2697602858577802,0.2462657254948203,9.803027911645549
9480,-0.08578621467677448,0.02458071727326227,9.72432591333176
9500,-0.014269394154452518,-0.06896264284735648,9.717776556172101
9520,0.0419986453580808,-0.007812002147787335,9.888659404763233
9540,0.01216421106093776,0.0010372790869849283,9.875700879342167
9560,0.08478796184585712,0.10182033237108815,9.691624917065164
9580,-0.2720622629309643,-0.13147043887205495,9.705914904956444
9600,-0.005291344823992569,0.05679231246151399,9.840543666479643
9620,0.12267092085607513,0.06637604373888134,9.567918410190126
9640,-0.030163048541354556,0.11487796188681271,10.037473481852663
9660,-0.1386185064052227,-0.09058060151328193,9.987749270719702
9680,-0.21820593682012168,-0.03099857674083328,9.71789406615372
9700,-0.1757015826042035,-0.0425271393231462,9.892704448874417
9720,0.0076847123453435045,0.13211934341091552,9.659035554880866
9740,-0.11559825561921407,-0.017121419073939187,9.94191199996066
9760,-0.0902074233900143,-0.04345041618420165,9.946517208772633
9780,0.090085188703345,0.42404012928253,9.625201290482265
9800,-0.2192184663181266,0.14413693524193857,10.024025221241057
9820,0.0969470000892553,0.03995310185591508,9.849500796231325
9840,0.034359238250937875,-0.040768362873835874,9.849607931691565
9860,-0.04361574694160806,-0.05674298317089137,9.756206504918625
9880,-0.23206283416126092,0.029642856971108064,9.806202091068723
9900,-0.05036124878424022,0.10769971187669637,9.926290289882719
9920,0.05384728270414849,-0.026377539190454533,9.782062764112684
9940,-0.22972157425712228,-0.015983901318509054,9.915351705043395
9960,-0.03019645840407856,0.07760202419257924,9.867010068768423
9980,-0.02299248622875967,-0.08121486248161285,9.774981455326627
10000,-0.326670748967751,-0.09189738168285089,9.630535621156408
10020,-0.14153240611205564,0.10082699742681747,9.620625595419938
10040,0.04877745684567118,0.062046334766701836,9.822761263038252
10060,-0.05340998091145902,-0.11141033793083188,9.643254810165454
10080,0.1784367313732684,-0.03665947020654874,9.801174895230673
10100,0.16112429883630763,-0.002479508199622457,9.619662356915327
10120,-0.16927406380584173,0.030181043701546773,9.965551143409597
10140,-0.2137236298465739,-0.025126713603329427,9.881519920801852
10160,0.09498958500843573,0.272255655778174,9.900427646179484
10180,0.01088170000272348,0.025040358641988985,9.695168385055092
10200,0.08972019182474637,-0.037408508627680304,9.875651026461687
10220,0.06344919416605045,-0.06714625810158308,9.74985766089582
10240,0.019095315730978404,0.09801017779035492,9.697329595584245
10260,-0.10815337142031439,-0.08071026570435232,9.56425276607455
10280,0.08105372208530986,-0.020005910353886294,9.731755896059763
10300,0.21431102427422957,-0.017957877530963735,9.738617537152212
10320,-0.11985892077858917,0.06329470457757412,9.56398547229726
10340,0.1970136049029671,0.0036677071417790807,9.870140219993328
10360,-0.03714940443798641,-0.1618628916970545,9.602185095093265
10380,0.027392558935624083,-0.13507639268105778,9.725332395696046
10400,-0.07868422641982994,0.03281549234223768,9.910004597561167
10420,-0.12042849017765025,-0.15281395996272218,9.869875218598064
10440,0.1316081239451746,-0.18872637178468338,9.86538544975671
10460,-0.14738613180781565,0.05479352897934954,9.493411774622519
10480,0.028229859554488906,0.09272668088318108,9.824916040730153
10500,-0.05197767795359661,-0.004123949698137654,9.681967650384582
10520,0.23508399855530704,-0.04721866623159078,9.81187903480432
10540,-0.0655772763438969,-0.001422135633133197,9.975487631464114
10560,-0.07166764910807245,0.11852668075772485,9.753306419263222
10580,0.17188774243919672,-0.12539240704670254,9.393223932907743
10600,-0.050300455742332884,0.08214902826287962,9.648816057866846
10620,-0.09691911503449838,0.05249465329208006,9.85581177535904
10640,0.07891001252360315,-0.0711526292782098,9.7236970303916
10660,0.06215443523768885,0.11295592744406206,9.730164998735304
10680,0.005028930245870338,-0.10043955064137781,9.885258766803751
10700,-0.08735611306824337,0.09905387359764713,9.839021635628376
10720,0.007460103602349931,-0.11283868297129473,9.76405085620399
10740,0.10358402103675424,-0.16184322701107498,9.787046729000657
10760,-0.004199195533633658,-0.06870721589027926,9.657601008651568
10780,0.19421195616809572,-0.0673238065565833,9.776450711345527
10800,-0.10633875795992284,0.08083613970881375,9.68162820760677
10820,-0.3543863695501838,0.050325684988784876,9.38759231000251
10840,0.10253368717282098,-0.016868687242355386,9.871001370786026
10860,0.15928092718869177,0.12997271665756036,9.872495300718857
10880,-0.006782984768796533,0.03413338387130458,9.669340503276672
10900,0.1576899468937807,-0.03237172509604294,9.807336208685726
10920,-0.18625083147938576,-0.12142927039139317,9.913903992900966
10940,0.04157058018021756,-0.2689015845787763,9.586532921263036
10960,-0.04915166024412745,0.10741748779090758,9.948138917664771
10980,-0.06443430470000684,-0.046536038458326864,9.827646313965129
11000,0.1860482497433995,-0.04556930424077771,10.013345184112842
11020,0.03758714289371206,0.07775792997867907,9.996087199989939
11040,-0.2818369131799254,-0.13001426469137894,9.675872265186003
11060,0.06145166338488307,-0.024466295351220073,9.870263923039259
11080,0.23734507635441277,-0.0883353038927647,9.720665912969046
11100,-0.2259195698971598,0.06633033870177002,9.722560402206751
11120,-0.2216690790221462,-0.03658481595670147,9.857319827508128
11140,-0.09473270735928829,0.056646260276329,9.881784978878525
11160,-0.1946098334762614,-0.07354189079018511,9.885306655726714
11180,-0.026041880185230785,0.12571494282608747,9.849496177568227
11200,-0.008872459359389248,0.11165009121608724,9.92622077439047
11220,0.1928795696325188,-0.01833209079568665,10.038332421257792
11240,0.27473734848568226,0.21664282393474463,9.676412803495626
11260,-0.19085089376470069,-0.10985342867342968,9.82174110549385
11280,0.14469531310313072,0.09603602115807276,9.748976572942142
11300,0.06391339245616066,0.08531205877181276,9.729214735034388
11320,0.001546408254772445,0.01851119446551029,9.795665719534611
11340,0.11770590841255765,0.10701288583102149,9.824477124444105
11360,-0.11259607381406996,-0.001717999467300731,9.637048861795607
11380,0.015236951063790315,-0.11276388507712942,9.624586379665168
11400,-0.07958534385376978,-0.15750171795189363,9.787372218094745
11420,-0.028594085707019403,-0.1293311939481112,9.901978620813303
11440,0.19953832468897104,-0.019159367116835826,9.703984439971885
11460,0.06033048264937608,0.08929676373927413,9.89441559767734
11480,-0.048454691630660324,0.027301979539851664,9.567782256120154
11500,-0.12442991933242176,-0.13170460240916346,9.897981029895679
11520,0.09938483379854453,-0.038075592329549504,9.769911946768127
11540,-0.01682580321428403,0.025308495976836865,9.78021595387391
11560,-0.15113524266284284,0.1418381100886474,9.788459373647552
11580,0.09827639243454792,0.05921815058029854,10.062711245273002
11600,-0.1428288070099751,0.036945475650266214,9.82331414482489
11620,0.045651134412693785,0.09285006837728331,9.679351975166478
11640,0.05927233611462224,0.0595717299675387,9.543355823106532
11660,0.007392297315547749,0.12941052445438314,9.787965011273432
11680,0.14958061384673466,-0.09124652089827598,9.885344917099339
11700,-0.0709689763294694,-0.08071797770538586,9.749129999486353
11720,-0.07598763040956029,-0.23551482174620683,9.774781592002116
11740,0.0618580526005433,-0.10638679643527545,9.746634972592766
11760,0.05636655445553187,0.07314452561676599,9.87257232852696
11780,0.1278061320458339,0.07872845026456331,9.865739938752307
11800,0.005187932969624896,0.0921721074334066,9.790669911904741
11820,0.05129957765126112,-0.049847812307769225,9.960023640807696
11840,0.1843265037556984,-0.027085853684244536,9.725029172843337
11860,-0.11181036787628748,0.022520735311744974,9.89615235886249
11880,-0.05853494353790666,0.2579212655309114,9.948571377510227
11900,0.10467105082924918,0.09384372105125337,9.817409165418171
11920,-0.07374974798012214,-0.2010669593895386,9.724086185013428
11940,-0.13349835148778044,0.04310458730961049,9.829263321711275
11960,-0.09498778859440293,0.041976215401517906,9.84223506404952
11980,0.007956537766136211,0.10254486184663598,9.685257507146101
12000,0.12476651403424562,0.06663505499345677,9.934760101164404
12020,0.05176900022579605,0.039625772484510095,10.056768874202671
12040,0.10860506304774128,0.04664318598279685,9.553161020728993
12060,0.1365401414049776,-0.046883446266478036,9.985989982784623
12080,0.08738015830303662,-0.09200346509713282,9.760048034459947
12100,0.04878752335932281,-0.009775004275284006,9.578390942892048
12120,-0.046606730982687396,0.18441084179502687,9.883542759210824
12140,0.03419083720905526,0.003741234579807046,9.676646663683522
12160,0.17346375488087806,-0.04927724383559969,9.88297538742157
12180,0.18190338336704923,-0.12350615531755318,9.775543151010279
12200,0.08344460601107088,0.11973761879963178,9.865139804174529
12220,-0.046031681429706206,-0.04244478534549805,9.7454422998822
12240,-0.024236596113609083,0.00012571848294501818,9.906638618694014
12260,0.00016590365938164167,-0.10216731538322402,9.404326410397655
12280,0.15833234050241968,-0.20120654272569014,9.887496530710253
12300,0.251648526019325,-0.081857656103586,9.648312448757022
12320,0.16219970931595518,0.2249074139477865,9.588911679745863
12340,-0.24253240438133977,-0.12540187723807814,9.759762101191093
12360,0.03929843392076694,0.03378278757968483,9.931260793436671
12380,0.01542507851540917,0.03899544991348509,9.804798486003365
12400,-0.0372045646960768,-0.14038791000394485,9.784994172236045
12420,0.16746447902326325,-0.034370394513293774,9.67122335707378
12440,-0.0538151470669038,-0.21833984731109926,9.797789792963504
12460,-0.11303530720518208,0.14540490305794326,9.79492877093828
12480,-0.05665896202963769,0.10989684641299505,9.682096543216382
12500,0.22477933506724038,0.0670808191113315,9.678043556484008
12520,0.16242306827862066,0.02622327513495769,9.647375344652975
12540,0.08204384257433961,0.04500872744942812,10.001866979740894
12560,0.0742654078183937,0.05319931499556092,9.919813445114793
12580,-0.027222056474688984,-0.09918331148203102,9.954823968081486
12600,-0.16128552232901702,-0.08004210666453741,9.918762295681889
12620,0.009464301163470858,-0.14464669412921666,10.058484884637133
12640,0.04198354855316283,0.39729081810686245,9.890226571668693
12660,-0.15488512723275524,0.07012176352639936,9.714616817455642
12680,-0.0801578333211768,-0.0139823712724036,9.968361585031573
12700,0.17347875887237296,0.16860516299262596,9.944332058496142
12720,0.09152270546019774,0.025665513998593063,9.730757345468142
12740,-0.09808764384570033,0.041603517290222304,9.941569949266471
12760,0.01421395397973965,-0.1180586273054834,9.871951389560152
12780,-0.09911824563717046,0.03794259287184014,9.722837333815136
12800,0.04399783277983305,-0.09876440589683659,9.638026308581871
12820,-0.1829683733941636,-0.08617257437289019,9.621251883243778
12840,-0.06609034871657213,0.21879378231209565,9.80889686409371
12860,-0.11713160301370429,0.1393514625865941,9.806025232918957
12880,0.02722261194226794,0.09304143873745795,9.626746780030821
12900,0.14328415748907725,-0.02923813978683186,9.803676628076497
12920,0.2547187896473565,0.10017533891909682,9.798198995286437
12940,-0.05324851444097601,-0.19252496894835758,9.67699761804053
12960,-0.1763554025664724,0.07127420102146782,9.807728719205592
12980,-0.036881224097206664,-0.034483440037034054,9.701296961543608
13000,0.18389483839842932,-0.050695784855241594,9.974391364023475
13020,-0.09286723170926585,-0.1614819781170868,9.809775346107344
13040,0.12826522938078422,0.10697652323913322,9.861816835313507
13060,-0.08592949470221646,0.09428221103636565,9.773601007007718
13080,-0.12293581989007057,0.16349480449739118,9.671236185762499
13100,-0.09145504070491382,-0.008105963706334991,9.781562373861039
13120,0.017487034810064795,-0.06704152103784237,9.79006130198483
13140,0.023742536252262463,-0.07960531731226698,9.854445558193431
13160,0.040026736005097284,-0.13271486234276,9.799909071214246
13180,0.0007406232418263574,-0.004695601885100438,10.060917642780733
13200,0.07018534337095254,0.1853692513407223,9.764450325554828
13220,-0.036355159450289554,0.039928472649964665,9.826732248948534
13240,0.0967292750886652,-0.061252130574037535,9.77833168752601
13260,0.11217503985336447,0.2271116730232559,9.916558739818967
13280,0.02735784683122358,0.06223998812589274,9.666598517690717
13300,-0.07442002584391684,0.10310474237218668,9.755120649037764
13320,-0.10246861497957051,0.0030917361997081015,9.907146570143121
13340,0.05373211206462987,-0.035921637557510815,9.796933117912907
13360,0.013484119860102077,0.18588643124166618,9.905870211437152
13380,-0.30221416108299115,-0.11290282862746716,9.970086984667143
13400,-0.14264898691585284,-0.13248174896415113,9.900155705309762
13420,-0.052972869260969245,-0.09809270751500883,9.911100007134515
13440,-0.10501024521395104,-0.06364501793157899,9.826319794041387
13460,0.0633935172964578,-0.08199741311025999,9.92301391561959
13480,-0.07199646101842405,-0.19832864376787193,9.891667984521517
13500,-0.0949475437539504,-0.1308243664884858,9.768068170184964
13520,0.2507528864188815,0.1623075143997674,9.725632873993195
13540,-0.10137424792845127,-0.12266778536092862,9.763159685619257
13560,0.006579323458713642,-0.0870507689936658,9.741292512858479
13580,-0.077211603711274,-0.06812738026792653,9.713323724421612
13600,-0.032991491740954546,0.24406508601613422,9.687230476014387
13620,-0.06922070848247533,0.11305655791630381,9.785848085742082
13640,0.016574776982802852,0.21058452445003945,9.899951684842696
13660,0.03172659148571326,-0.056553933907104746,9.755539126829463
13680,0.13877379330791845,-0.11421309533117825,9.666834777219727
13700,-0.07062392579786923,-0.13711250136103137,9.866255403575321
13720,0.1472437769082778,-0.23016208576450548,9.828616139271954
13740,-0.2695216174152381,-0.06527795548439368,9.767454595622384
13760,0.1422931068558874,0.028090880172670567,9.797675005475039
13780,-0.14662791358758434,-0.12750504383462258,9.616714011639303
13800,-0.05155317328134973,0.05573669317782532,9.97949195245698
13820,0.15932262781036297,0.14952434124558533,9.730705440691382
13840,0.22210495757003615,0.036393543834904216,9.8517986886995
13860,0.07827028723655477,-0.13654833524208562,9.895698128687165
13880,0.12854332398367713,-0.12985193991359043,9.674118638951258
13900,-0.02593327816715576,0.14685385978401258,9.758049721043651
13920,0.30909651560481416,-0.12251097667844484,9.593165296258277
13940,-0.22051858997594684,-0.0074918436097249335,9.914149029183841
13960,0.16949512438259168,-0.04681544408505446,9.784738140672482
13980,-0.10481952120551626,0.14355220703202048,9.693322669449884
14000,0.05499703709222095,0.14854840893450139,9.90159022455581
14020,0.14955039685852392,-0.04201139716751673,9.793768294533395
14040,-0.07190802954384051,0.037575111521743726,9.662265522215822
14060,0.16579274326943538,-0.12330570713606723,10.079954633462275
14080,0.09712700577930362,-0.019804140825060785,9.594527442210598
14100,0.03908353106717254,-0.0786941754313504,10.0328689568339
14120,0.1411435548312905,0.10417572605295859,9.904285163911961
14140,0.19777565208564493,-0.04553292337325844,9.766236517939918
14160,0.10392628405899428,-0.11630783411450012,9.685119220600251
14180,-0.06839194429440765,0.1144233642828044,9.638316783515767
14200,0.0945927934509089,0.03412723336475736,9.807999946078418
14220,0.020661719340529617,-0.15880649389210105,9.886955578569712
14240,-0.16937532936735222,0.12153012688976232,9.748885996145976
14260,0.023214436835335243,-0.02360467919456247,9.793206767818736
14280,0.03269409957059723,0.11320080016704329,9.796419911739584
14300,-0.11985039425850014,0.21399566989188493,9.956787971409213
14320,-0.03164593487325317,0.011312593876928014,9.75706129960319
14340,-0.20431055061478923,0.02966223028643783,9.651194927121113
14360,-0.008453702905760837,0.1516642636046376,9.709080441998072
14380,-0.0929300148120604,0.06710782907467465,9.695578830819693
14400,-0.17505331897602638,-0.13702543269405065,9.679344638999943
14420,0.09746251137980089,-0.17188810732335344,9.596040137132203
14440,-0.057223096678766426,-0.034974729617536726,9.582044956135231
14460,-0.2392789347489778,0.007711209732713356,9.67198389332309
14480,0.03843712573178612,-0.042960673388049465,9.913584644343853
14500,-0.2651546990123128,-0.009779734148212673,9.800858884744894
14520,-0.19184839680594948,0.049874265157062087,9.834831066367004
14540,-0.00221937569321926,-0.12918620775015788,9.692242604363377
14560,-0.0624002693745197,0.14253846414141869,9.886050912685759
14580,0.028200970338409077,0.08975647921062192,9.712373074734337
14600,-0.025285798834989822,0.020620310500316732,9.849658362607759
14620,-0.050867654403951315,0.22238293156422087,9.813831502601891
14640,0.05815655436302459,0.13923156773245732,9.645963564983672
14660,-0.07469578347814543,-0.05470867096258978,9.725755089400948
14680,-0.13033939389905963,-0.10258836459837524,9.9826419649702
14700,-0.0598819105037576,0.08848213043838761,9.604865479767566
14720,0.06281192317045015,0.13008461579037964,9.669522256200766
14740,0.13564077058011823,-0.12297482403175541,9.74774751219462
14760,-0.08099393861749503,-0.047078578244971,9.779012798959883
14780,-0.16624377847401664,-0.09768514518364167,9.779363958044016
14800,0.010888382713535384,-0.333968124358258,9.979484492055322
14820,0.19644510086716524,0.06632187725373914,9.762784372104237
14840,0.08851547248675438,0.11410720337805258,9.805541009724935
14860,0.165351443248514,-0.02893167801601092,9.905882250638227
14880,0.021254318138392958,0.08790034174100472,9.85098470805309
14900,0.1379262050432745,0.07722329189941773,9.791773691732399
14920,0.11637736230666026,0.002140146252409946,9.897700494173373
14940,0.07721338339560706,0.1379974200359806,9.588984289542237
14960,0.11831308472762757,0.012463858059247693,9.754923536503929
14980,-0.06296627079033322,0.06018513716257507,9.863021026313122
15000,0.12198012887181993,-0.021208673251246223,9.910825163380117
15020,-0.18084021622396057,-0.08908282561355885,9.955532998518112
15040,-0.11765719802859653,-0.13212918278513527,9.832891679279605
15060,-0.06094107876960919,0.06499253246367065,9.847899220007577
15080,0.031042282725651366,0.13427134630084292,9.863968477120672
15100,0.053806342587896495,0.10315422019568873,9.753121703430235
15120,0.06423056573643326,0.13193627781669331,9.560892035387402
15140,-0.09557054669599062,-0.060116409674747594,9.887016291160924
15160,-0.013364392854469505,0.04658415751812421,9.961425821590513
15180,0.012174987660404268,0.18709117026209418,9.801466568074794
15200,-0.15491848219112894,-0.0567425127023987,9.661744211023318
15220,0.21014210220738344,-0.07143241295269724,9.69265473007135
15240,-0.022214055529186857,-0.06926115376564781,9.958720834037795
15260,0.03538555919058905,0.07648335999446249,9.915401443825521
15280,-0.11604171357515018,-0.18038474492310755,9.862220070837173
15300,0.019987040217852102,0.014261397112086297,9.863136062405763
15320,-0.1307909344869705,0.1356728972142288,9.985532133233171
15340,0.11489748186028176,0.024640484913200367,9.903896410715417
15360,-0.042875609044026465,-0.01721923115454734,9.89206572186222
15380,-0.27092473505047404,-0.020677729206641033,9.681748455225378
15400,-0.12390933727458665,0.1345553779843709,9.760560944597916
15420,0.05012622291772998,-0.017310748048013774,9.768266073883167
15440,0.10593291861832553,0.042191513279421645,9.802606267468342
15460,-0.040384644822326746,0.135543793814448,9.92831894377957
15480,-0.09026379328767509,-0.0713629807472605,9.832183273298941
15500,0.024720456821306122,0.009224386978735738,9.922914952106034
15520,-0.024431642478574756,-0.13717105596972096,9.772938260759313
15540,-0.1799784091885246,-0.08061346741559047,9.734171271186128
15560,-0.005486181904229154,-0.03331393657575001,9.814078115344046
15580,-0.2583942836261638,0.15172048395991852,9.84366497639002
15600,-0.08115482640968646,-0.07771654581707675,9.741779736290395
15620,-0.23869517135835697,-0.06976431423596685,9.842290303722166
15640,-0.023916347887227008,0.13861069990546165,9.845961307881637
15660,-0.14322293247172715,-0.005457269892836485,9.550081774915885
15680,-0.03028064150369612,0.13612157074935857,9.803126110737342
15700,0.06552276913756044,0.2470013142115537,9.739365030549921
15720,-0.19716234847632283,-0.013856817342173054,10.051978009686183
15740,-0.0563879338429987,-0.0956456756273107,9.887499440802559
15760,-0.24279124477700476,0.17581457930208597,9.897308597538338
15780,0.05518580952397453,0.07732690476953291,9.786225026865598
15800,-0.05085382662149395,-0.004780515071950369,9.859793610137004
15820,-0.15062173409257412,0.24020158584361065,9.66334887115455
15840,0.11417865602105941,0.00556768494528403,9.77608529925009
15860,-0.013011119463469964,-0.03167794905346496,9.92521523851415
15880,0.024387359535018565,-0.03312335803082777,9.82746246295405
15900,0.0027667940960033584,-0.020470181015550322,9.645638885565772
15920,-0.03600429503849072,-0.06902214783682535,9.903527388057514
15940,0.11870017249651582,-0.08660449022068044,9.733384377793108
15960,-0.006252852578290056,0.22903366682081097,9.653983721558626
15980,-0.0970217641098813,0.06252578733316494,9.645479832628421
16000,0.06341342266749614,-0.09687737442482618,9.734554668473281
16020,0.044986069998998506,-0.0005451397642314756,10.037337860143722
16040,-0.0173985367579287,-0.15632701238111618,9.889935438228415
16059,0.025094605255025538,-0.008152256330966232,9.703335162363707
16079,-0.15052566387382385,0.08374950460642158,9.651171038233345
16100,0.13849672001030766,-0.07382010422566,9.841013963792612
16120,0.11555174732188155,-0.0225861499461058,9.883437436537228
16140,0.02254266051159818,0.03886008687718874,9.707631926956596
16160,0.08592317057823295,-0.04202278320263104,9.759559721339755
16180,0.2865489520229676,-0.10119411748242582,9.883848565165257
16200,-0.16017846143176673,0.0818854032453061,9.759630954947461
16219,-0.007346418147504098,-0.033544353591990296,9.61506470657865
16239,0.006609775536595487,0.0636897245427694,9.7104256806306
16260,-0.05564391062745713,0.10152953735472733,9.695524647255777
16280,-0.25133129972472185,0.1266778921197017,9.703233921731016
16300,0.0999853462530655,-0.2491991055643076,9.922356685777702
16320,-0.1501778017303094,-0.11546155948520828,9.757016939411242
16340,-0.09229934720755427,-0.00373816215450887,9.740559518221213
16360,-0.09040209398530984,-0.04063005111850712,9.965900345959762
16379,0.16954494186002605,-0.13074110427807265,9.506193055028232
16400,-0.08935937027147738,0.011277519040444219,9.77468250375897
16420,0.05879749028233495,-0.16715154227371762,9.555407885425085
16440,-0.1647369142821311,0.1705438065758991,9.91564346889799
16460,-0.0006740997369181099,-0.16141964476855547,9.720265132780431
16480,-0.13003338257403066,0.1726747921318928,9.806022729969357
16500,-0.1848023421788096,-0.14985281016998217,9.790515083714297
16520,-0.0021058282555938435,-0.2015926259937365,9.72133493842295
16540,0.012472530667679123,-0.10677999376667235,9.931331202108527
16560,0.1949068553160487,0.06576683248469925,9.863448094851128
16580,0.0030887765529021803,-0.042321779351501304,9.857478813977375
16600,-0.10549534712702673,-0.07995323629622496,9.730084491355763
16620,-0.13572513113894774,0.03859347210680624,9.909131168953364
16640,0.23679311683860346,0.135038737866076,9.839965684687396
16660,-0.0876449950863912,0.048947129457318043,9.807824559444326
16680,0.025323227138639336,0.09106295863304846,9.628322178298328
16700,0.08553766401381444,0.15997412059923818,9.753000700764073
16720,-0.05065289627488463,-0.1257288056992078,9.73275247956037
16740,-0.09371396637079206,0.026265492068866265,9.99798996889946
16760,-0.21398671606489486,-0.07345796368341266,9.968900354602045
16780,-0.00026094502006285313,0.2147328149712274,9.847365219453184
16800,0.25115488351514337,0.03868092998439981,9.68227550025207
16820,-0.07058057190889878,0.24562533043586224,9.883240824287396
16840,0.11920800923009589,-0.006199889697479325,9.722272875366736
16860,-0.09552524226840135,0.11038295171699464,9.73079709850341
16880,0.09843281404712646,-0.18656785827531008,9.671190228728957
16900,-0.029115489972195034,-0.03527800745079671,9.820594141852238
16920,0.19886399632103607,-0.1715602557957337,9.846967658820985
16940,0.11624606231909158,-0.0287964975395383,9.961730432350555
16960,-0.03703845168171984,-0.21024492236653908,9.903777640839106
16980,0.3267157021251714,0.12360027947015285,9.77910207215989
17000,-0.08070565763706779,0.18511643426943908,9.86330300790789
17020,-0.23829465001862354,0.19277837144673932,9.699033516105107
17040,-0.009166844832920445,0.17110873972159973,9.78553579325887
17060,-0.12531142637736586,-0.05539376873453995,9.859714836507571
17080,0.026447744492924172,-0.12323585108972561,9.66106233450361
17100,-0.07612867496073626,0.14756114803082557,10.029867908041933
17120,-0.027004678431866255,-0.028116803849875648,9.705663259916815
17140,-0.010006563676571722,-0.09783481305589614,9.757670286338524
17160,-0.024755958438367646,0.15779151569494373,9.72584125312318
17180,-0.10351980255937858,-0.005393436907775119,9.733006300094443
17200,0.0020864597666896594,0.28415352192904986,9.97317764873913
17220,0.0584122677512589,-0.19891572868405782,10.06868570964123
17240,-0.05368278737833379,0.08084553238780723,10.027448152238764
17260,-0.0588083658588806,-0.02268852541211024,9.81917926089714
17280,0.03605330866833432,0.08955380663811524,9.878438839038976
17300,-0.16690623071089192,0.12620548289226938,9.685878129514325
17320,-0.08039570706485405,-0.24606863352229824,9.929917134355696
17340,0.08290587862623541,0.002716122352583372,9.671666107011935
17360,-0.02601847010787583,-0.0989914752286853,9.91466222097043
17380,-0.027433370181937686,-0.07783108102483878,9.650822947841508
17400,0.32888971306450077,-0.08634520925620336,9.952513970501997
17420,0.008612877274749558,0.009689827959255005,9.575579547368369
17440,-0.03113968735230097,-0.37688588716557425,9.864797078539723
17460,-0.09416732942584548,0.2046161649477536,9.722421006464122
17480,0.006007361114034414,0.078390159900739,9.58662175045285
17500,-0.36909765770038977,-0.09719035099345269,9.84501060478928
17520,-0.2397942027008158,0.19744781809134854,9.542338215804563
17540,0.09278548886995977,-0.12643316945023492,9.728792585769353
17560,0.005843010263449851,0.031905201189803514,9.741633658537813
17580,0.13798179199111762,0.0595480885710621,9.79183557744348
17600,-0.0621051652754224,-0.08144915825984629,10.005723198406555
17620,0.11851500348942254,-0.026424632075436955,9.946971029250824
17640,0.029753378147941212,-0.05847819692666277,9.989651721528265
17660,0.30426085664567243,-0.13425255381461512,9.81312304339743
17680,-0.24038435305932493,0.10653030931247093,9.599800854467746
17700,0.07857744026881872,0.001858102992978594,9.787889323778126
17720,0.05290368596404176,0.013120231735142353,9.685635620429268
17740,-0.14648833079878829,-0.06577099216250012,9.773871565245683
17760,0.10706475398676221,0.11307884055101179,9.848950455581898
17780,0.14708901546593625,-0.1422715699620373,9.685854201044858
17800,0.07778207311984776,-0.07311449592257166,9.895832565998242
17820,0.13112750333519232,0.06819737176930103,9.671330507449968
17840,-0.04134780368061982,0.15219901695278268,9.924642964386058
17860,0.20675603915475138,-0.06388933026849042,9.785909922720995
17880,-0.08824037474969039,0.21577557863103924,9.687075303475886
17900,-0.005324002463230086,0.1515298296980181,9.685160982542444
17920,-0.07377616900640328,0.11303421669803808,9.731960111869656
17940,-0.05812782784174168,0.03328427676177737,9.880349438108901
17960,-0.043346285151939376,-0.0859145838510989,9.875809731745646
17980,-0.1148482288024698,-0.11270061355917221,9.691882554155919
18000,-0.044466374602327705,-0.12311350623856804,9.605717428196218
18020,0.016898798513099784,0.08720344497439472,9.797948733961665
18040,-0.06286867139596339,-0.14852619465098618,9.962477814371518
18060,0.10414407094970428,-0.1948422530516965,10.01477539808234
18080,-0.09308362875330659,0.21251676104487396,9.694914093835905
18100,-0.09789550176001176,0.03409832900752042,9.961145494586336
18120,0.039779483741997156,-0.10494905153132028,9.689741998342118
18140,0.05475560882917256,0.25822063218265884,9.734086899628352
18160,-0.20656493558476255,-0.10912483105375748,9.953018243446225
18180,-0.12652664789150056,0.2276193317645425,9.906379584239993
18200,0.059981038236185974,-0.12448278886934738,9.83957419442464
18220,-0.13719881772315728,-0.20664158420271525,9.598513644251016
18240,-0.0814109248909082,0.1131495541449753,9.626243725893774
18260,-0.2758178295530111,0.08663385817553351,9.873921182697956
18280,0.11914913723365353,-0.21616185536077276,9.760763067078232
18300,-0.1793249369621611,0.04864448489869539,9.891003585862766
18320,0.03933126583345339,-0.003034510359673769,9.703536991114364
18340,0.18773783410734055,0.14303237919896106,9.819613987939697
18360,-0.0019009429805897987,0.14050605008868014,9.801952235852665
18380,0.1598648627667457,0.06659985985205151,9.681175088135472
18400,-0.02083092807801603,0.31391199181677804,9.748702450783624
18420,-0.13375634885735893,0.03019347930381626,9.854468073738559
18440,-0.1316432451062397,-0.09385897808288447,9.814038248282081
18460,-0.035999030516519634,0.014064465114897373,9.633634621684143
18480,0.19405772630333812,0.012459815855645259,9.910622602975254
18500,0.21162114888442404,0.0642575175926954,9.837520235274567
18520,0.031188377098083735,0.0661556677563697,9.782364465183477
18540,0.1171701704484251,0.10376678889447981,9.820708550601474
18560,0.09076774267095826,-0.12274401540831804,9.919138573082703
18580,-0.2012332092377379,-0.2054473238333557,9.876113304428214
18600,0.10665868749343428,-0.11847624112314988,9.69742965378746
18620,-0.10835669194738179,-0.10082221362989739,9.722459522436653
18640,-0.08878489109050623,0.13386622351546537,10.072523169736478
18660,0.024971948931455542,0.2566066511675001,9.892975461875206
18680,0.4015664097848615,0.13850629222449823,9.949592253796553
18700,-0.022226378965133062,-0.024122079934895166,9.862437001704878
18720,0.10148934589802525,0.035109053442149485,9.700416020567955
18740,-0.15464583413870142,0.12981383946965216,9.693804186030603
18760,0.09139128574223279,-0.07942397600310859,9.755228376257465
18780,0.011513349742639033,-0.20181480665956428,9.827398863276501
18800,0.011873522546215298,-0.1478512935270534,9.669788228650146
18820,-0.13251911664518978,0.061195961773338685,9.74852877013731
18840,-0.04494073612170826,0.08514749721914851,9.87278845582574
18860,-0.16029565836313311,0.19138064431266616,9.701049125674615
18880,-0.08361715588169669,0.05242017362616733,9.912552546391234
18900,-0.0714450624320439,-0.26591837090951415,9.802082341423656
18920,-0.17123582685937958,-0.021659347441072948,9.767328030853825
18940,0.028141133661690004,-0.009894463002233483,9.897030684215329
18960,0.12256180426393246,0.005729696600505033,9.729957442751752
18980,0.19880799963554174,-0.13528134818891954,9.70859730182909
19000,0.2968317576638283,0.027190492849984697,9.925956523214305
19020,0.018621584674353618,0.06305175845387109,9.715910963861365
19040,-0.102579718752153,0.014976380098344427,9.899280122733463
19060,0.0001706873556184139,0.0785853515790297,9.90412732517068
19080,-0.06188890547098623,0.06348492181401541,9.974008666587187
19100,0.11013471880253169,-0.10856718618813528,9.843668290583668
19120,0.06681010798456058,0.08198171333597103,9.634320456767393
19140,-0.07739725011781651,-0.12075902785563038,9.949046369485725
19160,0.005394415677292284,0.25629662957638527,9.725215611281419
19180,-0.04755198746627859,-0.054464956350428174,9.831383271934092
19200,-0.2963469934433459,-0.10936306359813933,9.95602175444335
19220,-0.0009333311924023305,-0.0398891420129204,10.082778652883352
19240,-0.014772190994334813,0.0722836053446796,9.797962186906503
19260,0.09222370105346114,-0.09618273656044736,9.753427691626062
19280,-0.015436500221378158,0.24095767900832546,10.047300994186772
19300,-0.08067065615900504,0.09210689083203225,9.659632008082681
19320,0.11990644518832548,0.18021500613083216,9.72944582507016
19340,0.1747444035476835,0.0391202516280758,9.751641293521791
19360,-0.18532704263550906,-0.13778379174080813,9.969945569274403
19380,0.05845139486243884,-0.1174835839490702,9.762771932187004
19400,0.0674471081391701,-0.02048126582871785,9.838514233779168
19420,-0.06998180102848132,-0.06941514798624977,10.016905452809949
19440,-0.16205207670504884,-0.2781556092616012,9.937738469771652
19460,-0.10013501936390606,0.12013619669801476,9.833059666453243
19480,-0.1624695467024536,-0.07217351544643623,9.685362210968556
19500,0.11712219471790351,-0.11133503030444802,9.728448349608879
19520,-0.0019001609741365602,-0.11523655769228741,9.700776354976696
19540,-0.07729012229258506,0.09714153244564284,9.635077379176039
19560,-0.09545080351416571,-0.10802836718248421,9.942142845044216
19580,-0.16658129432087473,0.06266680941420015,9.786167840735741
19600,-0.09032364939198619,-0.06774497656187882,9.794248178671797
19620,0.016856278360165095,-0.009162942344345964,9.922353001933502
19640,-0.02645273171131728,0.0260285978174685,9.603988544070132
19660,-0.04206318759199062,-0.04750853318425969,9.633423879750126
19680,-0.07700282044659267,0.03239343795166475,9.932317521000343
19700,0.019895815118747707,0.13675325906091532,9.711065795086059
19720,0.004873782109924367,0.03827755957892934,9.740921442793487
19740,0.09729886764141957,0.11722538635609495,9.69597982284991
19760,0.1198444387011377,0.16226886047318478,9.705587435779654
19780,-0.11167512148755933,0.1817274286053085,9.752728811079859
19800,0.0006063276284771571,-0.0068859050856876795,9.648332776818455
19820,0.0028923209375321035,0.06404775209933228,9.474525511029226
19840,-0.11338634648214296,0.10462244690570792,9.986670787208622
19860,0.05382272258091696,0.157866880507838,9.70636212502664
19880,0.05249171443697796,-0.12017486800924258,9.911986423332399
19900,0.16002453708866976,0.20110272991164543,9.852589402442824
19920,-0.24388971045485294,0.1958630164746622,9.830890274444256
19940,-0.023145916502404707,0.17266572325389695,9.882456645543044
19960,0.19590550100248222,0.20007017199893948,9.800989356457512
19980,-0.008550660280269726,0.13191169432010547,9.709477435336177
20000,-0.099799460370525,0.0282684443069397,9.737748307389055
20020,0.1308413747424911,0.030558485147887282,9.89619566578784
20040,0.0450317413268776,0.029625440143075468,9.643353712920716
20060,0.16239329008641584,0.0784034572468144,9.42497715616025
20080,0.023383795215877374,-0.4021153601145381,10.125329976752907
20100,0.09046309451751723,0.03231387929922611,9.697384382299283
20120,0.07128119833587963,-0.06419699566123176,9.974821130176528
20140,-0.18196684219056308,-0.16253450070437142,9.788652190032233
20160,0.1411297369969809,-0.06773584397687436,9.684255336285581
20180,-0.09656183331613773,-0.07658276145885744,9.616092121076184
20200,-0.046185573632559054,0.062343856238234005,9.78420791410239
20220,-0.015315283626399698,0.002946706727687144,9.870979089531868
20240,0.07326682899550935,-0.16902605568163123,9.686539134996835
20260,0.0648629044518629,0.1704183599624274,9.819641417465473
20280,-0.15781828445436344,0.06422338741955147,10.016147850954724
20300,-0.020681570886177086,0.227617938737158,9.846716146551373
20320,-0.057403282597372596,-0.17425497164443807,9.85134838987982
20340,-0.09112353086158707,-0.025463491223639993,9.763948243511335
20360,-0.1393199340807192,-0.20291267726405857,9.866790174675883
20380,-0.06856813087401749,0.006691719571677495,9.93784140819759
20400,-0.026175667070121564,0.2867847960725749,9.769552414300525
20420,0.15280120108294842,0.09602815766349744,9.818448168419085
20440,-0.05130131332469044,-0.17098451532083506,9.954363215873997
20460,-0.06473861646581412,0.06067870271823911,9.791190521305946
20480,-0.17420421284806742,-0.10213883904919067,9.721392185322673
20500,-0.011763663660058304,0.060503112830577487,9.884835673713871
20520,0.20897179479107592,0.0059892826406742015,9.784240425053838
20540,-0.12520885197608003,0.009197202004273012,9.93531222574476
20560,-0.05591575515802167,-0.06246027927070534,9.675148897134921
20580,-0.22880353779150475,-0.1305158398135183,9.80087835652227
20600,-0.10517080761450545,-0.1626599677084349,9.754446819423649
20620,-0.12648990814601185,0.13456595246747485,9.799768947710776
20640,0.02694166313061292,-0.09552348519616008,9.789286433901653
20660,0.046346119703418454,0.17372378588848053,9.635038001776515
20680,-0.05242601076828482,0.07664668419377424,9.689208351470132
20700,-0.08614092768123731,0.0213851496753536,9.90449773448376
20720,-0.039148658872563094,-0.06124226962872393,9.836686610982161
20740,0.025225014257751952,-0.3130463673450427,9.590696500496552
20760,0.0025365485325393755,0.05395352986683521,9.6916844348319
20780,-0.1423698195651744,-0.04926112184340732,9.903037165421722
20800,0.009659484501156822,0.034907658381249033,9.546637424164718
20820,-0.1231998933731054,-0.3188156936883494,9.979313572460322
20840,0.12648190772881482,0.03033199940355384,9.961499068048555
20860,-0.016407930534050603,-0.028315608316841347,9.70333455452229
20880,0.025918924945819138,-0.15240347461289383,9.65102339608722
20900,0.06866812233026064,0.12532396014872532,9.779703623123885
20920,-0.2416400731190162,-0.1423289954369427,9.57550301456472
20940,0.3105447456880183,-0.1176725004482227,9.987250426040983
20960,-0.009327567246712933,0.2472581832186375,9.821621965541876
20980,-0.10602965950832043,-0.12521271612616647,9.829660719594417
21000,-0.11475206715941086,-0.048233191394610096,9.814685022925607
21020,0.156124090457638,-0.04065466412865146,9.835286864607657
21040,0.1762010182727221,-0.048667065781429944,10.007465987724087
21060,0.1967077584003235,-0.07570836788063393,9.84875905563413
21080,0.012327548771078027,0.040466382235669195,9.719350160464602
21100,-0.06086035345646864,-0.07673149212582382,9.914383943859365
21120,0.1836064086113677,0.074568531451932,9.617740928831141
21140,0.05532990540186388,0.20455881581270138,9.817568304759385
21160,-0.08635572687060349,0.02891784245221602,9.632145137833948
21180,-0.11743294841429822,-0.14717014239232656,9.87486761550316
21200,0.08398739133639148,-0.01926310796832249,9.659987067692828
21220,0.11348642253665889,0.1615114216253144,9.889654379271303
21240,-0.19549076001008278,-0.09381045630733267,9.750494314328678
21260,-0.002433837122437197,-0.26207966241266495,9.85514308034169
21280,0.11857816958907934,-0.28859013202115413,9.824711019703976
21300,-0.15934345246137924,0.07964649838722805,9.632331322333663
21320,0.10516861284601267,0.18221528113417976,9.809624573485804
21340,0.030669042481474944,0.045242076006547775,9.742137741702264
21360,-0.061654155279600206,0.0026966374345394955,9.850613133680584
21380,0.12507729358809755,0.05904259261181545,9.803616070481457
21400,0.05413010545972439,-0.29356842402157113,9.84399286556262
21420,-0.21190422317830326,-0.0017976955501939082,9.72523349508453
21440,-0.019011750639294542,0.17142750214107516,9.649385209694227
21460,0.11268977636248115,-0.08825769952413547,9.76646545431501
21480,-0.083756428921878,0.2642127272344251,9.932044114538185
21500,0.0626534052810051,0.051787691898951535,9.782069950332005
21520,0.037111669750916496,-0.03330304552817327,9.657812947389852
21540,-0.04314853428920592,-0.13997474976937388,9.505990429330186
21560,0.07606563931413593,-0.10783438499025486,9.809783444678931
21580,-0.01064171334526815,-0.16498327813146335,9.95303485337678
21600,-0.26358789587087217,0.0908992251208886,9.662884364488114
21620,-0.13137227447239314,0.04049123627802639,9.89900380911028
21640,-0.08118747828545549,0.11137771454657919,9.76197566545489
21660,0.22476211380789116,-0.07684999411676702,9.781225952926723
21680,-0.07748601431046409,0.08922314677526083,9.720521712957247
21700,0.08928229533705563,-0.15753589267009654,9.775419696013014
21720,0.1845006094645052,-0.03875277334492878,9.81780040756535
21740,-0.04455656956213803,0.02232237010408264,9.738490994009137
21760,0.006286388425318298,-0.034582790055960835,9.702043387418913
21780,-0.09407952193666447,-0.09200233707326819,9.642875457809028
21800,-0.0016681840155925154,0.20551922496717076,9.739074071844474
21820,-0.03428362097039384,0.1313529748822403,9.756241219127922
21840,-0.10996360169053271,0.08014273293529196,9.979035579619783
21860,0.10373077926622856,-0.13110692853196892,9.692047755888893
21880,-0.009551642145457081,0.11875919985686481,9.57639818718237
21900,0.11315079483477779,-0.05912363032223037,10.121416867295537
21920,-0.08406545153508689,0.007796627675035387,9.646019320934359
21940,-0.045395824596905776,0.034060737520298145,9.577967335025084
21960,-0.058784358387397005,0.02951664419002539,9.522929288592872
21980,-0.028391016876220553,-0.037980974045075694,9.783626282841627
22000,-0.06803315972450602,-0.16350206794803332,9.878532805930313
22020,0.0370862723611079,0.1659552960658024,9.729688067995653
22040,0.2058230142699389,-0.14106500051896828,9.956529554070173
22060,-0.12332407698672555,-0.056992220367834356,9.500088237680096
22080,0.23119443614293417,-0.14590675091485938,9.759127168650311
22100,0.10041372442413407,0.09937763149795144,9.554158028889379
22120,-0.16058267839141055,0.21058696324626305,9.970880426029517
22140,-0.008656853715503749,0.2587526709137909,9.83081056420089
22160,0.18553461296065454,0.049003588331017506,9.837021577781668
22180,-0.034138784844508795,0.28229455260023806,9.924474526730183
22200,0.04309085197551961,0.04880763753094477,9.83717564391409
22220,0.06843953063633285,-0.36283360818462496,9.717069006850446
22240,-0.06254874476384666,0.01238844021213577,9.87243465926719
22260,0.03241359434331126,0.056977804577928,9.660286959141493
22280,-0.017795127254516832,-0.026502673237379606,9.869256311591682
22300,-0.08004094170436761,-0.14077459243410662,9.861708260894122
22320,-0.014996422823677864,-0.240878887437934,9.784451442373165
22340,0.10100726114367554,-0.0034299234855820642,9.964491248183698
22360,0.0033012974921449354,-0.14154997552797655,9.850723190593637
22380,-0.05221741921205424,-0.1172132429444211,9.517429724358438
22400,-0.02713003080875874,0.04929632226007548,9.554720709626274
22420,-0.25051188806424807,0.11343865301833866,9.907849405598684
22440,0.1413186814497573,-0.14192275515094577,9.94671621481039
22460,-0.16858306084136543,0.05022878077588231,9.627518046172304
22480,-0.03725862029668847,0.04327388187136632,9.963170487504186
22500,0.005371473033926863,-0.05485787760738389,9.959510978452581
22520,0.05196536475300438,-0.055225876947757796,9.877210364945055
22540,0.12999179094769575,-0.11036866177516667,9.783497380423182
22560,0.038095954977347475,0.1697593776779205,9.715438602844413
22580,0.16678273488700424,0.1508404988084625,9.780190950218076
22600,0.034116386168671374,0.041573665870671364,9.773960444559462
22620,-0.009051180046984337,0.22173184013041222,9.560480958162126
22640,-0.07018251641588506,0.07132768936984892,9.739075602498067
22660,-0.1713673554090702,0.1907576619662372,9.983331788757228
22680,0.10338938073295481,0.1301915878022052,9.885774381217642
22700,0.006464501927269049,-0.07605007291158432,9.916968878798327
22720,-0.20218161837520338,0.2599384587322594,9.743353598019842
22740,0.003364270891476978,0.07326941347201918,9.824989785833104
22760,0.012119843258107514,0.02594104720780312,9.885737130252851
22780,-0.15768790322797208,-0.09792861226813053,9.612733581252884
22800,-0.06473094263728456,-0.03709279233530965,9.769517930265604
22820,-0.07716209318401222,0.08266065400266942,9.833117070656625
22840,0.09456218576750705,0.0275779852408287,9.890606122755488
22860,-0.061612111364299685,-0.034861679284812395,9.891047520298468
22880,0.0060904513737862495,-0.028440231469380323,9.886392032643343
22900,-0.10154917991131272,-0.11611530990465295,9.722261856963556
22920,0.026407100853228508,0.008878642635239402,9.573986944038747
22940,0.13709251922676655,0.0823879119529644,9.511290869642716
22960,0.21190639441643386,0.04636240125651716,9.745251095383946
22980,-0.1462798311860832,0.3107084935245987,9.863776295789155
23000,0.14175779737693353,0.0353265937896653,9.932137316736865
23020,0.000449321016161855,-0.004314708118082038,9.703465171377568
23040,0.13090648153628856,-0.19679478905845768,9.9275449120336
23060,-0.14113297891025753,-0.18574409782869847,9.829898011787762
23080,0.013835561347729822,0.05487836003679582,10.002117414790272
23100,-0.03073261805587482,0.14389572221566943,9.889392821246041
23120,-0.019936233073325753,0.0930077665153189,10.053577722946052
23140,-0.06779757144954864,-0.04995955516542994,9.892372137032881
23160,-0.11647403442102652,0.17696728526945027,9.735343586191142
23180,-0.020883202052629092,-0.01927719148734258,9.945452596031759
23200,-0.07704581689426857,-0.018846178168325962,9.742838670957072
23220,-0.09046025683518807,0.2092370020360506,9.821232525127334
23240,-0.07773245631384837,-0.09195471950363658,9.841903305535112
23260,0.09200088673915047,-0.032471468216427685,9.930755829746985
23280,0.05969901926006129,-0.1578791070896773,9.774888142435586
23300,0.12021798410285596,-0.07296075352260836,9.717550318373235
23320,0.06627613500440935,0.029757909670541944,9.73712093071253
23340,0.10443455491373366,0.2916302802217008,9.814249721912498
23360,-0.01219607069393866,-0.0073353659146432985,9.668989452752243
23380,-0.03651087672591529,-0.027677803879556474,9.81812489459598
23400,0.1578713330731072,-0.22028665269684963,9.763199921857826
23420,-0.10357718506863592,0.03925441395765126,9.748131437648334
23440,0.34685052453686244,0.07129787000625973,9.84412321890933
23460,0.23480583444457595,0.13446139130680504,9.740929232411844
23480,0.11317339074493377,0.04018105902175161,9.876300034868196
23500,0.03687897957380221,-0.011516871083920834,9.844296623327203
23520,-0.0692229882114838,-0.1408840454591312,9.697544352550521
23540,-0.21003941470190554,-0.013125182038060358,9.781934153213777
23560,0.05348239882791577,-0.34137082761523885,9.450676690900824
23580,-0.06601419476536236,0.2312425515692554,9.760492731436852
23600,-0.008876588341557443,0.08936879058584124,9.807197659422883
23620,-0.02470904331536413,-0.08854675613053714,9.647230162344798
23640,-0.05577961129710348,-0.21921677518247465,9.94592595650433
23660,0.14658210157410723,-0.0097702774215448,9.777023840232843
23680,0.06783001477819804,-0.09337839864140439,9.861695214376303
23700,0.1024407653592582,0.10148694936878881,9.66304198044357
23720,0.11722594089132177,0.006294004229280057,9.729616840896698
23740,-0.07708652166527402,0.02379348628535685,9.963379973069676
23760,0.12286103505907123,0.11596394483436955,9.984316078303326
23780,0.010817323842211441,-0.03757304975808647,9.808386663870857
23800,-0.00381666774436964,-0.23391649963921393,9.695645356814408
23820,-0.1260192655049409,-0.07949250451500775,9.675205867371018
23840,0.029040456715510223,0.14424218695033988,9.905369382448793
23860,-0.021565152134754347,-0.1042868845346208,10.036073690585537
23880,0.059472361356243744,-0.0671039499050073,9.779629294044613
23900,-0.07431665804164204,-0.12348149362331363,9.889526997666827
23920,0.15778630681006042,0.02057657013227563,9.88637682818514
23940,-0.02054738859514266,0.08780002849841631,9.855263705023077
23960,0.08352425973588637,-0.04671967256389658,9.88009607122189
23980,-0.08374357412109637,-0.053469566761482235,9.881585622210652
24000,-0.013489411363591167,-0.053008658106963424,9.676246592405565
24020,0.04235816554491311,-0.012411028642142342,9.478186085824134
24040,-0.10475257642676424,0.024328499116702342,10.054409670569612
24060,0.1318830974160691,0.20544112783889865,9.771567705558619
24080,-0.043128693241391666,-0.1480042978103803,9.907331632748022
24100,-0.12610194819569176,-0.1838256603515514,9.801634389954236
24120,0.06374991546069211,-0.09560750301942732,9.865229019705538
24140,0.03910833987121091,-0.09560931268841477,9.692382340887265
24160,0.29598425259184835,-0.010390136175657143,9.933053032021052
24180,0.08387032455960566,-0.1437394676631652,9.853192939427837
24200,0.2790245106382013,-0.003452045090548326,9.59342314280621
24220,-0.06266668734147955,0.11412030369324941,9.829026443226288
24240,-0.07708170109157701,-0.05892838602381576,9.938301308740773
24260,0.19824780163868316,0.11334457675308857,9.62219186989199
24280,-0.03373904674072393,0.1122654415988023,9.746153882314616
24300,-0.17277444990791527,0.0492127050527471,10.166140556107221
24320,-0.08443853156515421,0.22123012687757743,9.953236002535782
24340,-0.020686131168984673,-0.09196684308478978,9.946145367419907
24360,-0.0028788846726872735,-0.06617999004157703,9.773384150393793
24380,0.004156897984346314,0.027101517340482353,9.947765919644734
24400,-0.09482916998261322,0.1358647512497517,9.498243195772227
24420,-0.0034434839300568326,0.14153195809940977,9.838659175421174
24440,-0.11568934398554488,-0.08226971654294052,9.62530972898354
24460,0.036637777473240804,0.023451775048713392,9.718032783742899
24480,-0.10894040649680929,0.07528574162038931,9.859432802577773
24500,-0.13666445913111194,-0.12008181570303034,9.741401939595823
24520,-0.08549387071515503,0.21722155267134924,9.799365972790824
24540,-0.1013602284167758,-0.05594428442595204,9.698246720600038
24560,-0.07539999544671969,0.063556583712042,9.804080355193893
24580,0.07578700487537951,0.10301378666856385,9.961453828970315
24600,0.015548750443497716,-0.08523820963577666,9.623087564882322
24620,0.05399882140874024,-0.08838976506161167,9.717830467377913
24640,0.1799151751392188,-0.24886057337268566,9.929978365473135
24660,0.21254308508195788,-0.051018540902728206,9.731561484515584
24680,0.258322430046979,0.05200170017719674,9.848129594141422
24700,-0.11826151582950575,-0.04247640420241539,9.661960641481654
24720,-0.0033837901260483335,-0.09049937307799163,9.778890357729681
24740,-0.04462541926040374,0.10401319799051581,9.789340800360552
24760,0.004050732239506361,0.09435269649461946,9.839361310352182
24780,-0.09942072290240249,0.03462407960096008,9.581113360956499
24800,0.18954882910585735,-0.03313683507734109,9.682871908183689
24820,-0.1321431636188456,0.030255788880194964,9.768773248027562
24840,-0.06954560332843786,0.006851218270894123,9.940959655331422
24860,-0.0954184083378697,-0.11020381298780853,9.895696348944902
24880,-0.19851753533151628,0.26891025261278717,9.799432466834178
24900,-0.04598708030796279,-0.11746048449653185,9.640322173408887
24920,-0.13360166886883232,-0.01779917713935836,9.618948717128564
24940,-0.16852642601882473,-0.003120235885527815,9.759562005661396
24960,0.08334534168042661,-0.08229005834788268,9.861185000040212
24980,0.173658276549739,0.061365737730319087,9.964689906513149
25000,-0.051781938962931214,-0.06521094336397766,9.704967649071415
25020,0.22411223280697318,0.15284738571886292,9.544418720188999
25040,0.019345184598508366,-0.2572815401113214,9.802798608506556
25060,-0.23651092980831578,0.0031015804456733906,9.865874839972777
25080,0.13346939264385724,0.005532064062140132,9.842194754893482
25100,0.06204263253598365,-0.2047029440256767,9.923233126913004
25120,0.07111530482573442,0.1545570984025701,9.675390684499607
25140,-0.08941758631576614,-0.09486450642085395,9.729303155757885
25160,-0.06123281227894491,-0.0374751964134952,9.864228859472098
25180,-0.1604783351575294,0.0163661114620624,9.825715339158267
25200,0.012248924652184703,-0.17845055763386192,9.824972320432893
25220,0.052416595945848486,-0.02081480454974692,9.809252653634534
25240,-0.016799205633160424,0.11641734632985622,9.796920978345575
25260,-0.13511053686139726,-0.0009881567571272077,9.833668970607055
25280,0.022578119029716192,-0.08771882989953216,9.609309369176808
25300,0.10839441416490289,0.050532751872984935,9.651603642261815
25320,0.040294535189455964,-0.06474831583989363,9.743172059826433
25340,-0.08587874048122185,-0.1601119357842857,9.774815160895816
25360,-0.09584164990457779,0.054207317452944874,9.584889479200479
25380,-0.15047551202488343,0.29283232958140554,9.626206570368634
25400,0.10938631080485872,-0.03338758924112079,9.770170129659098
25420,0.09112883607161035,0.24529999992035081,9.818202556634986
25440,0.08486830075948905,-0.20694803178869817,9.96141671397583
25460,0.037487001121943656,0.02447763390827951,9.808243269894312
25480,-0.03266679732980869,-0.10393450677908846,9.550716972715364
25500,0.09041678153908961,0.08492908828924677,9.784379425222241
25520,-0.08094949639220228,-0.07272345152908707,9.932557997961421
25540,-0.22104700163020893,-0.00793497546404648,9.78441894108269
25560,0.02987492181786808,-0.0002041118542719,9.699135555918966
25580,0.08214730303556128,-0.05788307341771363,9.711785058954868
25600,0.02067541319250204,0.0018077661781230366,9.757559599688845
25620,0.10371405510757557,0.12446400375176518,9.861170798028772
25640,0.13562751249478278,-0.07040047103158552,9.658535880325088
25660,-0.033241027308927494,-0.09376959146776281,9.741516396719728
25680,-0.004782445803936265,-0.1689771755262021,9.636427274837821
25700,-0.006717644650247297,0.15798088006000569,9.563531553000615
25720,-0.046138826020687536,-0.011324622158401616,9.85260872604303
25740,-0.03621630444573488,0.07043085411066101,9.72977955095256
25760,0.1371108299313018,-0.043874932430234104,9.799739152498065
25780,-0.02050710505322385,0.21104551109003555,9.835562536127838
25800,0.06485770591952943,0.10750404484207833,9.768332564111411
25820,0.02623735520709079,0.040520371012018976,9.721743116999678
25840,-0.09358054495814157,-0.06970108220101486,9.734721929524902
25860,-0.20461949342635322,0.020865656983577553,9.657683170635174
25880,0.037125972996119076,-0.025373781145119855,9.702497529920665
25900,-0.006338545201602116,0.05622589884867847,9.79107625283413
25920,-0.12430536483688229,0.11374841461855806,9.93521187529755
25940,0.15083472525312747,-0.16498183354970997,9.778416330980948
25960,0.014071072501350243,-0.09961922565356345,9.849991339695634
25980,0.1388576942918353,-0.1243824366450739,9.983720048767433
26000,-0.11050764836331191,0.11974257223097208,9.837389894013999
26020,-0.10963211685057139,-0.09008599993989039,9.86872551001255
26040,-0.003570921748833914,-0.09241051172502171,9.519634543845866
26060,-0.13073348478785224,-0.011398129615334648,9.643500477248852
26080,0.01700584410893998,0.13336494407254237,9.790491933857167
26100,-0.06146758455505416,-0.12166506915168779,9.772170251279388
26120,-0.0027771812148705654,-0.03411711465962015,9.621870018972151
26140,-0.009110984583615343,-0.1059288969320904,9.867660330054496
26160,-0.09144978900767456,0.16565145964121014,9.842285003485472
26180,-0.0291084365372686,-0.03531693013667421,9.67315183882747
26200,0.06637609666788631,0.02248349188827224,9.918677780017386
26220,-0.039634461222984044,0.08272472174869056,9.84887205972026
26240,-0.08732605815150021,-0.029797644184683784,9.642138172661724
26260,0.11878910151726312,0.02733435093442405,9.691463703990282
26280,-0.07075867337466278,0.21878314807653204,9.899488524510268
26300,0.08457604579987242,0.20977879278488415,9.755807457053692
26320,-0.051462661047199494,-0.028558116274104046,9.701082407365098
26340,0.030693968611182197,-0.22282739298333837,9.962840454059545
26360,-0.09525691804841703,-0.04646811109569771,9.821209803261466
26380,-0.10540229351130409,0.257267945914952,9.896881237803125
26400,-2.8764321609881383e-05,0.11809277638882426,9.93189823411653
26420,-0.023310306098105596,0.011073240002348638,9.741126565437808
26440,-0.11931482306483066,0.04034227779499154,9.793553341048844
26460,-0.17598960714711973,0.16539867414382745,9.835417495623448
26480,-0.3168370647187678,-0.11635292087644296,9.6495418262571
26500,-0.11918221804140278,0.0939311146806274,9.63146763470297
26520,0.0664561429738173,-0.11360667387287791,9.970350679782735
26540,-0.10264720563543801,-0.21840044745009432,9.648503250791086
26560,0.06345047904828276,0.1537195663602721,9.842890215402655
26580,0.03821400583166764,0.19319304462599973,9.839388916764092
26600,-0.1228258318995027,0.11388986404536001,9.700513603411677
26620,-0.02883795000523081,-0.061359406326957106,9.772659578930424
26640,0.017765412987086452,0.07127709111048003,9.74123279779978
26660,-0.13669775593451716,-0.17059068206992165,9.667880842740695
26680,-0.04961476150054338,-0.052072428452531516,9.863557040715833
26700,0.12578075692711851,0.1062474334892904,9.764555756791992
26720,-0.000810807316221598,0.04347353275366431,9.922538836815034
26740,0.15341597270886556,-0.33026173360454425,9.866998004140054
26760,-0.04360917941760511,-0.21947686314576467,9.823668583899074
26780,-0.05147824931119195,-0.034298756121010326,9.904778750162318
26800,0.020593419529592056,-0.045714654271841466,9.677983940588977
26820,0.013191613094960038,-0.04979290232347933,9.735547605460088
26840,0.2912600233405329,-0.04607771537880128,9.900257936971803
26860,0.1657459177818598,0.0548990234948306,9.801499951448724
26880,0.0169500756605582,0.044479520020127075,9.705625090141735
26900,-0.11624758692523018,0.029373885978577565,9.686403767358732
26920,-0.022589616681593358,-0.1629722304773507,9.894399079651938
26940,0.030654547875265756,-0.14849258823233336,9.862807274145426
26960,-0.046800687497207755,-0.035891665332771876,9.869570825182159
26980,-0.12299054774906594,0.13421317532966037,9.858542033450112
27000,-0.07161260890361838,-0.08019400475878093,9.74122912027369
27020,-0.07875461380038076,-0.02879062278912076,9.543469288011359
27040,0.13743814353828518,0.017992959667661224,9.866894532618355
27060,0.2099337014282687,-0.06334702088533478,9.776389068136906
27080,0.04107529922369256,-0.16398466871179807,9.69220006630299
27100,0.08502701312899914,-0.017163153794750335,9.890481952100103
27120,-0.04042815108393908,-0.07086679040826184,9.787197748155616
27140,0.16398435053601906,0.047255685276874945,10.02981624268163
27160,0.039865525704981634,0.015332920961614373,9.611726540916383
27180,-0.0008767544367136281,0.07223888485330068,9.803592332831613
27200,-0.012751643290667724,-0.1163868500602356,9.678067587306762
27220,-0.10477185648105866,0.1312170227459614,9.801289871493761
27240,0.0721047980656667,0.020114720741187246,9.893279540122743
27260,-0.1474573115533487,0.024953724263473604,9.900412571866212
27280,-0.030907721364369884,-0.17645963054048075,9.926456220167356
27300,0.014335875676957672,-0.0020835356702289813,9.90777582715052
27320,0.09250441728743845,0.002411382417913969,9.519903006798053
27340,0.08946080759072639,0.1930281062202165,9.67705044731654
27360,-0.09955430620583629,-0.006922604957938741,9.744044898697988
27380,0.06580209983174398,-0.05943561349491182,9.583082657333648
27400,0.09368473128040908,0.0002231723950080002,9.749603229975222
27420,0.08597938646605831,0.12968383347796852,9.64741358880014
27440,-0.06418285811618167,-0.0415899308622041,9.746826270724094
27460,-0.08680561120604761,-0.1130101911470299,9.928152566692196
27480,0.08941329531263795,-0.09242217841490714,9.740797808275811
27500,-0.05529993993945834,-0.04434266200412757,9.721582098684687
27520,0.0808018483687086,0.01664402062130694,9.749955368708221
27540,0.012564207922310252,-0.10492358624611738,9.734423877823778
27560,0.03318469660411817,0.04176862000375453,9.860147797598609
27580,-0.043998355548354004,0.05849727086738998,9.75747503513595
27600,0.13058028618850673,0.031013195437197407,9.906682798399336
27620,0.018670944917870965,0.04743827512758342,9.917237780039201
27640,0.01859332405314393,-0.19630226502261094,9.727960413739105
27660,0.09588627918332314,0.018272286715607013,9.785305290799043
27680,0.165003795504272,0.0770579406467535,9.764254116088408
27700,0.044974962795824636,-0.1487949428912296,9.85378031598442
27720,0.14122955559902517,0.23084922969441865,9.742152897830785
27740,0.13289455666525682,-0.23730345029810296,9.868829196706109
27760,-0.056493756181136695,-0.06885934789902197,9.65243968729707
27780,-0.126115892436236,0.03291411805225579,9.925337671681774
27800,-0.07755704034079854,-0.15142780796684963,9.660626058366052
27820,0.0028386664153059217,0.10572083139191407,9.844379967252218
27840,-0.19576157697638477,-0.07136660130047218,9.928784412241992
27860,-0.11403024413765843,0.03412563018839093,9.85254573932073
27880,-0.003024858946724291,-0.05018625821826407,9.924726213571738
27900,0.031303508845465906,-0.14237331593177288,10.005957053047004
27920,-0.17737657027775708,-0.009544344098220414,9.877111611893177
27940,-0.048327394829897785,0.003682876023204712,10.076443892880699
27960,-0.20094163195785994,0.025667622012026083,9.743168926001694
27980,0.13557519417498484,0.049859999753649686,9.683398568129027
28000,0.03289029821738282,0.024739357853984578,9.813549461647732
28020,-0.04901324873796642,0.04820299074367665,9.627093959264354
28040,-0.03764185073718936,-0.23685961093389651,9.57896679357733
28060,0.08132315192368057,0.1296158047879535,9.95251267920403
28080,-0.20487702920133002,-0.01726490186518677,9.72131408353473
28100,-0.14195475169642732,-0.15660526133106126,9.860668605679908
28120,-0.0019973519897691218,-0.1525548904435982,9.901322798176098
28140,0.03513446314548856,0.1710421438264081,9.876434431570809
28160,-0.03771135521547317,-0.1341642656451831,9.989773777040613
28180,-0.25979073490071847,-0.14767058569616506,9.634457940745085
28200,-0.07771651550221079,0.12074292452858867,9.818869390114353
28220,-0.09473530545843338,0.0911464308436746,9.82413234260073
28240,-0.21917324264781585,0.15228167389224628,9.869198822618495
28260,-0.25324607570568075,0.04303703423325102,9.914182088928673
28280,-0.053140472000299636,0.23178002080834534,9.533419929014567
28300,-0.17593542546224522,0.06208862486066871,9.738875482696805
28320,-0.047197919621225666,0.11464829277442855,9.69047058849823
28340,0.01413238848572401,0.034396978328348114,9.746743623889394
28360,-0.18242314501874082,-0.058894273005303324,9.840593488106359
28380,0.03523433401342617,-0.05025042935856993,9.874306103773929
28400,-0.015266335009444429,-0.036371751649693244,9.748896182160678
28420,-0.0988281736331814,-0.14343785129938472,9.83138421299841
28440,0.08108850094263305,0.05529211971666468,9.667119573981234
28460,0.1082334451289157,0.08381789002580838,9.800685174925007
28480,-0.0418657400173663,0.049532367039938505,9.850047303150708
28500,-0.05589178120737338,0.0010273053381356753,9.718263072886216
28520,-0.034275508078121006,0.12229499953614267,9.738427281990749
28540,-0.3339906473900315,0.06780828900030655,9.847279699249219
28560,-0.0791895537260278,-0.16147054758015575,9.751798902595453
28580,-0.07368584125141973,-0.016257621779891096,9.784253393546448
28600,-0.06543052656019117,-0.05833939722009766,9.58427552618539
28620,-0.0708623265876285,0.0393515261029783,9.908460300396506
28640,-0.08965750489981393,0.18724865322884227,9.947298738802703
28660,0.1539631960959009,0.1296789322802319,10.02556664857822
28680,0.010504640969368345,-0.03668881739458552,9.78051258472331
28700,0.04156607135840687,-0.08929987261654392,9.797803780265012
28720,0.06867228003010825,0.12907388691859467,9.799047888515235
28740,0.11129566289069474,-0.016621943136875303,9.792036584387589
28760,0.07727695291715367,-0.03040166157665763,9.603064921829255
28780,0.00896710020717485,-0.03185472934113705,9.954756305549264
28800,-0.2052413959782088,-0.06252237488154379,9.9944911634919
28820,0.06155973316352246,-0.17772128729599157,9.822707638781782
28840,0.06819219623225405,-0.1493380638934387,9.790679206016357
28860,-0.0673211427835921,0.054015708906251056,9.858891048532175
28880,-0.09396126208735225,-0.07323639169278366,9.90475918026255
28900,-0.21124045539450226,0.010759610709327043,9.867096344047988
28920,0.012713985933721028,0.11157432514883878,9.911717130206041
28940,-0.0855847071252857,-0.29160388809887183,9.902780689033557
28960,-0.09835269965029256,-0.18301422226813918,9.97276114998305
28980,0.03209486676983153,0.026280095582921978,9.760580916202734
29000,-0.1703217623497227,0.13755115649155547,9.988163986613138
29020,-0.03800489311212042,0.01719750957943155,9.786513492918475
29040,0.023706518207703337,-0.15989742022157472,9.846283002939852
29060,0.07479954529619443,0.043160613278767454,9.760661985178702
29080,0.07502697240075858,-0.07975048283668847,9.922201817173793
29100,0.03307241255372245,-0.03433197273885053,9.863387832214864
29120,-0.19755992881727566,-0.03899771149936424,9.918939540939663
29140,0.12500825002924,0.01790821792969891,9.91965043434158
29160,-0.010161076563876457,-0.09374036902998925,9.703648969588087
29180,-0.1085381810853748,-0.0077185338085815685,9.850358943489748
29200,-0.1444458837517317,-0.05844416155414476,9.85779505246594
29220,0.00354941677852513,0.010690519367520385,9.662963466228524
29240,-0.05949406871186828,0.011197907971300776,9.763418832457555
29260,0.13926908450057546,-0.030163772793397468,9.894659402721171
29280,0.055934119409902526,0.09458990717077391,9.747759603593162
29300,0.12350654180650057,0.0426821877623757,9.789687940265456
29320,-0.05301501903369267,-0.002273505441798325,9.855602223629832
29340,0.043020128164646086,0.050708859812865104,9.786998495510694
29360,0.09796332655803311,-0.1688521144707364,9.511133880283236
29380,-0.027087472235586982,0.1756841179294832,10.009787674052372
29400,-0.14828822056538346,0.04762660270381044,10.071330108529116
29420,-0.016198659552960896,-0.08177522151055049,9.933095765482227
29440,0.06095705011436789,-0.040866290889119083,9.707964448127615
29460,-0.11772708729530643,-0.10191927575043154,9.78196844085441
29480,0.002774894920552931,-0.03173154567112903,9.99750006782598
29500,-0.05339459958770272,-0.031480465562215405,9.866240473240003
29520,0.012072168257961764,0.1250886222200494,9.649151162504108
29540,-0.10657968813629683,0.004459295217573716,9.700397829771562
29560,-0.07176187643658959,0.1029178601664777,9.567698473184565
29580,0.01734079276261693,-0.06026081951355537,9.988007542513545
29600,-0.10342996175273711,-0.09053758611268098,9.872255153353253
29620,-0.11120575030165465,-0.02190382319756044,9.948529373312477
29640,-0.16075719824663426,-0.022404186962072928,9.638642032893891
29660,0.04113934262329949,0.0944365799828822,9.857698261993944
29680,0.11401496496806454,0.07978932564036065,9.746797907921472
29700,-0.027154636502472258,-0.04398801443875319,9.829819357898005
29720,-0.08446289622990248,-0.027321358393713732,9.751769356134929
29740,0.04694488769790076,0.08640617371281928,9.805368319591757
29760,0.13968929151060092,0.03783691914173591,9.800055446058852
29780,-0.3447384347978754,0.10908663566968567,9.818632356935707
29800,0.09378324951919174,-0.07741644867887248,9.72847629330584
29820,-0.09582105407562638,0.1894867736043217,9.91871258927393
29840,0.07064369037346632,-0.1105540038772521,9.81799537968924
29860,0.011833190506406454,-0.08364374701507914,9.598844155844311
29880,-0.12715189165852492,-0.14767257813725124,9.783185288646921
29900,-0.19182541229255462,0.016848570842923054,9.810259966095174
29920,-0.1827253313209425,0.08186826406014311,9.721907599555378
29940,0.17369477539634076,0.08797544029795497,9.995096700806451
29960,0.005344545644420298,0.051145043576644726,9.691740026735562
29980,-0.08157637882176515,0.06237163282373237,10.009334972610118
30000,0.019675734717206416,0.03653508338817762,9.788825323163792
30020,0.011966886458963013,0.04306590226042812,9.770272484132628
30040,0.004156288352489819,-0.07465328333963674,9.935839276411798
30060,-0.042666535241730794,0.1355192320706662,10.053041513474723
30080,-0.16685953205634188,0.08557786931791962,9.657634027165185
30100,-0.16770005182469425,-0.06156514971501735,9.872781473212287
30120,0.12218523372529744,-0.03806358733598978,9.616652770820656
30140,-0.03137450105196806,0.003231821581764836,9.85875178440416
30160,-0.011108145206393593,0.11964473281040092,9.95786828039244
30180,-0.13356994706032327,0.015521957075419281,9.794623888806983
30200,0.10317611382334137,0.13571209018568134,9.996598486095627
30220,-0.09573337198918114,0.163002015402091,9.675091936683597
30240,-0.008756194025109075,0.03613372491125851,9.785145591214764
30260,0.008219235511472321,0.1276975373205286,9.815990781421398
30280,-0.12706357251251243,0.12372892945443298,9.602522739907178
30300,0.016766394838965276,0.11777224986875783,10.05694570828489
30320,0.03804093532186918,0.03925496217919891,9.588407796634424
30340,0.046887212018906436,0.1497932410522272,9.724903812638537
30360,-0.08660228302704062,0.2888949041287325,9.904326136569287
30380,-0.01791306512236677,0.039103276973806576,9.697863270603857
30400,0.12103532963017524,-0.15467151543577376,9.97504751849675
30420,0.1260907752161926,-0.009124668986474023,9.814890968098922
30440,-0.011521477282679242,-0.052736348014530275,9.819676947612667
30460,0.10084650048990991,-0.11290233520185625,10.014920718748654
30480,0.09838560524466598,-0.007710185804070118,9.843470512952306
30500,-0.008395320774614823,0.03010099728238261,9.662674231469436
30520,0.13192938749621075,-0.08607653982969134,9.847187305551573
30540,0.028718232571033158,0.02071232950923338,9.783323328884139
30560,-0.19076158187772946,-0.05159133847178262,9.988774959913082
30580,0.3254463308968884,0.2045080598671327,9.640667330055654
30600,-0.1410934505714971,-4.700513536657247e-05,9.78793207942107
30620,-0.03540900218667041,-0.17243141747477214,9.663563919071409
30640,-0.02969552365775108,-0.1284700157362635,9.844829688496647
30660,-0.12446182687461027,-0.22048545632997582,9.683874623441616
30680,-0.013591396924329703,0.06324061027093647,9.983497145761167
30700,-0.009690440668859927,0.11096240057640133,9.939388807312723
30720,-0.13854197296838833,0.06394966445199428,10.01141478849706
30740,0.08545961504978226,-0.019573272646081295,9.73118651593855
30760,0.21740787792653835,0.01299003357315802,9.865152419024332
30780,0.08000105990542741,-0.11182967617498593,9.807138516673103
30800,0.12364030080913266,-0.003997331910102865,9.934764268864098
30820,0.10099942102695744,0.012835252953411919,9.696348719281922
30840,-0.05831826709605812,0.2073837104505464,9.920036068226064
30860,0.1946071941747845,0.04221091178155565,9.924626102295392
30880,0.10724588967178346,-0.12367230262844571,9.68563307642216
30900,0.09728134814440685,0.09757474924206312,9.620703089658303
30920,0.23933630776060047,0.17673401990457227,9.87852138714806
30940,0.1553223789945474,0.08703358075878481,9.883193065482832
30960,0.02075775587590244,0.000544888164258474,9.663537956043768
30980,0.046714691800009395,0.13437119717856996,10.024559744559888
31000,0.18100120225304114,-0.20683111280464128,9.827500927440656
31020,0.11735763499972683,0.023147568573573172,9.818723899158778
31040,-0.14737675457974087,-0.2416981906804004,9.739043803072434
31060,0.21724838163394244,-0.20714009520241802,9.631627943394994
31080,0.13073873753193122,-0.24175847238071108,9.824869686209055
31100,0.26500913229407563,-0.11113221553112367,9.836271162459195
31120,0.01915966174990865,0.12278441217819319,9.818940741886724
31140,-0.20926689618370434,0.1306784509277784,9.651338022278978
31160,-0.06330144993677414,-0.02325318811191978,9.818453796311644
31180,-0.07379605045788618,-0.09647330892166922,9.808400508207233
31200,0.031164428579974448,0.07378856067926791,9.738155220547593
31220,0.3310165931235735,-0.022058793894071473,9.46982844403567
31240,-0.036591294057080406,-0.07164851803517247,10.11425506671232
31260,0.20280156569018756,0.149230966984805,9.81586669256989
31280,-0.04555184981608152,0.14521570132531572,9.8468539852336
31300,0.12805963272356424,0.13679566870982846,9.628695944894803
31320,0.2638583699984875,0.15118725116989226,9.883474678244598
31340,-0.03087406828701543,0.27696426640939525,9.754454550731046
31360,0.18230263278283762,-0.1957291188348047,9.803965349747388
31380,-0.004377349677677419,0.10047602627003305,9.820547983710687
31400,0.13235434007510827,0.02049734745587155,9.733614533569417
31420,0.14449401100016887,0.22927266319295672,9.774366637307432
31440,-0.01459078135066914,0.09494462749152872,9.794578402884206
31460,-0.25328755190316604,0.06131920234283432,9.657658277079591
31480,0.10406806823300366,0.1298572976856616,9.78508580396259
31500,-0.17513459796959155,-0.04941328246697608,9.478609835293158
31520,-0.17692448582838324,-0.13653499971447813,9.71505522459073
31540,0.024716563498416385,0.17347165029254227,9.711345054112034
31560,-0.13127559921534201,-0.10542970593127916,9.882929507675914
31580,0.10457544848160455,-0.02757880167229969,9.80135362770873
31600,0.21942513371493602,-0.3186660254649913,9.719287387256987
31620,0.0692136051230384,-0.039142903941481566,9.759269184503449
31640,0.10368604359299124,0.06068726008393698,9.740436842537525
31660,0.11771316897508521,-0.0640577837425702,9.927622942195287
31680,-0.15230343766758936,-0.02620976106017339,9.736441161873953
31700,-0.07797043942424073,0.093867069581285,9.650864860969136
31720,-0.2870773936071542,-0.00012400993097525951,9.772233697041543
31740,0.25671330782830515,0.10529986695523078,9.716567572452758
31760,-0.1946605548036666,-0.051793025270804496,9.916453301447202
31780,0.1219861297402939,0.042062061178532575,9.933913905234036
31800,-0.02014246604223502,-0.07071040286084782,9.887590086873024
31820,-0.17832243567546063,0.04651263922391482,9.68553839574034
31840,0.19885042446580967,0.014205082237844521,9.69863564550516
31860,-0.017398464409476507,-0.11117853883577912,9.866728596202428
31880,0.23692115485785128,-0.18601677866675764,9.485968437130357
31900,-0.16315389913334696,0.15171679682938247,9.74152656631232
31920,0.051741822937005084,-0.033075446321613806,9.725356554773475
31940,0.11415541057891361,-0.07310090319373473,9.711501138779925
31960,-0.11287183836803588,0.009591707715968376,9.864156116322963
31980,-0.1324154375439508,0.04233170885985664,9.742584326239934
32000,0.13293008949800172,0.11061706054670231,9.925069930120044
32020,-0.10880902394841836,-0.084161792952618,9.758970317703978
32040,-0.18535314154925586,0.08714983689488641,9.885322976228338
32060,0.08447525219014755,-0.019888284225133248,9.663419506852708
32080,-0.05120272001043429,0.15708243577430128,9.631314062984409
32100,0.14246965077641702,-0.07417666352715008,9.78870544192066
32119,0.041759093706476846,-0.22982356413560898,9.878834792333144
32140,-0.04447819772689908,-0.1289742833185863,9.701008295351706
32159,-0.02453892889743355,0.18814665119804785,9.883036034796607
32180,0.08439106766682906,0.14961853671218353,9.679210570312659
32200,0.252738520465557,-0.138202477719608,9.588962856633351
32220,0.21645727607447796,-0.024010602512110516,9.829348447543769
32240,-0.1538159102513692,0.10878708870661853,9.882513389190416
32259,-0.07353481611507312,-0.030595138281646173,9.606618746235672
32280,-0.07706194142308256,-0.047154526836057725,9.842932917172654
32299,0.02547487317782006,0.0639620091815136,9.791486798277672
32320,0.02484700071063039,0.031213895184117917,9.877953739141896
32340,0.018694146461310842,0.09385535317558621,9.658697523130524
32360,0.24637835111948686,-0.07873547398271523,9.986392880254582
32380,0.013459490842497755,0.1692633689681345,9.815177149632403
32400,-0.05255482758021503,-0.03924740995768627,9.935524699234717
32420,-0.010012176734382955,0.1021017559393961,9.74698530022726
32439,-0.045438800127519004,0.2534560465627768,9.672542062318291
32460,-0.02603658213850274,-0.09599474744726737,10.103077795127707
32479,0.16299600615572904,0.05107906871568323,9.701576341298987
32500,0.05276108260353212,-0.2987904203144306,9.741501624068675
32520,-0.28202627144898823,0.22040178913951644,9.732087791438664
32540,0.28891511754398796,-0.1881504705624517,9.734650604782134
32560,0.0697018302605806,-0.16058918614156845,9.687729784413062
32580,-0.22030004318509644,0.028195553768910822,9.948213996848288
32600,-0.060402489753888254,0.1535075445128829,9.554603878868733
32619,-0.07266274380060066,-0.12844814061880502,9.966262270598055
32640,-0.005271362148833711,0.0939159456077636,9.713981073198232
32659,-0.048550632643645085,0.021828078270986657,9.833691651765868
32680,-0.28106416953307817,-0.1250619511065391,9.897694726209709
32700,-0.06824505939327191,0.000470929196239782,9.995798927396908
32720,0.19899182178830116,0.18718160392931782,9.792066090384582
32740,-0.180038765063317,-0.053963648417205926,9.831184802502822
32759,0.22121840069918453,-0.01526628374051551,9.901521333725434
32780,-0.1615343511490087,-0.0705946345195298,9.723711090069454
32800,-0.11055842216951937,-0.10903087254883165,9.916494292119765
32820,-0.028261876759441945,-0.09967408269689206,9.752299164274515
32840,-0.08953960725571065,0.17616890601700894,9.940799933666561
32860,-0.04821078916430784,-0.022383854750505274,9.704941059989851
32880,0.053010084531336876,-0.016040057097742616,9.825442388917404
32900,0.017861208331587608,-0.04291824979428846,9.705435023924672
32920,0.3174302440574235,-0.08860223629855402,9.862403748673309
32940,-0.023190302153853752,0.06666599561027241,9.840903653231292
32960,0.06677365001201704,0.07773415238693605,9.773993780100973
32980,-0.06388121714975123,0.08090953169617433,9.616011237971803
33000,-0.19021474430097476,0.050168509780217016,9.704363312129196
33020,-0.13447108728440837,0.08802730315101007,9.660076789159184
33040,0.09439946812100869,0.1005629364380218,9.837355989238214
33060,0.08565612155218666,0.015212945027014278,9.836671617011293
33080,0.02026909914328605,0.0026755728747116336,9.587811775223846
33100,0.1827338420245433,0.2049921800377918,9.890300076062566
33120,-0.2431263904493144,0.23346508042312547,9.842921206696772
33140,-0.0552546636229669,0.026052276008193362,9.950287429910128
33160,-0.01606935783324795,0.02012763026408933,9.898361326790067
33180,0.04555996009720622,-0.16381893925913246,9.793610196780094
33200,-0.1388403003103001,-0.15555299863567124,10.05610566723399
33220,0.13624629384339348,-0.19782069318482393,9.828203885446674
33240,-0.09307195814959743,-0.06462848195445946,9.69738186434473
33260,0.0253915476656503,0.02251648403741801,9.874689136265443
33280,-0.07717700587900815,-0.03589336794321037,9.702579579213223
33300,-0.13588946734771254,-0.030071026985877138,9.709560029450943
33320,-0.08174322369909547,0.06700755760794219,9.78237273416385
33340,0.10530943506036733,0.022682742255064326,9.952250652299922
33360,-0.07875035546111343,-0.23801022038071112,10.061791085386213
33380,-0.14948163449563148,0.19019228144757333,9.842401702805303
33400,0.1713689339769228,0.04252076413053288,9.894027477238462
33420,-0.016796257973227084,-0.05616588925845145,9.998321495997855
33440,-0.14490458580475224,-0.02376920021904224,9.704827337617761
33460,0.15369837616112766,-0.11389824318741966,9.749160445407155
33480,0.015279581681479035,-0.12776381856706034,9.877644843473977
33500,-0.19250390975433623,-0.03678304524506854,9.78466540601248
33520,-0.23432681403010835,0.0054808644065985545,9.611961347061234
33540,-0.13969864761187697,0.0043986971870380075,9.662122143788094
33560,0.027150618986487195,-0.039829193633974344,9.76805099726708
33580,-0.010104870207351851,0.12766687632804385,9.8713430740097
33600,-0.018411824970407525,0.12220033747079075,9.740097186602057
33620,-0.08694665486326258,-0.18330399708198544,9.802144588203205
33640,0.07671042083133352,-0.06864443777204868,9.758620839111153
33660,0.024160265226448072,-0.1112343643382986,9.750470999327684
33680,0.18158228412971406,-0.0728616768902734,9.777591240244499
33700,-0.03808114502487086,0.006689813157297816,9.685038196858224
33720,0.02138985272617283,-0.10228704142171813,9.881163188228593
33740,0.12198653665944947,0.12773964107545804,9.814621574580599
33760,0.002608057409981906,-0.03080337470535764,9.691956864710148
33780,-0.21092423981865696,-0.038624062498333125,9.571569294011445
33800,0.08554794952192767,0.009405565892674769,9.774512445817711
33820,0.11481168616737257,0.11643040159900807,9.76562145909824
33840,0.2473307865141133,-0.11959218812742274,9.722975568303987
33860,-0.15884312410549206,0.01399468775256116,9.645506542542778
33880,-0.015604636322058388,-0.15244127605988023,10.007187844089605
33900,-0.2656850382237124,-0.005691621825583448,9.820094862156258
33920,0.06459885800705777,0.0857921857741935,9.825069196419195
33940,0.02551280372125151,-0.14732031500782827,9.754235356457393
33960,-0.009842923464865138,0.10942698474420064,9.927832463593493
33980,0.05060282570849424,-0.04872053461690446,10.065046869492994
34000,-0.09100435679343923,-0.047138392862704985,9.67847419356116
34020,0.039313255692526264,0.028216165135216364,9.651311871597835
34040,0.28411420046344066,-0.20695691732313756,9.77493956813056
34060,-0.11626733515482066,0.0721984110258531,9.74698635999013
34080,-0.05417501612191976,0.0043534706778155085,9.877747125179672
34100,0.0443984481455285,-0.17209269266753902,9.685447077534137
34120,0.13486800918754768,0.151293650971474,9.676896000365034
34140,0.022316237889849332,-0.014053355570397151,9.867040944889428
34160,-0.03495819200996791,0.001896422327981456,9.734200071696701
34180,-0.13313825982826183,-0.08113320885450707,9.768905569458699
34200,-0.1457219287372744,0.0035244462367188065,9.733274541574321
34220,0.02493079091224208,-0.07343795045695997,9.8284923435088
34240,-0.09287041771910053,-0.0005380880930783959,9.850635533130736
34260,-0.01764530004220349,0.019902714663217094,9.992990552633836
34280,0.13020627480631974,0.057870334506999625,9.849758539088226
34300,-0.16840190289866833,-0.10496190930182846,9.863760979397984
34320,-0.08205409377005488,-0.05140083052959534,9.736728025310349
34340,-0.0028903692718181737,-0.2607574356026349,9.731679828918425
34360,-0.007999111891243684,-0.04870391699648399,9.840208887426776
34380,-0.08640825344502757,-0.13452016222975954,9.593159942147024
34400,-0.2195375781301827,0.2912850559749329,9.680741458686791
34420,-0.05411472225519066,0.04850970075791176,9.84894943591346
34440,-0.1718680253194804,0.14615631186665615,9.61504263375763
34460,0.07723103234544174,-0.026868887554084103,9.769519433285286
34480,0.18121533933212994,0.12060059800212537,9.960305428440403
34500,-0.249129338500601,0.11454656240231388,9.81329476005395
34520,-0.08966560955888668,0.15852075131898508,10.040430362178938
34540,0.06428602129199325,0.08656371223112926,9.982341311702141
34560,-0.12417182146894863,-0.1531586027251182,9.70012266559403
34580,-0.0342826956612646,-0.15025927719930388,9.73119152630953
34600,-0.03344030864201308,-0.1016263778287929,9.699415772260627
34620,0.13328333649518875,-0.08838896019183114,9.877410938864532
34640,-0.0056717465188794326,0.06798992489512676,9.790464821346713
34660,0.127370623842845,0.29524307192356963,9.773371929238117
34680,0.1662503955993018,0.12754453748140132,9.825982309777357
34700,0.03873647753560409,0.01915881852360247,9.677207326795344
34720,-0.05542142782281319,-0.2867553618372367,9.814723792732003
34740,0.15118751951296194,-0.11779050631679065,9.968184170898551
34760,0.10597186909489813,0.0691636716386326,9.866095835791533
34780,-0.19565346977107562,0.017675667791266093,9.819822443078891
34800,0.01002836275034645,0.20797198360159733,9.858648976333805
34820,0.06552477935437671,0.0008045040295267632,9.952025240683437
34840,-0.0816642366457738,0.03221006846538426,9.79309724126016
34860,-0.022861357378129037,0.19306736687354228,9.832951962833539
34880,-0.07748442179928564,0.09381414039487178,9.686547499046302
34900,-0.05426737360135396,-0.060933922653800474,10.166954817798516
34920,-0.11835298554170674,-0.39403241495505853,9.796330728173274
34940,0.015416846347722385,0.1537971879097065,9.701545234348014
34960,-0.13700565533966028,-0.1742932120727749,9.79977302419454
34980,-0.08327685380261958,0.180805532163623,9.792994005976233
35000,-0.02846531482150346,-0.3060350095053581,9.762322705651647
35020,0.0358176673093108,0.09251587511747357,9.846574829873097
35040,0.01491381462621103,0.026517467630295076,9.898266857332207
35060,0.13197577385708997,0.05639682017783743,9.64793939525938
35080,-0.07156078119525375,0.38190736124149455,9.821651968707338
35100,0.14480492362683908,0.31097644093213966,9.988947567243251
35120,-0.29725027848681024,0.08004115203033,9.50701760552661
35140,0.1575265651695875,0.04307791716940891,9.795754171146912
35160,0.013234243020935222,-0.015825756067279397,9.701949127007348
35180,-0.11121917755511605,-0.1112699603930023,9.895561305558946
35200,-0.028775563631500373,-0.4018478379311555,9.729296320439893
35220,-0.046016774678882814,0.17614376517177524,9.8243614245054
35240,-0.03961779440251561,0.09099522037742847,9.519703378744593
35260,0.20788621557162903,-0.07057930557063756,9.804289656150155
35280,0.02512712690214511,-0.05138699926084605,9.799997664619468
35300,-0.10546959381529109,-0.0491915215990257,9.680518015172757
35320,0.03495125300600093,0.0678049490356428,9.644102733336652
35340,0.1273638772789766,-0.10566983360829614,9.877341005815328
35360,-0.053063406366179025,0.2342613071054844,9.770031767756377
35380,0.042443727999773924,-0.12120396691742942,9.647404548297272
35400,0.004952813562734542,-0.1040711134138371,9.888198807587877
35420,0.10547922413542428,0.17340838325616584,9.782924466388033
35440,0.03970044316635968,-0.07167976657676153,9.694789103067237
35460,-0.10761915937616046,-0.0027719740489774987,9.953076296646797
35480,0.1869172703031366,-0.013796052383790095,9.80009989558134
35500,0.07071222353972137,0.068044839259553,9.856097025505457
35520,0.05429149595332459,-0.1795286661031561,9.784307811347535
35540,0.04450388752312506,-0.006545961810688951,9.943627307440401
35560,0.04317419288024023,-0.005966361587196943,9.848113059064925
35580,0.07398541543803012,-0.044883849965424875,9.96936758138411
35600,-0.04724423739503405,0.05764634233232891,9.78243655596606
35620,-0.17460109192485584,0.05885733856568363,9.793824144074652
35640,0.01686676945896709,0.2596873774469485,9.782137184879291
35660,-0.14094676081773938,-0.14656247377517356,9.693842944062013
35680,0.1792253739177277,0.06748802613301803,10.001991666941967
35700,-0.1410891157306573,-0.11972332651352058,9.666860404201099
35720,0.12210561883044616,0.054629560279238876,9.76730513929595
35740,0.043050027834686685,-0.1472021473796953,9.730337016754072
35760,0.046691146186451524,0.10007757529726524,9.816586834058908
35780,-0.08452311789016093,-0.05356991634731063,9.86611853146802
35800,-0.011376705099230163,-0.0878155359807032,9.906053200464571
35820,-0.18633697164119092,-0.15482266036389425,9.983681020735059
35840,-0.059124753914639554,0.15393306252801026,9.964218696671518
35860,-0.004774177489515111,-0.038992736262003086,9.735971720344462
35880,-0.020306028714822857,0.07188859255840602,9.717112517712664
35900,-0.13853204571809427,0.04971462465287396,9.946268366027946
35920,0.1630912727521723,-0.0016224486321455148,9.85716098942614
35940,-0.16211146060252518,0.005744404748419301,9.998650155023917
35960,0.008256985755723851,0.16650550634662684,9.771435187168796
35980,0.06335847946793434,0.10027534404509539,9.80334834204582
36000,-0.0017748151545514442,-0.12496435135529199,9.779234434043289
36020,-0.2165953545735713,-0.07533613171910104,9.941281541774734
36040,-0.29200824826571653,-0.04192280829449591,9.978835210500133
36060,-0.14368553845250784,-0.009565359805822059,9.799493589947799
36080,0.046982468282555125,0.2336682128919737,9.961568143920017
36100,-0.16400302706078942,-0.1315328384304811,9.768131915653674
36120,0.14052673469786678,-0.15845238924600544,9.703315178939171
36140,-0.42722571905704604,-0.021503671083062673,9.914802180256736
36160,-0.07866321870643703,0.26297625839633676,9.74236143644791
36180,0.20727385702848106,-0.23208446296499688,9.77350902319207
36200,-0.14128703146320784,-0.12575982209209677,10.007643228920196
36220,0.00658428234942418,-0.17259738655852222,9.713680435882395
36240,-0.005511410453332355,-0.18517849970107947,9.766431077021583
36260,-0.04494004216073636,0.06811716530184378,9.706084283746524
36280,-0.2373652745621123,-0.1178340500576395,9.814089049333232
36300,0.06525332762210091,0.20025365843514437,9.811540926393157
36320,-0.06496922178781311,0.15134475192366834,9.847682790652142
36340,-0.039578214957255296,0.18022604583616636,9.763807446889968
36360,0.06875829435528379,-0.1132472584735952,9.792658237043824
36380,0.02544364975725168,0.021573912432841215,9.691459366498712
36400,0.05832947823798382,0.08074458765434664,9.88566546267718
36420,-0.045247307982467413,-0.1266797508227749,9.736875167206836
36440,-0.14658763156807625,0.2697081655895018,9.869146589383492
36460,0.05864410183593614,0.07625205500062882,9.61634756762652
36480,-0.1340082235446852,0.3600888431641581,9.723907426291207
36500,-0.1119811404756727,-0.010804523070171629,9.537036930072528
36520,0.026150552590665815,-0.09928049635034573,9.77374070202646
36540,0.10842812979646314,-0.09133739400599615,9.845010402990434
36560,0.2374465414036328,-0.06123813588852037,9.72876755699657
36580,-0.22976043990764217,-0.0009832537003419451,9.608808293265911
36600,0.14793256940474336,-0.013229397204774345,9.896077843493146
36620,-0.017336221028769437,0.018621544957222926,9.860755016771375
36640,-0.03458672128079118,-0.001503822521644689,9.742288152716833
36660,-0.045730026731327714,-0.13388196821235546,9.626231706777666
36680,-0.010637036856532224,-0.10551480626193092,9.767708631846533
36700,0.055475353808553694,0.16750401049825736,9.74504673349169
36720,0.09203289341779597,-0.09435313738566022,9.759615092131732
36740,0.06351277028971145,0.059076721302676855,10.128070993490045
36760,-0.01230784650404691,-0.2692930374490393,9.866145857832192
36780,0.08158645677213845,0.07943579445406283,9.818856602013694
36800,-0.029550825481484883,0.17314078874530495,9.768181336550345
36820,0.4054413812755484,0.16931409965179353,9.94912039531715
36840,0.13142738782552196,0.030277875709117955,9.927310005088925
36860,0.09585481977505618,-0.08436936442922464,9.566041118462001
36880,0.1273454950288911,-0.0016406330956234363,9.8780344647122
36900,-0.07366131600279258,-0.08781588280064145,9.826257959122962
36920,0.058351707443892335,-0.07049312242689257,9.836433141688472
36940,0.05578655983822189,-0.06441390464086696,9.713786514048262
36960,0.10698800170300717,-0.01494737667018875,9.630412312769257
36980,-0.0292748362733745,-0.09446839931679142,9.763744830021482
37000,-0.10370759762069909,0.22973389040155173,9.925581689815845
37020,0.028983825947158922,-0.06330460970752892,9.545667375506929
37040,-0.02335074215801598,-0.1640423262711902,9.805471727962246
37060,-0.07591378094498565,-0.03676829293259681,9.863197860821115
37080,0.14453033349810832,-0.1094003941693162,9.906528724881314
37100,0.17028310298569607,-0.04985970303529534,9.78542691040244
37120,0.026072972976996477,-0.13559910058999386,9.83834887766038
37140,-0.013728063461449221,-0.05327309883651628,9.932917646762316
37160,0.008683955601185888,-0.037252633718034854,9.817221608087712
37180,0.08975006746591314,0.17713948227894685,9.765212962603282
37200,-0.05647143125216792,-0.07600196172858033,9.93611445717748
37220,0.015218061195413735,0.2544952552214025,9.962416261247254
37240,-0.21444808457216374,0.09974574258487458,9.711867066996227
37260,-0.072792302965591,-0.11949618156124543,9.928561673525275
37280,-0.12359950150927605,-0.12088459675608977,9.980999300364774
37300,-0.01831780920175065,0.041486234092147634,9.881166248138681
37320,-0.008525339690356225,0.023716858510891486,9.737345927722084
37340,-0.19097432809688303,-0.026197728324989643,9.794320417067077
37360,-0.13659945602317006,0.010783156837419339,9.64362973081961
37380,0.08609353399888872,0.13174026632127175,9.83676258043209
37400,0.11007798330731255,-0.013390843193325754,9.982129500906295
37420,-0.07712471280051347,0.23196992370339375,9.656179800070479
37440,0.08034913511586446,-0.06548363729089347,9.818032111165147
37460,-0.02000046599502955,-0.03394307528162921,9.751445960646988
37480,0.004309915324594676,0.04884404365729654,9.781068654845637
37500,0.008101535313333862,-0.0999156786450168,9.927457167324205
37520,0.16809681975947804,-0.3210231670467733,9.632829603937253
37540,0.016080060831052803,-0.19133144464499502,9.793414817625248
37560,0.019833619437824735,0.013428933967935855,9.599356645175295
37580,0.015022868817588526,-0.18906708788718624,9.815066349948362
37600,-0.005993905185925525,0.022386870873177082,9.810633185311064
37620,0.1028198553576945,0.03171275203472382,9.6902072156049
37640,-0.1375497869048933,0.22101798901839373,9.733191719759493
37660,0.2639556068736195,-0.08034877549677831,9.401609354264007
37680,-0.07463784648116821,-0.1546641350561976,9.784224788963249
37700,0.07965694876074732,0.25671617845071315,9.705067672614454
37720,0.14164215600512864,-0.08900969927244118,9.874516172754022
37740,0.05935618983211544,-0.07630412413751808,9.820910302041518
37760,-0.29626614767455756,-0.18697214425067255,9.86333697333169
37780,-0.03457905472719624,-0.07459218208606211,9.822465632431324
37800,-0.014960078438579686,-0.24808973859922934,9.847840911542672
37820,0.07788040192475715,-0.08322398428366218,9.75819059864432
37840,0.06981409226644543,0.07877432378024413,9.669156157138808
37860,0.10301923805857167,-0.047828362675787627,9.711888114479585
37880,0.02150378178088889,0.22252968778360727,9.763100672079785
37900,0.13656115886661652,0.0683628415934865,9.600399331497998
37920,0.01453691993326395,0.13507385112907064,9.819595454849745
37940,0.11139488615225564,0.06350009516098622,9.967747588319021
37960,0.1061031593702565,-0.15365979384926085,9.955813173875113
37980,0.018505387755448504,-0.023554246630668345,9.69322656245523
38000,0.14684444387496284,0.0696583326735305,9.732349333023818
38020,0.09248603089749569,0.17933067919085302,9.807729545379141
38040,0.015571544305871106,-0.0607371340236986,9.636036471429886
38060,-0.06683244369556499,0.06228351220998449,10.001863917585522
38080,0.026289262077633227,0.08529223729974104,9.940514615802126
38100,0.07342812625306855,-0.05284516529811795,10.024302993387847
38120,-0.14611205953836345,-0.041251281775235106,9.61987626564564
38140,-0.1052460309779223,0.3506071655606806,9.932046931306292
38160,0.023677919016247946,-0.270256012791181,9.768438101302284
38180,-0.08127848279506843,-0.05269960139177734,9.683979270928496
38200,0.12957560719315195,-0.008334198019250913,9.729861774724144
38220,0.1587864161102509,-0.2674734778747293,9.876298036695392
38240,0.0005595235324934818,-0.005175292713635658,9.812833414779107
38260,-0.03440025275667916,0.049745810285723675,9.733833490524793
38280,-0.18277649086086015,0.017102320213660063,9.961553955543184
38300,-0.15029288221330944,0.44650098523081017,9.925907322436009
38320,0.10334238671037668,-0.07486919323061411,9.778258926746297
38340,0.05423472105189145,0.11879974049537385,9.70989311681238
38360,0.2140018854238818,-0.11763052194478796,9.796613798349943
38380,0.024076181161744408,0.009325112390480048,9.753990408953356
38400,0.12468507982161614,-0.0707614891845893,9.65250134541846
38420,0.13596970909346065,-0.05781991546920215,9.781652929264434
38440,0.00814185824543395,0.09345304816240621,9.851915069902812
38460,0.15943528531867854,-0.026290999568588384,9.917052932925845
38480,-0.27348425630595785,0.018754065530139984,9.708454485164916
38500,-0.28752753814644627,-0.09741891905172376,9.949740573821819
38520,0.17855465342770288,-0.1591821818452076,9.592240666838196
38540,-0.12616953267399136,-0.03439321322159336,9.978035561336371
38560,0.19531582444212206,0.06575444424965002,9.849567651344787
38580,0.19319309076787816,0.06809176772729056,9.71527006323019
38600,-0.04914331294315075,0.03822665056671429,9.8441360410291
38620,-0.1779970462850215,0.033328292571189015,9.80852091077551
38640,0.03089999710406338,0.05537907685211379,9.904287821754126
38660,0.173835088590834,-0.06595507949025198,9.775928495236151
38680,-0.02280364095124161,0.18896870064778806,9.787208046267116
38700,0.23158279304166687,0.1763848902669061,9.737786413356494
38720,0.004763651825771653,-0.021862439663510442,9.747794312485535
38740,0.020644427527714327,-0.08458825496737271,10.002639946035305
38760,-0.09981239914747046,0.08897680150814431,9.707031842127828
38780,-0.1306792847154328,-0.10620612181050296,9.747642606274713
38800,-0.05637927041394433,0.10943664382285648,9.894287682913298
38820,-0.00201786540393324,-0.08700477075273125,9.68406468836252
38840,0.07297525643210713,-0.08056256620420142,9.614032819599824
38860,-0.20457178739352208,-0.01748549772623473,9.843536971576723
38880,0.22001569194667012,0.14707775767702239,9.75727789884947
38900,-0.04941137072876454,-0.15096664863956813,9.877158878040056
38920,-0.028797482004213133,0.10154024050924772,9.687257238349543
38940,0.08076215912153113,0.042964041531165516,9.710979192365327
38960,-0.18187607083333104,-0.0254487909212832,9.794355185586323
38980,-0.03096397742084526,-0.22900322490607444,9.647921115133578
39000,0.01703515024490865,-0.161275907771272,10.170677387967892
39020,-0.13159141798190452,0.02371660787096904,9.771275548567983
39040,0.24917526052558192,-0.0026133973022905966,9.798103668015832
39060,-0.07318965204595797,0.1438330035095528,9.772711072332577
39080,-0.07325726189765457,0.13490986197525673,9.765252640868752
39100,0.022118719643535022,0.0621630038958094,9.669730519971138
39120,0.0381990140049023,-0.06226341878876033,9.83158103858485
39140,-0.06247895721902075,-0.0617925300416253,9.798303031912713
39160,0.07518658166354888,0.21520724148224007,10.04829978566222
39180,0.008156585328607413,-0.06124310725465814,9.741710226130738
39200,-0.0019259008760138772,-0.17381458061020963,9.688908359470215
39220,0.0698697528494217,-0.007311528407558525,9.677843118383018
39240,0.10899408496913439,-0.03915722579905533,9.54204372405615
39260,-0.129529215036196,0.001297115014923442,9.663141011630616
39280,0.10080018705178939,-0.0285306855900062,9.959975569164287
39300,0.1880242172912163,0.06963359271308457,9.673550099439636
39320,0.24548486879449843,-0.046078213940429436,9.685932005642238
39340,0.08868460264880311,0.08495212075135743,9.814053012687877
39360,-0.2080453219907014,0.05827782725076418,9.879055056281395
39380,-0.128317610097382,0.136235576700228,9.865266954922573
39400,0.050616230788517264,-0.0468270940559351,9.870348228769371
39420,-0.07716052142530326,0.17459748005423154,9.715356107033035
39440,-0.006011518631727457,-0.030165037862171413,9.708526616388488
39460,-0.06967478855645588,-0.28775028436501304,9.678607270014613
39480,0.06260452158513281,0.0872544117487737,9.794269356299765
39500,0.11647602071595818,-0.20403478246612516,9.942668669074346
39520,0.0365864804322316,0.011420040225730777,9.919945409931502
39540,0.09291182617266211,-0.04581617094072856,9.852348949045197
39560,-0.02532336958051738,-0.01676476927219792,9.888882184816516
39580,0.09615598907349311,0.05610258868354749,9.780158016351482
39600,-0.1420679453581077,-0.010596608710032939,10.01565277876452
39620,-0.1175065862822822,-0.04406140623954134,9.836222211131176
39640,0.02642749896137041,0.04891229612324996,9.815261403708982
39660,0.13579020382671114,0.15128928249578452,9.799366951511937
39680,-0.0306850079664464,0.15025991950705192,9.805287384718484
39700,0.024849156330855892,0.21052574641406233,9.85543053286054
39720,-0.01456353513810639,-0.06409778559526134,9.764192239503842
39740,0.0192368087988917,-0.16810903612762199,10.149888920108628
39760,-0.007155746683693443,-0.13920252156431062,9.687646807742063
39780,0.03254885837967763,0.013404419063230763,9.79825131286197
39800,-0.1337541283968435,-0.1830480994243746,9.662342268622726
39820,0.17613940276453108,-0.15478597008406678,9.751043824946146
39840,-0.12687118251644436,0.0842442070019774,9.672646243063308
39860,0.015289895481831618,0.20459231303200806,9.907080316288857
39880,-0.08996821291466635,-0.03612741533250609,9.939546704655465
39900,0.18183059081227174,0.014464911881750232,9.66332758012175
39920,-0.12249875869485079,0.14276163752979884,9.582757053133836
39940,-0.07447922116383293,0.16953347810360048,9.675938317201272
39960,-0.21213356655071175,-0.07182381827383402,9.709953426498513
39980,-0.06485593267500035,-0.0010486524448017798,10.035030907187963
40000,0.08457793080147682,-0.15386153047154344,9.918028833522216
40020,0.0671797650132551,0.1875006922769691,9.60028664227538
40040,-0.029949525184093793,-0.17376035480906996,9.912349903229657
40060,0.08279541714771767,-0.07521854308692506,9.889342689290512
40080,0.07929821946101666,-0.04167954380200308,9.672629916793808
40100,0.053400937306322026,-0.07614077612676926,9.50810429993829
40120,0.3151914496251522,-0.024223771363953258,9.863962015481896
40140,-0.009515289783177559,0.12228649520725171,9.832659506339638
40160,-0.022084229296602653,-0.2706838316188312,9.776710414473749
40180,-0.07588333735891391,0.12144752900731882,9.872151249492024
40200,0.1554834514393993,0.0833261047623936,9.668675583697889
40220,-0.20550763998625707,-0.05039047383953145,9.826889341596871
40240,-0.007825389982721915,-0.19899891735196248,9.931303647360702
40260,0.012676835311777887,0.004055196196478513,9.735147321215461
40280,-0.18039639213418615,-0.03329171757792166,9.805439305695765
40300,0.003125678566766249,-0.003914724852770437,9.703980165339475
40320,-0.3350953444188888,-0.17586409349165788,9.880650289098018
40340,-0.03096947962660801,0.19411940065333474,9.63638409633436
40360,-0.10071265333945803,-0.1776074613035574,9.819651949446593
40380,0.08003484825986189,0.04824894242971044,9.75916697228191
40400,-0.03166948973310135,-0.16934718643972865,9.728554252355032
40420,0.03802628159860804,-0.036169146040267414,9.886852779932692
40440,0.03388978225502466,-0.0677921237534551,9.88862447739029
40460,0.28550510604755314,0.06823855545061769,9.805294858112239
40480,-0.02912441790382139,0.019439248035122033,9.812210205044797
40500,0.013434142157615759,0.12292735523774444,9.64678281817171
40520,-0.04474836095270678,0.04925340567053514,9.855264148255065
40540,0.036279787883644214,0.034384205215751924,9.981531008439914
40560,0.12977352373545387,0.05663999927653991,9.835435451644667
40580,0.029601385031263184,0.06176909045119393,9.780354905580818
40600,0.02747151169763885,0.07769625424937199,9.885280113792842
40620,0.11093594431841455,0.021236603310286473,9.921096431839981
40640,0.08681995752296395,-0.140278890152126,9.507298216917032
40660,-0.15237401094634967,0.12713068248505868,9.864214643226195
40680,-0.11330632736803348,-0.03691067829606547,9.842936955293547
40700,0.019429231463796055,0.06910515745838545,9.718533446491312
40720,0.11081890088317406,-0.054091863726173646,9.864125631629319
40740,-0.03937638006864617,0.0709398356716994,9.676758644236056
40760,-0.10662940809801842,-0.09174540611128873,9.869373247803946
40780,-0.13324271728355294,0.12091899595048737,9.817544772543094
40800,-0.1298222253132905,-0.15341448620047138,9.850678334238967
40820,0.020535938683469746,0.08548079300914996,9.659887823113117
40840,0.08556783520409077,-0.0973394626510551,9.707701112216629
40860,0.21377108462677635,-0.10323604388739627,9.71844134065331
40880,-0.07608454119384057,0.23562596884589723,9.83218233796875
40900,-0.05699813947130076,-0.021226414621431624,10.00772709422598
40920,0.042644443962941835,0.11342900635515132,9.649780623593422
40940,0.19525816309799393,0.03336253362387311,9.665098253908408
40960,0.18253941913873264,-0.06251011760388986,9.939890968670523
40980,-0.12259277289775974,0.03327909575158482,9.770114734559966
41000,-0.001258730830692638,0.043734682736396024,9.794879176657586
41020,0.13450584561765133,0.0492873799919339,9.83334075231134
41040,-0.2998800777355729,-0.043907670362134464,9.743539736308257
41060,-0.04942606706420807,0.0857346751423938,9.83792978027373
41080,-0.18489711284966506,-0.15313003864587305,9.551435387303103
41100,-0.19870678272808814,0.058704173421104885,9.87905362663579
41120,0.10463158539861536,0.09306762673316542,9.93934220955485
41140,0.2116614407557971,0.032841336366931075,9.834901699875369
41160,0.05637999808612034,-0.10758663005234544,9.93737776807172
41180,-0.11575643424143574,0.10261386393310519,9.880250457252748
41200,0.06043733214535495,-0.13287292975242526,9.941771025330643
41220,0.03742726424440341,-0.0939537321689742,9.899491123577391
41240,-0.06044492228233153,0.05737936746252759,9.948224410996533
41260,0.011667308606431528,0.03604546888569915,9.891041773277788
41280,0.12588109255386074,0.09164445290185644,9.767376883439171
41300,-0.1464135601094386,0.14137986555733564,9.824572217947154
41320,-0.15561166737972743,0.035940974586652866,9.662315768469021
41340,-0.027235708502324426,-0.10914387886330094,10.003607704056364
41360,-0.2080673841251754,0.2222672602232671,9.879498547789288
41380,0.06982672751944588,-0.07392718191451647,9.759005534866693
41400,0.11545802167189816,0.1329727283676285,9.655589261771077
41420,-0.06853780387158512,-0.002659406673468406,9.905244360576319
41440,-0.17890333514939893,0.11037328441078194,9.69025550386068
41460,-0.06560287989603433,-0.04582880808189309,9.874119890029831
41480,-0.05485070928814897,0.1962323851997823,9.846145682228407
41500,-0.030079224044369593,0.04899730222468315,9.862934821476964
41520,0.1271974706908518,-0.12189081032633477,9.547443081220822
41540,-0.1663877733693799,-0.028476975971357333,10.052059209202975
41560,0.07267237917247646,-0.03478832245733807,9.835439655572388
41580,-0.030221841012596205,0.1034150160583775,9.957031527151011
41600,0.04659605780390468,0.16357460224579617,9.880686243582304
41620,-0.02980449909767302,-0.09495117794666953,9.874860140399445
41640,-0.005358938691335574,0.027077994851328464,9.580342833239458
41660,-0.1461101549648479,-0.04609680023428146,9.83049783877999
41680,-0.059652455447179356,0.017110617337729218,9.835345397105302
41700,0.022718636385899178,-0.04878811082180316,9.78804153450296
41720,-0.16433635772496985,-0.08532866388258645,9.784299600147095
41740,-0.19005203411812682,0.16691689021434525,9.762629233353561
41760,-0.012870020986144691,0.020665849979586873,9.911291589727222
41780,-0.03430291542171764,-0.14403335222859057,9.729742843372385
41800,0.20080595757049727,-0.007546705706168837,9.663433157065121
41820,-0.05768366162479372,-0.22236953883763566,9.83089401410171
41840,0.22431435535678365,-0.13438587549579634,9.72202954309623
41860,0.009442447114794616,0.1996311920434362,9.914479117547762
41880,0.15791424182497465,-0.08929205141434818,9.790456175219104
41900,0.02177694421528876,0.11198738641468554,9.625817717036384
41920,0.047625117655263775,0.004355475790518816,9.800816800089956
41940,0.08621601132622629,0.023677856695789555,9.731715703406772
41960,0.002208760946846668,-0.1822720689246504,9.957689713639216
41980,0.05598824008026707,0.14082486260173094,10.00069349228573
42000,-0.0692643230710876,-0.1866505005693362,9.625042433880873
42020,-0.21905930660632575,0.26148026747663455,9.787683731796237
42040,-0.0838406462978643,0.19594562963694445,9.852246961618754
42060,0.03316286534099461,-0.05087898438973858,9.600739890693239
42080,-0.043521394420251845,0.2852148311093615,9.896751985939563
42100,0.11268709014011055,0.11034375596555156,9.751030674544435
42120,0.14188494424457043,0.10032209884549181,9.616700472113106
42140,-0.03338589523547051,0.25727747497426934,9.726243788116081
42160,0.011584922653025314,-0.21540523745248372,9.846205816898758
42180,-0.13690140142355384,0.05307507674406189,9.696897028576247
42200,-0.014331550747480456,0.046895558867560395,9.755315936357492
42220,-0.057435072968331904,0.06865242811193815,10.000740384369132
42240,0.19728720458110224,-0.17468505864024658,9.882987293015056
42260,0.11165943745574931,-0.02293341678490216,9.643732558222627
42280,0.09773531738547196,-0.15061562687686494,9.817584778457858
42300,0.4216467868972137,-0.10084197686642313,9.8584059598762
42320,0.04919886704476793,0.01280504808882701,9.715845660429464
42340,-0.15004025682351557,-0.22700848208288762,9.908867723363949
42360,0.07952071764031432,0.015249108181487067,9.898921842092394
42380,0.08085803845150329,0.006728920758037839,9.900626579681582
42400,0.1328639260701818,-0.1105853179923927,9.864462028318709
42420,0.034126489909630436,-0.05002056415234072,9.582318627099943
42440,-0.1290025139647452,-0.04810200669504592,9.938476643661966
42460,0.12466204240020606,-0.06909815093740673,9.71511593896898
42480,0.03534084961794882,0.09418166838477722,9.709759381967345
42500,0.06415696590570352,0.048867243336945546,9.782199655763334
42520,0.05810709104604033,0.0995954847024238,9.627405989634406
42540,-0.06517795658795454,0.03216373684772828,9.605684686482167
42560,-0.17528265739775564,-0.30984497543018197,9.735851018006288
42580,-0.08795150952778691,0.005906077201910464,9.641039755785734
42600,-0.12440656892262895,0.12184182906902166,9.807927563047329
42620,-0.0850018492428453,0.04141025350834378,9.625594510681017
42640,-0.013002142189667856,-0.1651981113403719,9.75044348291953
42660,0.08465917308100798,0.19305005760454014,9.774751005803346
42680,0.028638975317913536,0.005045895264065503,9.934212031490656
42700,-0.01251617775931395,0.13551283096085354,9.699736881852223
42720,-0.1317713659340449,-0.07159624055485643,9.80355139819803
42740,0.03115911093330167,0.17949872361526986,9.725462743984043
42760,-0.07662100958654743,0.19081922210501695,10.047725754724462
42780,0.121529087136767,0.11638807076297143,9.73251851166762
42800,-0.044141294141375575,-0.13764146088547527,9.764848398267052
42820,0.17805564854735054,-0.01449945956159443,9.66340599025488
42840,0.1625729337947438,0.08947599858381979,9.83315350203461
42860,-0.039509733379206345,-0.05849757953477683,9.835320345612136
42880,-0.10922146729538042,0.010768639697132789,9.82294420386949
42900,-0.13754691065043811,-0.14465797560002158,9.800410908525667
42920,-0.12487583886570361,0.05775061128038042,9.546140358227053
42940,0.08424290529186493,-0.04470868977201455,9.60164434849662
42960,-0.003689908543018454,-0.03559894060251066,9.678947828113166
42980,0.15346084604225496,0.013446386967945478,9.74943825050821
43000,-0.055707586796475826,0.1483336255747873,9.800365488878024
43020,-0.05484005793677295,-0.09046866982259398,9.737921993868511
43040,-0.22848841465537106,-0.042036540942163934,9.81204168549809
43060,-0.0010676443285072598,-0.09580719991078354,9.803531758087596
43080,-0.06823819416265939,-0.09883346863482266,9.82414793406894
43100,-0.037923122790508454,0.12730595771092704,10.023060236604419
43120,-0.06304509925460022,-0.07106545248094742,9.83041775048306
43140,0.05589069042461395,0.1944426438976203,9.6792554037653
43160,-0.04719996751319879,0.06177822585508617,9.612205121439258
43180,0.07078005551781702,0.10956309279163672,9.974414332094774
43200,-0.07637569838116622,0.21256747545371207,9.68196741061094
43220,0.20395324455844407,0.04993149063798586,9.688688596358867
43240,-0.0589435493429077,-0.03537789726646689,9.721287843360402
43260,0.21208835288887562,-0.19376781368845242,9.672802757463309
43280,0.10495977266707247,0.027182421677909376,9.6489810144826
43300,0.007861031942170891,-0.09287842495158087,9.94520496335668
43320,0.05939989248083247,-0.08077370743537304,9.969106775510436
43340,0.0276308991357523,-0.10718475596283532,9.834251767376934
43360,-0.06407880482150714,0.17870974859618954,9.662590983398387
43380,0.13650527304014726,-0.06465389946898312,9.796190559710325
43400,0.17450029645343326,-0.010504531228047113,9.801867516451455
43420,-0.05265571817479092,-0.07980005818550186,9.76738898070484
43440,0.004827671869626784,0.18564868964057887,9.701316792252223
43460,0.015296783589542931,0.08657394272192201,9.758248402419019
43480,0.1290949003935152,0.024575601103799666,9.888430420710003
43500,0.07692242264303137,0.11669962631223843,9.859570085338687
43520,0.0063846583286834265,0.12668733443703215,9.64095501510853
43540,0.10253245290340854,-0.11943935773216731,9.867778717936229
43560,0.2610236712225154,0.011192003851313092,9.698083048802713
43580,0.24309743097273634,-0.08978195154971257,9.768904412348519
43600,-0.0770557061387577,-0.155723366433875,10.005003390560134
43620,-0.10535289770951202,-0.04982266345215165,9.584715729301157
43640,0.08210701256747847,0.08251095096936502,9.654122963003884
43660,-0.1046543549169282,0.1083588471096981,9.65296946686385
43680,-0.060157580266782064,0.10409775193182888,9.873853829979915
43700,0.05447424748834544,-0.18688183242537904,9.80353868977814
43720,-0.03931195092631573,-0.06799932139509333,9.785960872226712
43740,0.10704778751641852,0.19807928906641584,9.695393391910494
43760,-0.013550364602850291,-0.03966002767102132,10.000169591953663
43780,0.001895380702408379,-0.03105754669712887,9.833779811221412
43800,-0.24875919627865276,0.12747860376437706,9.789727779374765
43820,0.028224420996752434,-0.10591409050398344,9.958811003701925
43840,0.06691117006453298,-0.03530407128588379,9.661302744922397
43860,0.041815613776661154,0.010070659521381095,9.68870310932206
43880,-0.12950125172024934,-0.2694351464274096,9.879567876895445
43900,0.10461290650078672,-0.13243517312863745,9.914694857319422
43920,0.06618114371648262,0.13525523343279452,9.87113066817105
43940,0.06643522077361907,0.17975249576294985,9.792194130428754
43960,-0.06355847529451679,-0.01511991716806671,9.786634215864927
43980,-0.06320914874680675,-0.052206886907469226,9.681676308349381
44000,0.10591403351583607,0.023442976333111033,9.703648177431667
44020,0.09005949279923069,0.1005800689192113,9.945560332134683
44040,-0.12171803028396169,0.09517655770096367,9.741660510159223
44060,0.010806179912803025,-0.02409763835703014,9.702820843645629
44080,-0.10479121704920143,0.02650559132812064,9.93271952447278
44100,0.05528905452158842,-0.10783096026086608,9.71725164715464
44120,0.06457717850448816,-0.022697719883259065,9.763540238048648
44140,-0.20424199894437034,0.0028540600684981523,9.782646706853594
44160,-0.1532775403033956,0.1495131285569813,10.045935892886288
44180,-0.2344470446297938,-0.02821038883832321,9.673014227019147
44200,0.21728818905510625,0.07338734271390972,9.925567552257002
44220,0.024468542773825683,0.011748452295104262,9.633684618466027
44240,0.14532048404413692,-0.05005133643541015,9.969843757391216
44260,0.12212064252590528,-0.06755208245188452,9.707623034446819
44280,-0.006565283380265743,0.1589616211705189,9.695105588985406
44300,-0.08326174093987111,-0.08499544358755017,9.912230173738397
44320,0.0034240534383860317,-0.0874884584124929,9.880120854562978
44340,-0.23775853913627285,0.053141479711898684,9.92658555242779
44360,0.04814491500929789,0.12690484099507632,9.939889736820325
44380,0.0903279822609098,0.04712799144252021,9.817126822733245
44400,0.039580427733289174,-0.009201550930723,9.991785569775494
44420,-0.03697029314454101,-0.03074336715284663,9.993618902834601
44440,-0.1314868013121538,0.029264420068255057,9.886199563825302
44460,-0.04493614396451902,-0.0382408741266385,9.945478781353007
44480,0.11646709730509631,0.14484648446719825,9.75221971056969
44500,0.18458536865520794,0.30243335352860473,9.753233500215705
44520,-0.08860303207441321,-0.25237144555899216,9.868798577531608
44540,0.13827625158426585,-0.08589344728200445,9.950551244078161
44560,-0.06606847682805034,-0.13347459092962333,9.871964371828524
44580,-0.059197466012995026,-0.12486022221625424,9.808703287886404
44600,0.24130294053000934,-0.1335348808481372,9.845143330782305
44620,0.12857130643972917,0.015014542094202547,9.938345199616155
44640,0.1626458447380526,0.06459732783068406,9.935248424393118
44660,-0.22793655600256443,-0.11601719362403723,9.864502783055471
44680,0.19225018760893037,0.1378526914821142,9.760709027484825
44700,-0.20502982719949542,-9.93155060352912e-05,9.57120770940894
44720,0.20437164956183154,-0.047524012981797356,9.654244096586092
44740,0.10642907962410479,0.17975330632640169,9.836093381605686
44760,-0.15179494560040924,0.0030334540594623366,9.996909445511832
44780,0.07283228634408656,-0.037723453849447044,9.738890574417537
44800,0.2976255872543331,0.15385943195239773,9.949662020816998
44820,0.07848341951190103,0.10958121798591824,9.717342519547442
44840,0.08169120189173577,-0.09048545762402797,9.753927232379219
44860,-0.0748429071736496,-0.12048250947442961,9.861564849888104
44880,0.04046838117005384,0.028599516877577485,9.707992241258486
44900,-0.20677575061647094,-0.00015837885606261818,9.948684420376106
44920,0.04337238122046835,-0.26413817498597486,9.797979216874635
44940,-0.05384281984377258,0.02976616636962266,9.724849131406877
44960,-0.12481314713853212,-0.12500847396960457,9.839329992588231
44980,0.06213732315417115,-0.04187131509745258,9.7497210943861
45000,-0.1047968828010844,0.06652138891271728,9.764514827636606
45020,0.1365412388462248,0.08964285214827175,9.675764448485033
45040,0.029927138647941255,0.12429678087325563,9.676657065062498
45060,0.12425954748490128,0.17831208894648384,9.896080828897608
45080,0.09737311223034191,-0.20234082734144979,9.52566487456194
45100,-0.22228628125507854,-0.05560518515732915,9.837696224755094
45120,-0.14900733019717408,0.11916948129846833,9.657500076673095
45140,-0.00847877299877679,0.09853904456997974,9.959424349457729
45160,0.029785345164290652,0.08880028038830978,9.831971995291932
45180,0.21300784203017833,0.21736606523447208,9.457918065599072
45200,-0.006682619310197459,0.09054427789377578,9.605929610966022
45220,0.029999489928045058,-0.08713908312510912,9.83022001383854
45240,0.04202800796729133,0.05826066162520939,9.796287614591614
45260,-0.06057585384878371,-0.0178103132408096,9.846880113628822
45280,-0.1560968385745775,0.1164935535360778,9.750600824172734
45300,0.11409053604469287,0.019430514705445653,9.568684639155316
45320,0.069253982051828,0.10101817241663688,10.042384226212446
45340,-0.07759475760718283,-0.02862383099151003,9.740541185158724
45360,0.09489306368770271,-0.05075498152067296,9.720118027971022
45380,-0.1518325257927026,-0.06982082786904209,9.835972202115036
45400,0.19172929030140165,0.200965859805899,9.888025861237988
45420,0.01952656311756106,0.11274370663954403,9.703795450611851
45440,0.3501639827268274,0.030279583667650593,9.84672905346339
45460,-0.14424886118586638,0.026624012955158097,9.815626166158319
45480,0.05498203562759218,-0.006248375849810598,9.933005769535217
45500,0.04607461252313843,0.13825035212938286,9.882027015009268
45520,-0.0009234505418651703,-0.005254185813517726,9.712322983750253
45540,0.2268400104664973,-0.0744419420810758,9.93476633137838
45560,0.09810073993783272,-0.0074593480395929055,9.855205243625127
45580,-0.006673248147225568,-0.15033984409097328,9.721740946565381
45600,-0.08405068403619684,-0.07202840375969972,9.842569811197631
45620,0.13364196306143453,0.10790321021806329,9.861863986777548
45640,0.25641487451531914,0.02736085448986846,9.820392279095264
45660,0.06669438810021103,-0.13381139965327052,9.678130509472656
45680,-0.06532440892612804,-0.013797867133276428,10.093566550998027
45700,0.11888704451829166,-0.13108011880895934,9.750009179586154
45720,-0.10800297454845142,0.09234568318688338,10.034940522232498
45740,0.3087875370331823,0.14334170667289417,9.848208279604965
45760,-0.04288248275491162,0.02671776160596374,9.9270278481696
45780,-0.06498125221571383,-0.008362575845432877,9.761869192311268
45800,0.03319446108276076,0.20648283465216855,9.770482120514341
45820,-0.2239155835362373,0.0076539641167879995,9.761291069594092
45840,0.13210370079756686,-0.03188385003526765,9.621554993703283
45860,0.1723683881067768,0.04388656644093172,9.89532119986737
45880,-0.11974470221821605,0.027976008595862932,9.804103014763234
45900,0.09579442270832295,0.10577736334467125,9.853091137222558
45920,-0.04002762896220102,-0.08132681121094461,9.60739967250545
45940,-0.08477831304747757,-0.08997725365580239,9.776015159150528
45960,0.02604508558964463,-0.06979257975116328,9.860302470328486
45980,-0.12848924193953665,0.1013825573042761,9.97828359157282
46000,-0.11926967141851025,0.18036305108556736,9.765327490905452
46020,0.2509947789722875,0.14647229580569668,9.581090978770868
46040,-0.1559126700821458,-0.09217159090930349,9.6448466986434
46060,0.12806737008973698,0.07984699691785574,9.693087689820194
46080,0.15816879058165112,0.14568006882978743,9.865845633485407
46100,0.007102114079288903,0.04678333800504951,9.869598557793704
46120,-0.08896051109768774,-0.11268912488526808,9.619087274729916
46140,-0.12275143841605438,-0.10676980628672067,9.6003508259017
46160,0.06806940004979072,-0.0721561161812312,9.746708848683271
46180,0.09772559422135596,-0.09281336402081466,9.674951154068708
46200,0.1638480466534542,-0.15398454317643373,9.763105115779164
46220,-0.2316462776828105,0.2516593756312012,9.76215061239332
46240,0.16208681572147335,0.036393040256249704,9.67388688311697
46260,0.02572509327298241,0.07978302169035119,9.794537559193879
46280,-0.13385868669916645,-0.09720229078288146,9.939042976231821
46300,0.11894727071030223,-0.1652057189221185,9.880820388450207
46320,-0.02472072885737429,-0.015580779067780076,9.769280881155945
46340,0.12385073050843481,0.06070011962475282,10.00375836800451
46360,-0.20292748167234465,0.07426240701877965,9.840861067133527
46380,0.11543503398634332,0.019370360628094992,9.87725497393034
46400,0.046599821335602955,0.11055006371270885,9.833523184648284
46420,-0.04457597321113068,-0.012107665304782914,9.69777000078944
46440,-0.14532047250299868,0.22251886395810636,9.749963155641826
46460,0.1922583957463916,-0.044143513315548916,9.575801014543348
46480,-0.1465273386395457,-0.028125003237269033,9.830437096518201
46500,-0.048218311966674275,-0.17632456288581436,9.820959513263858
46520,0.18302799396232772,0.17738600421604583,9.900911017883267
46540,0.021569699973164873,-0.11695743279095162,10.026854917961584
46560,-0.035175471811933444,-0.0049876253748185285,9.702184768076867
46580,0.1732844948640962,-0.15965338842847493,9.800012682220244
46600,-0.019210545103823525,-0.12649135338738096,9.997666155304543
46620,-0.032197872808347426,0.005143611711334186,9.683571077616799
46640,0.13093242035951047,0.033430267945267544,10.078898756961122
46660,0.012531275769037559,-0.013250350337005149,9.625962047743498
46680,-0.10669010554112031,0.00879286119510448,9.74481250565905
46700,-0.06881574555096462,0.165265839557721,9.714647615463495
46720,-0.2099713100277207,0.07058277739971164,10.02000903801276
46740,0.2133825846530501,0.2171657412752793,9.749369566628012
46760,-0.2144622419260933,-0.195268075650038,9.635814509304156
46780,0.13993499372960955,0.154552648468126,9.827071185363991
46800,0.02339730318300424,-0.16838456085500808,9.917149786378353
46820,0.2607528897433914,0.10682768765144432,9.711737289270744
46840,0.013391595338503431,0.11182922275536682,9.88439473722632
46860,0.09108499382743636,0.06624773203113261,9.82328189307324
46880,0.19854553201082364,0.03919309358805427,9.759494100936784
46900,0.10536721822680703,0.03776391418903283,9.943896043930035
46920,-0.13775973955815574,0.07650826945809604,9.841718805961737
46940,-0.11391169284831588,-0.024948394832675466,9.65935834572773
46960,-0.04313265979468174,-0.114878828129907,9.860665186311897
46980,-0.009378381556045324,0.0996801687763725,9.760935084802618
47000,0.1167984670445476,-0.10480627431264904,9.608509412561052
47020,-0.03806035802267631,0.12462889045166306,9.731593909672482
47040,0.19153079999192488,-0.008574328896913131,9.675332391654631
47060,-0.01663151852204804,-0.0471415915517083,9.717247808430765
47080,0.1109214770932354,-0.18100258220706142,9.70728433530396
47100,-0.031617929443249766,-0.04589375553150461,9.938734646960329
47120,0.08161572574803946,0.021646304845888687,9.841263991273287
47140,-0.08914361112702988,-0.18878591040633186,9.865989714850924
47160,0.04624618313111414,-0.07536370730521319,9.920835531966233
47180,0.11269938965311839,0.11961961029462219,9.638259724863552
47200,0.00857043486956173,-0.14380666687022403,9.913651178004528
47220,-0.11423869026808313,-0.12612864893356177,9.804261519769344
47240,0.2660161029994407,-0.0013720711248450773,9.649283956090851
47260,-0.023290347634111242,0.11241510795204238,9.823283700070753
47280,-0.19332874588923193,0.082815392561639,9.835891364605828
47300,0.15598244483806026,-0.07068933162227556,9.97426754060466
47320,0.19134527131059684,0.19704538079031902,9.819895602361361
47340,-0.010630229437230663,-0.16307850998256593,9.769402576559227
47360,-0.15092499902467665,0.08017992557229506,9.939257769063513
47380,-0.044281121514437444,-0.0010124167541903355,9.671483707795707
47400,0.019186365773338945,0.09137969864490966,9.820818359402537
47420,0.03848693156398475,-0.10065546083508277,9.96126605882077
47440,-0.1266376594839696,-0.01486642537632005,9.819358594144948
47460,0.040152436838950194,0.13465443630736607,9.892223989734193
47480,-0.01512280139415465,-0.19927533832861366,9.816368934510608
47500,0.009722793359150534,-0.01912739650758156,9.788971926178156
47520,-0.17200153031350704,0.12953249936294509,9.795447946942575
47540,0.0026299580962892708,0.15811678669447413,9.84281253531283
47560,0.019509301398976057,0.10511388114755867,9.635500639099424
47580,-0.2630212256909374,0.18884035559601625,9.825688408152876
47600,-0.10338727096120871,0.2278032457262515,9.615357797804762
47620,0.08604388302960173,-0.06584309114236171,9.901134997029574
47640,-0.21461684636758888,-0.14438353249485997,9.81767957766464
47660,0.02942375415820225,-0.02935906128947183,9.75710703469109
47680,0.05906529036060322,-0.07350907736538322,9.999426959944419
47700,0.04737375121891597,-0.04858267044100365,9.87778093351504
47720,0.002365126114982281,-0.005184137460144224,9.624125420184438
47740,-0.09527824588816083,0.16140355822295352,9.865201875566314
47760,0.16680262535076365,-0.07603174258366764,9.766538074769082
47780,-0.16100417417827614,-0.03985649892582075,9.602228484619445
47800,0.11887212490947356,0.07417600976327557,9.789089580205456
47820,0.08366899564853944,-0.09013657728063562,9.843247118919876
47840,0.14049341372012905,-0.17639214030093073,9.79186932564764
47860,-0.15738062868751335,0.07223244801661599,9.99773063288334
47880,-0.08676193321509398,-0.08718202318478002,9.869914711587274
47900,0.10625230199887287,0.17099170716506865,9.612693272934106
47920,-0.0031488866094935763,-0.1848503410979917,9.652085216128718
47940,-0.0676278727980841,-0.02660596601743147,9.809855435383216
47960,-0.059397239618978935,0.10212382589888226,9.763785991675112
47980,0.013501353903832359,0.11555990918767604,9.690744911902602
48000,-0.07843749715157014,0.1525223058125152,9.685001520230024
48020,-0.012192548634548701,0.21646419285883015,9.826769615731168
48040,-0.14140613486670414,0.14272722098694354,9.844413016135926
48060,-0.05719172333688915,0.06325813096203789,9.72293610801261
48080,-0.03982887098592366,-0.0529048502440415,9.808795566761345
48100,-0.214208109082547,0.03114373278640283,9.65432360021042
48120,-0.0773740425389624,0.019136459575130875,9.914185567534583
48140,0.16217361112789508,0.15040368783204394,9.664935985951622
48160,0.06569685100659049,0.025127139500214373,9.885627755009954
48180,-0.05541771834857789,0.04642142234213678,10.05370042992434
48200,-0.012174916030809717,0.07106035025694155,9.866820465457769
48220,0.01832914013252052,-0.05710306255165779,9.80714064553846
48240,-0.009952937754618129,-0.021910628187240877,9.946813227929674
48260,0.0017429283538954255,0.072499749693432,9.834581628019484
48280,0.04987415178181258,-0.07206541139894504,9.966949433563764
48300,0.07039146409378391,-0.042685261553946495,9.74569305185458
48320,0.13835724164527524,0.05227750526285361,9.741066373850241
48340,-0.02834692734262678,-0.04573084993815915,9.683358059099637
48360,-0.04363995932327619,0.039701686161516356,9.790060877681805
48380,0.057653981591489455,0.020708432913331867,9.87183337770544
48400,-0.17291444763136168,-0.166811484292209,9.97486643060016
48420,0.09514811044821919,0.03469191106514896,9.765151568864143
48440,0.05116710846756921,0.2302673207595593,9.75659070371254
48460,0.13157775686649542,-0.026087486495533614,9.94828058743711
48480,-0.157301712042921,-0.1739748115190709,9.751563839213034
48500,-0.2384066689689047,-0.03601153534788492,9.716937928357657
48520,-0.03308915562979776,0.15102166285792407,9.838578111531495
48540,0.037413688673410724,0.17473851475065877,9.759894170547518
48560,-0.07545806727881234,-0.010809130323217323,9.734603655167705
48580,-0.003039358965021146,-0.07822129620739492,9.640877657877141
48600,0.26267349783938887,-0.09342028006096945,9.741890310512783
48620,-0.032576803293497686,0.03151049474273129,9.836466384847832
48640,-0.05943878756394683,0.013306971757316488,9.773362072025014
48660,-0.13329906276696066,0.07826966217001335,9.869891136850915
48680,0.03236601750284862,-0.02035101755743614,9.923485136719343
48700,-0.12209166542182603,-0.028522415749174017,9.868586253679194
48720,0.06024738236239696,0.17993053362652198,9.883899391768608
48740,-0.25775830617348344,0.1550141244050527,9.831048766634131
48760,0.007420360100198072,0.001610608266106251,9.744505897958492
48780,-0.21496115420534712,-0.017002770938927884,9.77363620539173
48800,0.12487071255126642,-0.2027473461132255,9.941699054232526
48820,0.07840863602465845,-0.0799657577694481,9.712751268985766
48840,0.11689207272691263,0.153757454962778,9.460375895964573
48860,0.008789204125641239,-0.08714351315975587,10.006756519687153
48880,-0.12443837545571743,0.03439838465410003,9.933792418200822
48900,0.10285056972913888,0.19418586316306394,9.731332727919186
48920,-0.03766722496398777,0.17687915196691759,9.91864189817094
48940,0.15410177961517885,-0.3084313887679883,9.921332497810168
48960,0.024959763990292025,0.01280913790244245,9.640169326922916
48980,0.07385619193691872,0.005065042315751972,9.622868354367126
49000,0.006652526200971591,-0.08353392539521748,9.739797587766528
49020,0.190944679578689,0.022875473374112908,9.706236503549446
49040,0.08778057614509081,0.014224949989119152,9.755545899947093
49060,0.38835767943159566,-0.03308113177191121,9.840266313180331
49080,0.05965347352640276,-0.10867265298773253,9.85757365498167
49100,0.10806949906249248,0.045904409489881684,9.807678921217388
49120,-0.06282456978336773,-0.16580215111056368,9.841602017312216
49140,0.000319021875295823,-0.052163931082793394,9.59161789839965
49160,0.009548355866439083,-0.13111998449705747,9.731275574654319
49180,-0.212120742115284,0.034119856713739044,9.804014082073271
49200,-0.04409836324090701,0.12683980838972253,9.652133824076305
49220,-0.0045337820638452824,0.16816258503803688,9.914096327722378
49240,0.0020763597798210583,0.020575416295879594,9.742038635785683
49260,0.018144027863118223,0.1259822097201843,9.63364300195156
49280,0.02332989749090773,0.13300980436963836,9.623410245158047
49300,0.02368912775576065,0.10142358085189933,9.939041835191897
49320,0.009441919138774676,0.2144768978641997,9.921069828120375
49340,0.08432106087693503,-0.05445414803205992,9.840324709898844
49360,-0.11765108415323929,-0.044301802776273214,9.781564894158281
49380,0.1517106783999349,-0.19770702255616673,9.795473964075331
49400,-0.08829592425900323,0.02975601929155027,9.785633901979416
49420,-0.19162321986500686,0.17874298632267338,9.766441907466374
49440,-0.11193827110159894,0.10744655467401672,9.62234827649213
49460,-0.1186415139698262,0.2818229133899464,9.80264575095981
49480,-0.1334987164136386,0.16674965923647586,9.838004969962189
49500,-0.12450065060684062,-0.21232668901933674,9.641341979337344
49520,-0.05769382599386874,0.029413154209532912,9.987005634018551
49540,-0.07826189063226331,-0.21904473582987113,9.64686171616052
49560,0.006204079176577432,-0.05371841454011173,9.747524279903832
49580,0.1529818037585211,-0.015494013736272924,9.833687561654266
49600,0.20504255665711926,-0.03012535304392847,9.892767959972382
49620,-0.07563482989762622,-0.06385947069980119,9.628014689178894
49640,0.035429499057232035,0.22107665584933878,9.961259746783742
49660,-0.0015380587829754851,-0.11328799820715972,9.76542519586323
49680,0.02952589119390199,0.0868423098263595,9.855344296966573
49700,0.03837268450932415,-0.16319527075100468,9.86967075204508
49720,0.02872091638299257,-0.033608766474841206,9.74419368674883
49740,0.09864608409013535,0.007895016666541655,9.875248760165169
49760,-0.03780749902418342,-0.03381956284422833,9.905063901428738
49780,0.016217454353938746,-0.14268612705918632,9.952974072005942
49800,0.08065561030838908,-0.050485639287891626,9.77286779030593
49820,-0.07180744797564131,0.03272723371447976,9.717860951959574
49840,-0.01686905567234931,-0.09261180038544653,9.8991163660117
49860,-0.06732629992137422,-0.1339098954628699,10.003787549016982
49880,0.021805569025530342,0.18664036114036833,9.669742254828412
49900,-0.13167548420068506,0.22149310023072005,9.884724424954667
49920,0.06809882838897452,-0.04939850113478664,9.887678763376782
49940,-0.049723519732645334,-0.169510209016238,9.682639353992823
49960,0.05598068056094476,0.18956671824458574,9.80428624122218
49980,-0.05235190377097419,-0.08413540149471106,9.776674607356584
50000,0.10453446088912767,-0.04587452914228332,9.899619055779876
50020,-0.014979451516879244,-0.027518974812994465,9.897356832245341
50040,-0.07803660133401442,0.0739599459259595,9.773651216042916
50060,-0.1226566626794613,-0.20162731016492985,9.643977424681104
50080,-0.012816936190232275,0.15339685395382735,9.721472240824074
50100,0.2064382721187956,-0.0028277854597486556,9.748897312265962
50120,-0.07276899676076347,0.048542979617562154,9.505379393844278
50140,-0.12278932442679659,-0.11687133474668536,9.906626570695952
50160,0.03557355352908383,-0.10551935348406861,9.74300012945066
50180,-0.06955203710463773,-0.20806851770311693,9.961489940825942
50200,-0.1095226924159769,0.1682520269127213,9.58857954949645
50220,-0.07214636044555779,0.04902372509939127,9.720048155285482
50240,-0.098199386398163,0.1532063749329643,9.84173508825731
50260,-0.024506698682968727,-0.1133307191909581,9.849615841364798
50280,0.14848300098716313,0.1183036788371522,9.501717453228775
50300,0.02597609357432336,0.05444504388305813,9.69216778034132
50320,-0.1594217864914507,-0.09111786930906869,9.80075623423725
50340,0.18817266284112696,-0.06912500019212157,9.787444898839064
50360,-0.0459212771007312,-0.10045016768333885,9.670071073460518
50380,-0.28087495124160655,-0.06768203146489947,9.920368963892207
50400,-0.035655826015861876,0.1777374908128557,9.882751872271047
50420,0.2587879210219127,0.07353998372829362,9.762421930774185
50440,-0.018497087990177286,-0.23899985024284967,9.53235560883571
50460,0.05002801090699708,0.008193415388327302,9.951404817289445
50480,0.006173273149669422,0.1418101408319793,9.800660587803312
50500,-0.17346551933690604,-0.09477905012391796,9.964725462299969
50520,0.3085055622809145,0.17744166603069564,9.713535205567165
50540,0.19949354479580628,0.07248918146531245,9.872160736596543
50560,0.15984809909470635,-0.2204860790761482,9.923254773800162
50580,-0.10959454707085396,-0.0747934588435155,9.436622916970896
50600,0.04031711222266819,0.07156453027127944,9.83650308838899
50620,0.18394096061525372,0.018646541777548063,9.551347092809227
50640,-0.02820816080971479,0.010622852822372767,9.729920392881903
50660,-0.059480602641939335,0.01432014330630595,9.893013832304257
50680,-0.05978791939261182,0.02787429843301073,9.642753932299723
50700,-0.13956852306970446,0.20342507198631596,9.664380816555447
50720,-0.05892231239709792,-0.1656138636443741,9.753444798138064
50740,-0.07208987396760902,-0.177639788314607,9.776983724990304
50760,0.03550646593836573,-0.08922720885466445,9.98998469990654
50780,-0.09958926453010808,-0.11686312208386172,10.02958676232185
50800,-0.05980800238421066,-0.1607685863909029,9.70904543387826
50820,0.03503510120495923,-0.09238693440979769,9.815459385303573
50840,0.07782769812217392,-0.16259565157345482,9.761961716973309
50860,0.1779654467160127,0.09051500509621287,9.811686328628367
50880,-0.015849624155961403,0.05176311791296488,9.703405111593277
50900,0.08533962668376863,-0.1309168444620925,9.936223179078024
50920,0.037672526323612815,-0.007916413010176577,9.92386401226501
50940,-0.0005250873370516054,0.00953123062839312,9.683680560359923
50960,0.09005230779869394,-0.11496919618957394,9.80144343722371
50980,-0.08672959018731845,0.10198680226989765,10.000610194489132
51000,-0.05011428399730265,-0.08714105135677931,9.743062685554838
51020,0.056921278317731305,-0.11947790347780236,9.754566179855564
51040,0.12134368645006588,-0.040678239738860526,9.769255492143223
51060,0.05351978547615427,-0.09980779654538323,9.757918376520745
51080,0.04153712365535392,-0.03256585111782739,9.890548060278661
51100,0.030626777357405856,-0.018359653422573296,9.85202935839626
51120,0.12793660963459647,-0.01225862055452583,9.75361229948801
51140,0.12407242853972186,-0.12913818464744428,9.773364194476962
51160,-0.01097862085851694,0.06451191292041684,9.713779703720508
51180,0.07329121199382775,0.1306202986010274,9.776220411828387
51200,0.06852279703946176,-0.13332725698519246,9.760625303012514
51220,-0.0223987782991156,0.10789237191444022,9.699550196233828
51240,-0.09919545214038483,0.20132296936837046,9.728590201633281
51260,-0.051784427343273855,-0.044172860882508984,9.776088413099025
51280,-0.09017781087615034,0.05521516128515126,9.736164097981066
51300,-0.1614851781509569,-0.09001072426990941,9.7803512119239
51320,0.12142845802203973,-0.22011548254891547,9.980103034601576
51340,0.045343219363098965,-0.034395950359885304,9.639166218236964
51360,0.009889370650638553,0.007941912313457712,10.062248609097365
51380,0.12154694934641024,0.08147655601339716,9.865185872278454
51400,0.10703126117894925,-0.004747754803855668,9.693219230731922
51420,0.0694274707347874,-0.22546616275594455,9.795850553234192
51440,0.07458468072109874,0.10051412792088757,9.958903329442363
51460,0.18261304701834144,0.07649216930523868,9.648887110025164
51480,-0.10161379068664135,0.03528390441738144,9.669499130497169
51500,0.011628316247578666,0.031326212537854906,9.853831952103535
51520,0.02489110554031493,-0.040236941313120105,9.778164455809678
51540,-0.08143305436777672,-0.06663958138501325,9.68957177623692
51560,-0.03175737570589744,0.08785848287335361,9.74915095239213
51580,-0.18667986519241123,-0.08345265114590006,9.840149794159858
51600,-0.053123122914312246,0.05299425870336228,9.854694087725893
51620,0.018898329930018245,0.0681192187845377,9.854362149552951
51640,-0.07435426689642063,-0.20350728460979886,9.569566162204223
51660,-0.0012152161560618911,0.13561090929055628,9.691400313213865
51680,-0.06431940039416661,-0.11234687945340673,9.924745729845212
51700,0.148896758344609,-0.21323720906638316,9.702817815665354
51720,0.09467114457746159,-0.06519161613123402,9.655901893836868
51740,-0.14100261364876315,0.04548134367738683,9.835493033261649
51760,0.07809628419830945,0.09433339069387889,9.843086379421251
51780,-0.008922807404412458,-0.054303605981138814,9.817170196514793
51800,0.08750073800881218,-0.03713355891630952,9.816038932953687
51820,0.023881038032590073,-0.10994087238650072,9.97570295737723
51840,-0.04966263978646145,0.12227797166887482,9.811628400483396
51860,-0.05082459133759812,-0.1845350581650394,9.972380498720558
51880,0.02013380075149159,0.037496608048844096,9.654007861345184
51900,-0.03618726473781898,0.02649333150101368,9.745498456224189
51920,0.05377893634846438,-0.07092955547857435,9.737584642494681
51940,-0.05702377340504642,-0.0257371015610948,9.6869112380803
51960,-0.1560938837825651,-0.022393617992889702,9.704454827605375
51980,0.12821396693473025,0.05459826180324662,9.840720447263728
52000,0.09317965497114368,-0.05256208479871873,9.658796304709782
52020,0.18142581458446377,0.10467050662975742,9.559754070338338
52040,-0.13218538752317954,0.03045677406528835,9.679135727640546
52060,-0.0034237681693189276,0.15740877997593722,9.980397066589147
52080,-0.09602823637153435,0.05677207682735759,9.97517764402882
52100,-0.2912831281966934,-0.014381703736957909,9.967114482149727
52120,0.16648182186364868,0.1408884607959789,9.64172490884226
52140,-0.00936858230119935,0.12337736810095151,9.796919435654093
52160,-0.08661361700736846,-0.009899323459205786,9.762945435339086
52180,0.07368581378766847,0.17084908816815508,9.667635120064382
52200,0.0012527865204903735,0.16644733620972785,9.766077447273576
52220,0.0961381736902803,0.08323552292887289,9.636030837403782
52240,-0.0664734216684364,-0.003864147735588425,9.676183674613519
52260,-0.03566131239312494,0.11006815893741081,9.866631945233559
52280,0.03464899355064375,0.1469741459578306,9.888510512225752
52300,0.07453436587405758,0.0029315437383648528,9.731582966136713
52320,0.18901454813699772,-0.10992437274908845,9.831067329224622
52340,-0.10630837282139613,0.0072664500689230424,9.833523443141663
52360,0.060789509736193174,-0.2018420060062202,9.791408414528954
52380,0.01614747641609047,-0.09080760025581111,9.78549477719895
52400,-0.19484968970186692,-0.14671151231872923,9.87484339361656
52420,-0.20525676130379783,-0.03559814078623238,10.041458417751262
52440,-0.03271819361212199,-0.14633644318388314,9.685779103957
52460,0.08494088989408691,0.0809104180361563,10.054531020752458
52480,-0.040186813781377236,0.023510321842153233,9.828039927400622
52500,0.006071486480561283,-0.07539000675373292,9.558455856234136
52520,0.15673153046320565,0.032771096520820504,9.842137605993772
52540,-0.005431788861885896,-0.0429441659008055,10.093752472861558
52560,0.059279147288550556,-0.17817734112859285,9.682463588526161
52580,-0.051250529285591,0.14113525195091167,9.93400769727891
52600,0.09124916093667533,-0.05360536163227645,9.870926019456958
52620,-0.14374108114536152,0.12286062995775923,9.88732208682861
52640,-0.1624862239925202,0.024745632436457898,9.841777227216511
52660,0.040791729473634415,0.09384019593183837,9.68982132931252
52680,0.21645589008904542,0.043799697454714404,9.886971648530642
52700,-0.11115927086327529,-0.09258794709822914,9.801481996730754
52720,-0.3722527560289053,-0.24038608972836428,9.68005482066844
52740,0.07608957831861733,0.10518963064731121,9.715551544783704
52760,0.20028266058344757,-0.020054098637476092,9.72249849602307
52780,0.1329157787369601,-0.07856680520061057,9.700899638288602
52800,-0.14458094227098256,-0.07290979253278795,9.812629080997365
52820,0.010919634170769934,-0.2053370128719697,9.871189233711045
52840,0.022117432973968894,-0.0441459729152623,9.851066681071227
52860,0.09083980104902385,-0.15989241799463752,9.985241277612
52880,0.18847487572408167,0.0012458621695062228,9.831547604043614
52900,0.07207057690388015,0.07613976624927556,9.837456932222425
52920,0.0717625126756722,0.18934049433031566,10.06843896487148
52940,0.08026635246338253,0.24962847003173472,9.7072459833358
52960,-0.008742867475551315,0.1324114629287316,9.946458909691637
52980,-0.21738015579477846,0.10950706252608791,9.73997746623857
53000,-0.05264629809136957,-0.02367571341814412,9.705420391600663
53020,0.04962713602170549,-0.11003202397099436,9.665233913829407
53040,0.0751817040482996,0.08182901834966572,9.611922227208339
53060,-0.15175802901902102,0.08410503264613997,10.071971692889452
53080,-0.11714932184470414,0.20829736181101077,9.730663769403021
53100,-0.026132325212848345,-0.08909629456513428,9.852327568219662
53120,0.060699637920341144,-0.11215450975557971,9.563504445389182
53140,0.07174636519772001,0.05626120176799531,10.041661302120025
53160,-0.037187828101568114,-0.08243324387249949,9.679073871014136
53180,0.027490267558722213,0.1084130154557526,9.891488230896751
53200,-0.013644151282094211,-0.16614677241545858,9.783614129926594
53220,0.05486634300183455,-0.10961299945973241,9.974277520080278
53240,-0.18581402527764768,0.2287347186261511,9.80672200468746
53260,-0.007426256797989545,0.03065839373091777,9.906285978147162
53280,-0.00992589957639622,-0.08812447030528743,9.819776124610557
53300,-0.025458161097930747,0.10476550447653506,9.760432999841598
53320,0.08010019557447064,0.09085516441096529,9.72428717678345
53340,0.2170612008984021,-0.11782550793381662,9.701509182352277
53360,0.06994920559908487,-0.08992882767600008,9.707275739517678
53380,-0.12404654074467764,-0.04897890611061217,9.942413315360286
53400,-0.00801197752436024,0.1757917123099217,9.807229857489464
53420,0.10367369484777454,0.13480361637820995,9.932695496331942
53440,0.18959392989894785,-0.09630800249863727,9.940243239508002
53460,-0.048162648396656293,-0.026723724098920203,9.738111681863009
53480,0.05043744017556212,0.09247586301099077,9.911273977673734
53500,-0.0031976532676687543,0.1884464109645545,9.862994379252656
53520,-0.07330302320205076,-0.19874087920036165,9.63580132478508
53540,-0.1166841074935151,-0.17263801968392442,9.6756714996313
53560,-0.0854179661917376,-0.06196642509074777,9.828016330394215
53580,0.11281621640370491,-0.21243191944755124,9.746585311226985
53600,-0.0021973407100540996,-0.027143236830032363,9.910135588583449
53620,-0.08453173317296425,0.028499669419925794,9.899761880423332
53640,0.10244576479151914,-0.019314860418203485,9.949469596633914
53660,-0.08161750493651211,0.02387859762332618,9.810850339642824
53680,-0.15986470764888172,0.05270257695386961,9.727660303048003
53700,-0.028815731296533444,0.10465928961620635,9.834817500406963
53720,-0.016626178353183103,0.10180400139240879,9.840232177496405
53740,0.09845488449729213,-0.09209722034570597,9.853113121212525
53760,-0.237943934734969,0.20323933889530132,9.807140989544546
53780,-0.15961934158345256,0.08851254445275825,9.701765720050926
53800,-0.10096381859526866,0.04459979841388209,9.916020709024453
53820,0.06486755397501952,0.158273920933735,9.591151136506996
53840,-0.11306759212131047,0.22565078302286057,9.659957460835296
53860,-0.07817764973868002,-0.03241713980950582,9.89006950113166
53880,-0.25789534891086957,-0.13796496957835316,9.791856043689135
53900,0.010077979185816493,-0.05724743187346292,9.749851762311367
53920,0.1719750641001505,-0.22958839724801733,9.728707876972663
53940,0.005616354588933702,0.1395013986544057,9.784455914461468
53960,0.2436270648077276,-0.13058569674718126,9.737117419752883
53980,0.21100614196464568,-0.18196060044733087,9.789786543042458
54000,-0.06511986567103989,0.1266949127010017,9.607055423785141
54020,-0.16836035030206922,0.1148170208058883,9.970428397791746
54040,0.057332359424465365,-0.09508236296574336,10.004796172932108
54060,0.3077482660385331,0.013958457445078303,10.099882681513758
54080,0.05126211930296314,0.01534384073931403,9.808965111197532
54100,0.033780398099303076,0.11730662386112826,9.766770574218974
54120,-0.11854144530237985,-0.03631954451779915,9.823498670802095
54140,0.000958478718790172,0.04701722754414535,9.694233230913113
54160,0.1512434709400881,-0.03301245265938073,9.845533680885652
54180,-0.040649520080156265,-0.144352852807993,9.794420401923038
54200,-0.14820292435971222,-0.16659474491213844,9.776196794027571
54220,0.11082972526598057,0.17965717551228635,9.701240533495522
54240,0.013212499365908808,0.055684962445464385,9.89631069498889
54260,-0.10396096214657098,-0.10668028152217063,9.779427236712277
54280,-0.20758718936119347,0.09098909416277122,9.859980088634403
54300,0.05000860743848391,0.17629702155026583,9.733708688459751
54320,-0.019359936470869785,0.09065013141324012,9.805826207175247
54340,-0.022114279753474218,-0.07940880937994052,9.732689739682712
54360,0.09617485890335925,-0.029698827150792098,9.663939503871505
54380,-0.08506471532227752,0.09278663243806229,9.69192005231556
54400,0.016703321014542565,0.19254974588147664,9.785977087472075
54420,-0.042001421717503505,-0.09849313149819976,9.82651802782516
54440,0.20289197838916145,-0.09022560972392685,9.797031700434506
54460,0.09076437452295304,-0.1713102297268366,9.679211366482004
54480,-0.21296798362621275,0.0641378261675129,9.860943189238988
54500,0.060298146110389646,-0.1298872278665826,9.498958644936181
54520,-0.08498460770684706,0.05753639878641992,10.050131370259516
54540,-0.08457178307638279,-0.16784634890039712,9.790802015375741
54560,0.02727211213578618,-0.02584688587970301,9.717245399840401
54580,-0.024137304326665672,0.20922743132474028,9.896473117873274
54600,-0.03489294588352796,0.25064761673528446,9.793664461118249
54620,-0.11786652119537785,0.010210397435568747,9.817685295720908
54640,-0.13951511557634388,-0.008824400168123,9.97345199089856
54660,-0.2261259435692914,-0.10094893827320832,9.741263776250166
54680,0.10091412458866289,-0.06034834728074952,9.850437205947866
54700,-0.11582164650600177,0.06852686406738322,9.74289263150515
54720,-0.1272583543816814,0.0771008550533026,9.870140155418603
54740,-0.08228196555843426,0.0692883192401693,9.735752681510117
54760,0.17040897905694646,-0.03140789244405525,10.107640941370635
54780,0.2666806299498305,0.14412299416664992,9.889453508564305
54800,0.22672917561695016,-0.04506857126999775,9.764922662932507
54820,-0.03633571233346552,-0.1618466175672498,9.684480314181295
54840,-0.03839439619400189,-0.0189504483672309,9.867459097036763
54860,-0.03402834983202845,0.04199761340454055,9.813513592599644
54880,-0.02114820439690708,0.17582366536852087,9.94225001735716
54900,-0.16579757698776917,0.07977362782606814,9.942690977975733
54920,0.16586735119881288,0.12067792532722911,9.871040861707309
54940,0.2415677239970243,-0.10454119678831984,9.772937772726063
54960,-0.08431280522378479,0.032994472709282796,9.630840595899294
54980,0.02605207440097912,-0.09379780979127798,9.873277293530029
55000,0.019704240290781216,0.03087200242680049,9.807346592146008
55020,0.0039326180068377,0.10953789772990427,9.953254673861487
55040,0.16039907403941725,-0.06338100095699767,9.940249002473601
55060,-0.36400051299065095,0.1527618225344019,9.601278806851568
55080,0.1360419271507781,-0.14799083881818584,9.78513130957968
55100,-0.2777067736743004,-0.14485954588503935,9.658765694860683
55120,-0.23352552850759903,0.020613168213809378,9.745082108581903
55140,-0.18655233108678604,0.02804015751055723,9.872328471946428
55160,0.016126264881742316,0.003034205796753245,9.920953140688583
55180,-0.11089164949462949,-0.10189385202809677,9.641321304820137
55200,-0.02654551723754356,0.04857734497732726,9.447674690552274
55220,-0.092010550253966,-0.014045660796236302,9.904802579690477
55240,-0.1406287976401353,0.14269686687576308,9.762610430454753
55260,0.10625732992316055,-0.017085870857125405,9.786695053755205
55280,0.1415621873148862,0.15592521882108878,9.76072191573512
55300,0.10274802205188778,0.16809493221276683,9.860410088235168
55320,-0.05872496263124526,-0.0016428962335305866,9.858475537011651
55340,-0.10243982953834338,-0.0675864749582181,9.82779517670037
55360,-0.19965272154798902,0.18050215036047124,9.814761207434024
55380,0.0831405111002117,0.0003728699228707816,9.788142718157118
55400,-0.20802862499009678,-0.13970296224849044,9.953357236148129
55420,-0.0020429519987508224,-0.13309520367778718,9.625009225315043
55440,-0.10172344004008653,0.16517824830668612,9.909677356242709
55460,-0.23120623275099228,-0.0645506821328087,9.972787071338258
55480,-0.05051547611419788,0.11544455556188195,10.024596285218212
55500,0.025634093600273085,-0.005247166010303722,9.976723246954535
55520,0.20837000539768336,0.22551408426905334,9.861986890816592
55540,0.06654283703575371,-0.06446709892154746,9.869185696982894
55560,0.0862388746484841,-0.0715148909079124,9.989532565976287
55580,0.1588923668415304,0.11779776920402296,9.935680666117399
55600,0.10605103591962518,-0.028762246782067086,9.606339258858704
55620,-0.059140079028515515,0.07648333700240778,9.818161705707968
55640,-0.022697778981456817,-0.04593953755141665,10.015889315812668
55660,-0.24852845941225193,0.08874379857201414,9.939607273075184
55680,0.019789112774534327,-0.03711452894916524,9.88309630959561
55700,-0.13229550816843783,0.123231006946275,9.834919472005692
55720,-0.13450803311642692,-0.11202883284496497,9.898957583303517
55740,-0.20932436297278384,0.25314590341332527,9.894889285801138
55760,-0.1429829195572949,-0.11522763437462598,10.138156961236295
55780,-0.17816565571166243,0.051837727625702455,9.819261672939765
55800,0.08488803225130864,-0.13637816989372675,9.705820497787403
55820,-0.0046698954831909945,-0.05071570053180772,10.022686832598625
55840,-0.02294689412289907,0.055043610316628404,9.765422566388356
55860,-0.06907417343428447,-0.07203955144451714,9.356242390652062
55880,0.025916329604923075,0.07653840398121038,9.727002864646117
55900,0.05663463280920961,0.029480251364320007,9.900858965266142
55920,0.12327615687305864,0.16221769786113288,9.738385227237018
55940,0.03314435566348977,0.13763764032679524,9.867922679261742
55960,-0.03899528804519626,-0.13943277181472957,9.878610416968304
55980,0.05814377369503418,0.07838656194007478,9.940169813341603
56000,0.04160660078550606,0.018755991338690572,9.764443029282466
56020,-0.028218673817388084,-0.17184447875458977,9.844313393023594
56040,-0.16649944183640106,0.018055214475508445,9.763507197048236
56060,-0.03762782890055794,0.01682604808780247,9.85033893602177
56080,0.10516344083292549,0.2571510712570005,9.870451569353731
56100,-0.05458074187605262,0.0961953743762696,9.760943661212218
56120,-0.034877089828183376,0.06445484594957263,9.992098010167817
56140,0.26046848468068656,0.04990761598270048,9.96377210014317
56160,0.012089309324204642,0.11935446218809712,9.836658234237499
56180,0.07463096176571471,-0.022912053623782076,9.874995022488209
56200,-0.013591248424563105,0.022726708717779237,9.61958404885419
56220,-0.12161760395600277,-0.10110905921726387,9.849053745339043
56240,-0.02437645386849789,0.02986074929036142,9.674022643010106
56260,0.06077244922801658,-0.1644400382238347,9.777345377435562
56280,-0.14028478190924343,0.27906040923237074,9.786876473174807
56300,-0.0024420946740417006,0.0003592040631679097,9.807960150144579
56320,-0.18673052195851805,-0.01814283231930971,9.86326490630573
56340,0.11724320344650468,0.08851321830707976,9.75115977072694
56360,-0.14019940684118273,-0.04960736280731472,9.899636031837195
56380,0.1535964273345629,0.1005659187892331,9.833411607960395
56400,-0.035934172269209266,0.05093219045482539,9.562235288551452
56420,-0.1502088823091424,0.06031004227247772,9.715149447632259
56440,-0.012316520121061445,0.19431105373120713,9.884076480889796
56460,0.1454417185993193,0.11007300284650375,10.021487151211677
56480,-0.12815710816302728,0.014255874140232237,9.686917467782836
56500,-0.02914846582600183,-0.1553281005871008,9.905981006026453
56520,-0.13564680276608082,-0.09704043055225603,9.596444706739051
56540,0.04088667656233366,-0.003229818741122643,9.98051685863267
56560,0.18067238274669736,0.015279249357445865,9.854770000838286
56580,-0.06602923687396287,-0.27302463538132676,9.859413450580044
56600,-0.01997217390939397,-0.07915115042211993,9.794794136421949
56620,-0.11795419432291314,-0.058779800023071746,9.70745488455855
56640,0.08586367549014434,0.04993442409502337,9.775932256782434
56660,0.24317851431402543,-0.08279297081550821,10.064995812065536
56680,-0.019778803880581116,0.22192691503679995,9.743351511748795
56700,-0.1191813663288391,0.1103034162042799,9.952521963831751
56720,-0.15365611874944501,-0.1134961508249101,9.754894104798295
56740,0.17443557969977128,0.27068698495949406,9.794643272066011
56760,0.11999069868992437,-0.07843399352161526,9.656484963899516
56780,0.18835867744754803,-0.1717839120383943,9.657410835457377
56800,0.05095792066131834,0.2618549654807476,9.934019070122616
56820,-0.04470868371567837,0.034662728327023766,9.71714018506759
56840,0.008964032483009865,0.07866154737823387,9.7832117320631
56860,0.03462006885665114,-0.09230648654798274,9.915617982499358
56880,-0.13940098808770762,-0.05413762118770567,9.653594291990387
56900,0.0879981893675831,-0.0783485653730516,9.843399221090694
56920,-0.05812920888429699,0.08774318905272459,9.712698380736803
56940,-0.10312344123478176,0.08148653783727297,9.574786944138406
56960,-0.011857048144347383,0.09345399097846739,9.849533924175251
56980,-0.038528515676892,0.07974060607772081,9.665868764714496
57000,-0.13407796763707394,0.012684870339326264,9.93413277152858
57020,-0.1440246239523158,0.42734210236634784,9.858534422392468
57040,0.07183350058621783,0.010224632936577266,9.982545906936204
57060,0.06170107249172327,-0.0893959143990544,10.109309529294395
57080,0.24889594510754107,-0.026237773785204567,9.820867903715298
57100,-0.046473626865778335,-0.00013896274490615934,10.031654839673998
57120,-0.06531043479263196,-0.02999120800733672,9.569546886081932
57140,0.10751967180466844,0.015280537300946943,9.7348477430218
57160,0.04149538802489436,-0.23075680430776271,9.96849571773984
57180,0.2449637640014332,0.08870201949176959,9.73897904793252
57200,0.054770890455853295,0.28787754770902496,9.662599497071795
57220,-0.03148656179035893,-0.08466898517392041,9.83466788521484
57240,-0.1569360435980308,-0.052593258731008036,9.716272983672747
57260,-0.05106374472266545,0.12933984283181854,9.978270125475683
57280,0.06445819934772867,-0.13952900770579488,9.844720826376198
57300,0.019258232144813058,-0.009506738643711963,9.961354113510865
57320,0.15520562788286882,-0.05913137128208694,9.802662145733166
57340,-0.11640402921019634,0.018219956273692196,9.67501461296093
57360,-0.0437991947649484,0.09576569286285247,9.999170085888416
57380,-0.364960451646355,-0.01867101558465745,9.920072667650416
57400,-0.17496672838136199,-0.08227005289498467,9.857102483929895
57420,-0.026140502773901658,-0.07606061106728144,9.692538210596561
57440,-0.08271283844829423,-0.08880642718783753,9.840841515528098
57460,0.1818632908502059,0.3037387461064743,9.897315818824637
57480,0.2045142608737403,-0.1535000786833309,9.82991985843934
57500,0.14206920657540564,0.11050234641596011,9.898698099882195
57520,0.010683551494541208,-0.04093130608317829,9.767245037569536
57540,-0.06731696562312009,-0.16346475520432574,9.902353509292498
57560,0.11441591773814255,0.02278770079981412,9.60166809571251
57580,-0.13643981680356282,0.0065149794505222555,9.744881120689344
57600,0.06826195805503574,0.10482759001480761,9.80789925711022
57620,-0.1038621780924225,0.2574394791881431,9.743106588931353
57640,0.12765984992891616,0.0034353505464860814,9.88713988892123
57660,-0.09688357647880433,0.08273660122985604,9.729254434535072
57680,-0.05730249791658194,0.04335372377326464,9.912206446963566
57700,0.05890535503686273,-0.11905160829901203,9.647660125212562
57720,0.005821195176215216,0.00825534532953933,9.731667915613713
57740,0.08954399174783076,0.02623726525295415,9.73983450776201
57760,0.027051432228225446,0.1404761708994274,9.823475529863618
57780,0.09329772427905343,-0.16595003768626598,9.659990768865049
57800,0.0856079827688423,-0.017656902924303223,9.759502114272916
57820,-0.10656543341129242,-0.1065408358745694,9.700439091995579
57840,0.12279377651910495,-0.14654456189232185,9.923608732188669
57860,-0.05902279113721469,-0.0362977816380424,9.81518984384047
57880,-0.1191843938444408,0.06298857856115833,9.743336779966517
57900,-0.07322970647603025,-0.03596847320306722,9.759928401895486
57920,0.12767842356775502,-0.0024300016031119907,9.993392180679686
57940,0.039477246364607456,0.042082438780561934,9.794909680473193
57960,-0.07478569806903737,0.012442284477786792,9.909115173873952
57980,-0.019007823912998902,-0.10962760695072651,9.50904479567492
58000,-0.03866749547134461,0.09991148373582978,9.777464457956128
58020,-0.14789020928869925,-0.11751611232795399,9.719059021664343
58040,0.2647041252413298,0.007709127832124451,9.63159408343469
58060,0.08053912873499867,-0.09032350390778283,9.818935826936785
58080,0.020660286586711266,-0.009056675342342056,9.666443047577587
58100,-0.053980559693092726,-0.16577835377685993,9.894264367487922
58120,0.02075358746175589,-0.04175286307291708,9.9186463991382
58140,-0.22015937146398218,0.06915463171989086,9.736726091571468
58160,0.2906710929992951,-0.13052160548034608,9.993481450046023
58180,0.0445224959323482,0.1051188242151941,9.804108335501367
58200,-0.1574527986163395,-0.04772939026460477,9.979605700919569
58220,-0.2762216581824711,0.04091160488952978,9.939330425363748
58240,0.08981453886508166,0.057364306863006295,10.07700926799044
58260,0.06007112091596974,-0.029360728783138695,10.020984890044266
58280,0.12726342240410135,0.030387374086499545,9.806860672544945
58300,0.15914566507791023,-0.14032500442448775,9.916204955911489
58320,-0.027639847093155635,0.07854713862259632,9.821933412850493
58340,0.01217200123508982,-0.10629983126887052,9.815668192630584
58360,0.13825227454311176,0.15862972899481703,9.94645876346817
58380,0.031731916352560056,0.20823407033069893,9.858846326131149
58400,-0.0008144653994096454,0.08341746773906132,9.764073692250095
58420,0.030984624000604546,0.08952752337110703,9.676868554491488
58440,0.11880107565214622,-0.02346829795116395,9.790140157238856
58460,0.058337435643928084,0.0815650362987551,9.924546113570496
58480,-0.1410016165477651,-0.05380543824216974,9.821927960252026
58500,-0.06531902203527548,0.10348055367241236,9.742051536706038
58520,0.13405107952502182,-0.05608429190100732,9.879553588014918
58540,-0.1699018425244177,-0.08859235328035271,9.772582161844168
58560,-0.13072016966433742,-0.08856871808356327,9.813759592746349
58580,-0.2223353283803604,0.2320824118796759,9.857554719328306
58600,-0.24699495267806382,0.07528773165648171,9.891294770783936
58620,0.29496615521712033,-0.14912952904631846,9.672737864296892
58640,-0.021767595220361587,-0.010435431810916117,9.86190044208388
58660,0.15485722506406913,-0.03307368403673225,9.81198476779426
58680,0.03474591188008506,0.09157996275528095,9.917636938641149
58700,0.06654107337008075,0.07136341164738409,9.743985427570294
58720,0.15777586023988874,0.2446279715359275,9.627549013106272
58740,-0.26146247356652597,0.05684537884888233,9.912624259649945
58760,0.18437101574633588,0.06358030380127525,9.903853680004358
58780,0.03416041852915746,-0.04600997497622998,9.633687516537423
58800,0.11131806906121271,0.09098070190639186,9.840353086227108
58820,0.015501212940787254,0.3171002853452185,9.607026067996944
58840,-0.020465136253472235,0.174458801694307,9.916226367668166
58860,-0.2154493935290082,0.21591905279316684,9.782257209472627
58880,-0.02569378767219707,0.1286572111959689,9.667084214785252
58900,-0.027054634723369272,-0.21914275794813431,9.88773210763181
58920,-0.2288919414581332,0.022884513580423774,9.829395572645923
58940,-0.16590834285995495,0.12976647630294597,9.729296131838542
58960,-0.04673370667166133,-0.07261899925192976,9.847786871569468
58980,-0.006572200240345146,0.04030447861054712,9.802602057900968
59000,0.022846499467846268,0.13373788526317515,9.860181217019294
59020,0.08939050632205081,-0.18393814740001493,9.737809829642782
59040,0.10350500269945336,-0.04630201787220071,9.719902844303661
59060,-0.08827877610929193,0.1736177014155212,9.896060043137368
59080,0.10601611400238514,-0.08917712489233501,9.685214807993557
59100,0.09079011283019964,-0.08260611235771419,9.815285219843735
59120,-0.0004150805331065021,-0.028379826074780363,9.739876388566573
59140,-0.09336188458859704,-0.03369900894036164,9.762444139704511
59160,0.09023310275841018,0.058406693992925106,9.765006703976482
59180,-0.09433808459406154,0.06530036721815764,9.676288594254697
59200,0.07494040938560932,0.008697504606816694,9.723115587483132
59220,0.16586527568458476,0.23330160266520808,9.896678928517913
59240,0.08817433089789269,-0.22995221658307435,9.89748770383095
59260,-0.047307281235994134,-0.1602328331784634,9.98234919350321
59280,-0.06287353042101579,0.019519158482488485,9.862058370584048
59300,0.034991513855709366,-0.15776230509056077,9.945891740366806
59320,0.0768608173017448,0.008046743176552339,9.588227169406673
59340,0.038529208045752016,-0.1391000354423132,9.874737156609383
59360,0.1264779846539656,-0.1501917374764044,9.903236840720867
59380,0.2735417376450843,0.000497453439590183,9.831753574230506
59400,-0.055413598637619785,0.05554037505825101,9.907453917632527
59420,0.14374081904343936,-0.06053660432048546,9.864068867566292
59440,0.15156914159320856,-0.05717058875819416,9.784207523907629
59460,0.009337546713306919,-0.1120634363296588,9.86213047221344
59480,-0.13116480725888707,-0.001364585260172332,9.711215564296444
59500,0.03393992691700879,0.19905598411237016,10.087107818160598
59520,-0.2749543211383664,-0.22679597746989805,9.602118447458961
59540,0.03816645445950151,0.04838077297789684,9.896654509489023
59560,0.10778475575719791,0.11530323017739338,9.663730669641696
59580,0.16225949938895207,-0.00590038635460943,9.879171801983793
59600,-0.05369462966271668,0.08694751372734845,9.799354432741369
59620,0.0012945155904779,-0.029716920902831744,9.794360204975519
59640,0.24545187471411278,-0.014149278340709056,9.905258479089287
59660,-0.041652943403330624,0.07092964042297732,9.878556331749667
59680,0.12830032563814744,0.067658351423823,9.833176209697028
59700,-0.2022922785126325,-0.10286815724881207,9.902210660364059
59720,-0.15591505596394822,-0.03849855513313559,9.917833702374756
59740,-0.04107434028085687,-0.03897588158948537,9.805168006365738
59760,0.047808801657414524,-0.05843867530803603,9.949813610572178
59780,-0.0036004587653905677,-0.0913961132505799,9.610913535045436
59800,0.07194375830633809,0.0470986430121727,9.765027067160068
59820,-0.07174931812738866,-0.09903999294352406,9.911851257898498
59840,0.04745439254560512,0.020410271669575698,9.518302439238367
59860,0.008388531715975003,0.019512028862913658,9.68296646755287
59880,0.03063141176590586,0.13165866024804215,9.693398744816804
59900,0.10318761287718005,0.11747852480369901,9.979749407909834
59920,0.1982733102851111,-0.038182832861114305,9.694750157609125
59940,-0.21528619279838843,-0.07157099130432976,9.905667831530181
59960,-0.16188716387483157,-0.0896879280778443,9.769456754667518
59980,-0.08493884266224783,0.026872894201547478,9.842557406677665
